fecha,t_media,t_min,t_max
2021-01-01,14.975576553916028,10.7789982448964,20.03975873104963
2021-01-02,15.149145588502336,11.339499333034894,20.173381514026687
2021-01-03,14.798740733393117,9.939554518638772,20.17159273409061
2021-01-04,14.341536473200222,9.767856012665334,19.54320384169438
2021-01-05,13.494048089994237,7.807683316615055,18.870798058315188
2021-01-06,13.518184694339368,7.12031139319555,19.701112970896986
2021-01-07,13.946948105644367,10.272257868973497,18.882456374835215
2021-01-08,13.527570509469626,10.054386400225383,18.977572613645805
2021-01-09,13.715564441928677,9.490143533083085,18.170492415185436
2021-01-10,14.29639795336277,11.078904458264105,18.673707136305495
2021-01-11,14.319146710150505,10.099800243491359,19.048296807108443
2021-01-12,15.204088366842313,10.300163885411223,21.776173913702962
2021-01-13,15.342493508041741,8.504238085635222,21.717012713054885
2021-01-14,15.456942614229263,9.945277341119379,21.455515680746032
2021-01-15,14.82279750398942,7.773655401944211,20.828487912912124
2021-01-16,14.228205783720966,8.235672987737189,20.05851700199895
2021-01-17,14.04754874223454,7.0532664253972825,20.709804110590426
2021-01-18,14.0578009769672,7.143615481985819,20.804258201210757
2021-01-19,14.791335704044911,8.637366626569872,21.64645755563174
2021-01-20,15.40848562318422,9.17807816720125,22.14843276075021
2021-01-21,15.660217342700207,11.991940092832749,20.921898266679875
2021-01-22,15.680263443028082,11.692446097645472,20.443821858332228
2021-01-23,15.531753014563492,11.070650009582039,20.650003793358735
2021-01-24,15.486315557837429,11.646988262052332,20.100500542152133
2021-01-25,15.29064732726033,10.00147569910854,21.62895537126724
2021-01-26,15.502437726346784,8.437571701616434,22.32498886129389
2021-01-27,15.231228028498037,8.103467697990084,21.449903587680637
2021-01-28,15.597279773078412,10.121097192847344,20.58313432961961
2021-01-29,15.329360502902716,8.253033809670512,22.1829532978349
2021-01-30,16.535084110186006,11.344759560943146,23.484005172708407
2021-01-31,15.804517760372164,8.167392453312061,23.61511381307571
2021-02-01,15.468514058496169,9.264922855032637,21.575809383261173
2021-02-02,16.21209309132081,10.693711702608311,22.263807172394877
2021-02-03,15.839804087292976,10.461398017390025,22.108296496055914
2021-02-04,16.059062067317768,9.57666710770934,22.53557525872634
2021-02-05,16.18041633700409,10.545802810158136,22.049195844325823
2021-02-06,16.272408627640118,12.752175424078189,21.428597858049386
2021-02-07,16.193893323709062,10.617143113085092,22.288066537639224
2021-02-08,16.06018931356641,12.684914234131554,20.958219078515242
2021-02-09,14.94272061388341,9.609152544905669,21.135311258588047
2021-02-10,14.931510518461835,11.312117509522636,20.647720984765442
2021-02-11,15.32320011721356,11.227194544089514,20.798135540388103
2021-02-12,15.044897807484404,11.604906921526663,19.590824353525477
2021-02-13,15.007694641537626,11.840099123780249,19.397756070885066
2021-02-14,14.127505170929112,10.65358288890451,18.991099365738023
2021-02-15,15.108597839357799,9.999172475500757,21.444155967044196
2021-02-16,14.59363674302,10.136531853271379,19.864539387181253
2021-02-17,14.681378417005533,10.256018221722627,20.20436885786512
2021-02-18,14.873992724726804,10.956586790369101,20.472283473795358
2021-02-19,14.19885311082976,10.529093078865117,18.601557417934657
2021-02-20,14.565271099871154,9.305312135076349,20.163607622974723
2021-02-21,14.422095745622471,9.198253773965064,19.632749950858454
2021-02-22,14.306630365429044,10.20604559659182,19.513428934928925
2021-02-23,15.201094735792822,11.996294742043801,19.727278572372825
2021-02-24,15.61724114170977,11.417815662578278,20.828841841958706
2021-02-25,15.186084240787068,10.476799036416821,20.556811980991256
2021-02-26,15.511347396654571,10.434384671595524,22.234758006099753
2021-02-27,15.156528118541075,11.439644861024533,20.144124790420733
2021-02-28,14.866557710097482,9.382781944642204,21.245159910710186
2021-03-01,14.777978770987545,10.673257991995342,20.107416569055147
2021-03-02,14.26116584843129,10.34961702958094,19.153690158681286
2021-03-03,14.39988548731236,9.635290668667665,20.085352517486
2021-03-04,14.297273544155303,9.035032252924339,18.978464220861156
2021-03-05,14.70581834167217,10.712154975062106,19.74156884810401
2021-03-06,15.09539917251044,12.538819937725634,19.586343306830486
2021-03-07,14.57306621568415,11.15326843261721,19.143077363053976
2021-03-08,14.625366102612361,9.533313711691903,19.968709153180157
2021-03-09,15.158199710079316,10.848088743969754,20.661611051353816
2021-03-10,14.196109686432692,10.464124142429455,18.395128855121413
2021-03-11,14.046635142062087,10.678293091547914,18.508900775585744
2021-03-12,13.488322500502534,9.223108357915237,18.707097921323395
2021-03-13,13.559788324926501,8.078446460218402,19.58069413371834
2021-03-14,14.50459320666539,11.452121915471764,19.454024055407444
2021-03-15,13.841388042822416,10.87430094387048,18.737302012139594
2021-03-16,14.003712771563073,11.099240296305652,18.66612977977195
2021-03-17,14.255858807255493,11.314600354474067,18.59894712256596
2021-03-18,13.989266707163665,10.846456872099623,20.094925182819907
2021-03-19,13.64814136551189,9.286799327040512,19.20470196261749
2021-03-20,13.784428324488772,11.140519941733146,17.94088713354273
2021-03-21,14.23907500623693,8.98853334254585,20.23012339903744
2021-03-22,14.84523801918732,12.28997023073913,19.92103594570517
2021-03-23,14.076120658884975,10.515060824289662,19.94273266344095
2021-03-24,14.414043277668839,10.942639228719372,20.278757994178193
2021-03-25,14.25870509875682,9.746991402662388,20.08785370306822
2021-03-26,14.327282641441514,10.128605318134987,20.130901447560177
2021-03-27,14.290110043504342,11.879549474073315,17.883409129146685
2021-03-28,14.475609990381827,10.039108966195897,20.33860124730569
2021-03-29,14.64694490317595,9.933780161889445,21.29939103229276
2021-03-30,14.645196274925354,9.107251199042821,20.449034777697648
2021-03-31,14.975601986688616,10.445565886849465,20.39304981887574
2021-04-01,14.975410368842176,11.35200123111349,19.718677131411482
2021-04-02,14.936214782957393,12.094765042493407,19.40805837709064
2021-04-03,14.470149675392918,11.099280968919174,18.83719216355047
2021-04-04,14.606150314025513,11.125735140611937,19.21620867421791
2021-04-05,14.76544986802395,11.786697014096205,19.86700004357266
2021-04-06,14.681659032211542,11.79929038445266,18.603934346880635
2021-04-07,13.732914195526405,9.68417267867153,19.320494805099486
2021-04-08,14.18992609772937,10.415088837915278,19.061779073639116
2021-04-09,14.190327466206497,10.918167964999952,19.999182840423373
2021-04-10,14.063128022128751,9.160075475665565,19.862326016222767
2021-04-11,14.458706390495081,9.770869885863988,20.18882187288426
2021-04-12,15.078636043909341,10.188713193366084,20.964639047852756
2021-04-13,14.576860383080486,9.290801044168461,20.914388060012243
2021-04-14,14.413828957913438,9.898364029735149,20.868338563299005
2021-04-15,14.372434913545419,11.569968139004686,19.487707667851282
2021-04-16,14.258335911212896,9.649755510962393,19.781497513510033
2021-04-17,14.609561933400585,10.408940319007115,20.686154509224707
2021-04-18,14.494051576159961,9.769878718722964,20.086089364479903
2021-04-19,15.161170407761347,9.03501525906887,21.236922987597154
2021-04-20,15.672330277792867,10.538896924298228,21.44261058263413
2021-04-21,15.255640595261298,11.315372000741888,20.065394780483814
2021-04-22,14.946651297360404,10.273513084527053,20.768145712774242
2021-04-23,15.661075553386809,11.71194855463932,20.420418066193463
2021-04-24,15.387929382452455,10.523944447905194,20.812215009056956
2021-04-25,15.561548601908669,11.633601836948287,20.95329497423478
2021-04-26,15.457858257885277,11.023076995191957,21.519176852905332
2021-04-27,14.952048224126031,11.828091201887219,19.600059894769856
2021-04-28,14.391793209030993,12.033391947092582,18.899635766898143
2021-04-29,14.141806893084151,12.173459777412177,18.481584272424016
2021-04-30,13.409524878948332,11.591719210492215,16.5267280015417
2021-05-01,13.324739159827914,8.535810479151394,19.05497653266798
2021-05-02,14.426272232204894,11.109834261565709,19.205034000443902
2021-05-03,13.50456408920877,11.529075476337255,16.226023360317527
2021-05-04,13.85957497642363,10.853439800502088,18.09642814205955
2021-05-05,14.627487833383611,10.507843133715653,19.601525326203557
2021-05-06,14.199837750483368,11.38845231284904,17.47824303138583
2021-05-07,14.371871539953531,9.611875388710814,19.996118104594473
2021-05-08,14.432139077726617,10.460169153156642,19.628243346916122
2021-05-09,14.772795176925115,11.58747728462339,19.173064839932806
2021-05-10,14.683987540504916,10.829418531135332,19.937810063351208
2021-05-11,14.383349854126607,9.87536240568511,20.013391707961205
2021-05-12,14.625544228802198,10.237155444509426,19.808426292311026
2021-05-13,15.859537775400327,10.771844146602575,21.263673946585186
2021-05-14,15.823643765689212,10.50251496186877,20.98083930629906
2021-05-15,15.866178280065014,12.05033252966183,20.37274481674109
2021-05-16,15.371274655852403,11.555268737429117,20.32659289514396
2021-05-17,14.274377636717873,12.222372710775801,17.194026886503877
2021-05-18,14.421593214207235,10.917386118221145,19.100848342496704
2021-05-19,14.835867275113856,9.330390178780078,21.452050347483294
2021-05-20,15.12151870261124,10.879355937217895,21.313462637193368
2021-05-21,14.867551658825164,9.429795791926779,21.030890236792914
2021-05-22,14.909068398502598,10.70019892675515,19.347964291439155
2021-05-23,15.511942221239167,11.555241189752849,20.548891829919512
2021-05-24,14.677323780354243,9.773956670328289,18.722621668308705
2021-05-25,14.666751051874598,10.451925989401957,20.740023365746595
2021-05-26,15.813143854317559,10.65893804523057,22.012057791757513
2021-05-27,15.40324816743879,12.336877276994642,19.96573219211865
2021-05-28,14.795586897010367,10.882666786610173,19.64426513140154
2021-05-29,14.152924569404092,12.05101464860536,16.90326017705962
2021-05-30,14.3129881440654,12.212649545927547,18.935782183577658
2021-05-31,14.903076329698422,11.33785218838318,19.354560335028964
2021-06-01,14.807948608025299,11.317701921983371,19.37937715679925
2021-06-02,14.585036210986061,10.179550175096153,20.297551463187006
2021-06-03,14.766235908171211,10.301708975979466,19.866120858172792
2021-06-04,15.235346566721603,12.085976172389906,21.038469485808093
2021-06-05,14.802075121327334,10.073939310569699,20.566127720080203
2021-06-06,14.543119942549822,11.716020545452238,17.627773637172538
2021-06-07,14.128254772059677,9.850263320803833,19.121575329556265
2021-06-08,14.055681468083776,10.355413634358342,19.177773816975787
2021-06-09,13.839645107758429,11.545714846492501,17.83931147012612
2021-06-10,14.216078192681607,11.019615184533734,19.620857869130305
2021-06-11,14.986411732751208,10.378030294062341,20.99906545758853
2021-06-12,14.472150715567466,10.092548838059656,20.33941841807615
2021-06-13,14.381381332744922,11.948145094446943,18.26237822982597
2021-06-14,13.781000466851765,10.538830991777274,18.287264265351723
2021-06-15,14.238822535719294,10.54062174465173,19.52854942940951
2021-06-16,14.758748641575835,11.431365467265664,19.24793642963192
2021-06-17,14.662513949618528,9.267199884735533,19.47678003814019
2021-06-18,14.36941098063511,9.139460089052534,20.279890138957512
2021-06-19,14.384906119139998,8.98537176482887,21.166886898357347
2021-06-20,14.489045872164297,10.035749716848272,19.73280594452757
2021-06-21,13.999952909040246,8.597028118205287,19.799791160978714
2021-06-22,14.061335103044996,11.469719587953023,18.18156309691875
2021-06-23,13.96332837809814,10.089021122865518,19.008150996051086
2021-06-24,13.938261849906098,9.876309405593076,19.61959699362251
2021-06-25,13.79706867223257,8.277179482594192,19.75666955023496
2021-06-26,13.646410607103746,9.752019068714787,18.66072029068289
2021-06-27,13.879547240816748,9.611023834942102,18.587807139624374
2021-06-28,14.481108155877962,9.727480879009192,20.408894777013757
2021-06-29,14.478455381117953,8.430942618305721,20.766087311924366
2021-06-30,14.388763756965545,8.989837356840212,20.19803414814851
2021-07-01,13.803296197001714,9.631818605026751,18.666517049377433
2021-07-02,14.211094601453453,9.83425441288938,20.012650820641625
2021-07-03,14.17238052067313,9.624369748345941,18.54713153865339
2021-07-04,13.6467420601615,8.163428246499393,18.752112377504318
2021-07-05,13.885497088798843,8.60378019183338,19.28279941843931
2021-07-06,14.21317138053871,9.695460376625817,20.47917256869067
2021-07-07,14.39614190823545,9.196884512781025,21.12674202829362
2021-07-08,14.96685173959338,9.751276509294996,21.3577840603038
2021-07-09,14.649875498728932,10.366021560605873,19.226203835201773
2021-07-10,13.899366537190588,10.492493743406783,18.58070335475628
2021-07-11,14.282402731901072,11.31529065551473,19.152381743755086
2021-07-12,14.80783830392295,9.788930324325236,20.542990110205835
2021-07-13,14.366641915327307,9.284915394807001,20.365841603443016
2021-07-14,14.272300754729542,9.094320235849239,19.784854957828884
2021-07-15,14.9849467330435,9.632331736904348,20.459207202293953
2021-07-16,14.900132600754262,10.165783074338322,20.03631736688908
2021-07-17,14.930240136528028,10.569203733840368,20.761729661328445
2021-07-18,13.911781826249523,7.725566471175,19.982863131754357
2021-07-19,14.948432296608246,10.693431450915114,20.076084188385323
2021-07-20,14.984747298653303,7.818302989541678,22.186289501583758
2021-07-21,15.585153854722307,10.000816744699819,22.084581934645996
2021-07-22,15.225114351132902,10.24462951562208,21.694494745743384
2021-07-23,14.96509847079841,9.672501768928043,20.593666972877827
2021-07-24,14.792897702764662,12.53864104399048,17.93320117794775
2021-07-25,13.778139680608433,11.24799210917007,17.687755741082583
2021-07-26,13.283340254825418,8.982402051867098,19.177886568302824
2021-07-27,14.085328912188402,10.391782489341097,19.081174085950295
2021-07-28,14.041890906034212,9.155690984013177,20.10266388653065
2021-07-29,14.768263903965703,9.98045110969241,21.93483686976225
2021-07-30,14.867159322487737,10.394845958851363,21.472302153743385
2021-07-31,15.338606981303371,10.197217085819489,20.824549837038035
2021-08-01,15.204509490938733,10.192561220696348,22.084172343551813
2021-08-02,14.27721010686497,10.118728491473917,20.260810300047808
2021-08-03,14.281543522793527,10.664786660020809,19.296981151078796
2021-08-04,13.334304838546473,8.40572632549555,18.50560060594671
2021-08-05,14.362784058577972,9.42583007742536,20.729104121023113
2021-08-06,14.513267222490015,8.262092695975184,21.606172704893368
2021-08-07,14.326219119235532,8.686772822502974,19.776970239190632
2021-08-08,14.414636886657206,11.685854153849448,17.850964270114616
2021-08-09,15.20637417886121,11.417111141689304,19.894765008911577
2021-08-10,15.037451110891197,8.882519760726495,22.786031448245353
2021-08-11,14.47905314382956,9.659887025073203,20.089535989809406
2021-08-12,14.276037088913313,9.116091208127727,20.000768621095688
2021-08-13,14.516620791477749,9.78992887949073,19.826903762362576
2021-08-14,13.94231337906291,9.919923649245106,19.503038175321365
2021-08-15,13.890098378914388,9.323972416754827,18.908413638919797
2021-08-16,14.143616016906208,8.839111472247396,20.220792373174447
2021-08-17,14.051455483137033,9.856357755315457,18.054006053394573
2021-08-18,14.15301977038365,10.111470579543436,18.046189530559275
2021-08-19,14.019213657183798,10.581954316598683,18.50927376237712
2021-08-20,13.913976869986868,11.671919384815965,17.58562595484608
2021-08-21,14.568123017803202,10.035864811914223,20.73617736032827
2021-08-22,14.182138129445207,9.05183584570932,20.186015522015396
2021-08-23,14.870831032154967,10.762611068032982,20.517030596831546
2021-08-24,14.980226060918824,10.705472972227824,21.163892866481774
2021-08-25,14.722615088932685,10.759691734961109,18.97572242075671
2021-08-26,14.47804873602189,10.110459784464467,19.502964812798552
2021-08-27,14.794408058482475,10.369824909977979,19.604096834444192
2021-08-28,15.097765888119056,11.022984921238105,20.382539077331955
2021-08-29,15.098682165517573,10.25818776826361,21.05425066626549
2021-08-30,14.087784266016342,9.959923036095233,18.287911745934593
2021-08-31,13.604026893080515,9.481663704180846,18.223402388693785
2021-09-01,14.161503907800693,10.411649334753179,19.38034438981964
2021-09-02,14.937546612533879,10.659765570429386,21.166660430222578
2021-09-03,14.714249246484428,8.851377992485709,20.914838316723774
2021-09-04,15.43367238022148,10.210902516025328,21.34554921901855
2021-09-05,14.608762784640362,11.749804389460337,18.35537204873617
2021-09-06,14.896914681188662,11.406610369780708,19.700758251275943
2021-09-07,14.299967848859183,11.20363019534824,18.140107905454784
2021-09-08,14.652059591900525,10.294041214094193,20.590842396816242
2021-09-09,14.726055963065164,8.874347857125883,20.812914985891098
2021-09-10,15.503757019835916,10.81269031229067,21.865274506104925
2021-09-11,14.227802449301691,11.045219128244469,18.287997971035793
2021-09-12,14.083429022416908,9.604292771008375,19.06036064291368
2021-09-13,14.045020521741947,7.273253895000039,21.530563551086345
2021-09-14,14.734592137897152,10.354985643165548,20.15520797092836
2021-09-15,14.352865391806574,9.24376860788692,19.60935307799639
2021-09-16,14.795798072832383,10.270154923094026,19.903018572569863
2021-09-17,14.0410077126661,7.402872235815437,21.79750918493744
2021-09-18,14.718938330606989,9.648380435906859,20.75552875810888
2021-09-19,14.61177476389986,10.935449652516525,20.24481366702804
2021-09-20,14.257894830938426,10.09846865703389,19.56206531410976
2021-09-21,14.802986004919887,11.045493702492706,19.293595323033458
2021-09-22,13.739783199566148,8.650279546472632,19.528152886294095
2021-09-23,14.270794139374004,11.105425206131486,18.467579415105718
2021-09-24,14.507013815731511,9.615690204912369,19.987617279990275
2021-09-25,14.897426822516024,9.500158147099171,21.19148660246134
2021-09-26,14.386215118251926,6.683726745633464,22.179280491216332
2021-09-27,15.257386922625017,10.076613908336526,21.67832149626298
2021-09-28,14.105676997431203,9.3367862070005,19.43210511625165
2021-09-29,13.961877755653745,10.229451242732864,19.273538743219774
2021-09-30,14.295644824380645,11.7536427619861,19.074624637287116
2021-10-01,14.231087656908699,10.572460862640355,19.012463954696443
2021-10-02,14.520784096569912,9.736362778052694,20.266835513807962
2021-10-03,14.7864352709434,8.33485602265597,21.383704660617582
2021-10-04,15.110709994031936,10.049263767275647,21.028795889286414
2021-10-05,15.087891205512506,10.914103858944202,20.389711141957946
2021-10-06,15.153853724248108,11.336087468500068,20.84032281790769
2021-10-07,14.975419081487132,8.989085495925565,20.892173292045356
2021-10-08,14.731843050047644,10.728843847079759,19.569870992780352
2021-10-09,14.579110645770413,10.283215624473996,20.351527865837056
2021-10-10,14.137029562531325,9.854039871096859,20.035836617086318
2021-10-11,14.561673749690158,11.72246513104335,18.717507161486253
2021-10-12,14.47795646850551,10.229367928065471,20.77341906911778
2021-10-13,14.618739887175195,9.567919830224298,20.594273049740593
2021-10-14,15.031486876025781,9.025457142406083,21.798667890923753
2021-10-15,15.224094306156417,9.812680632999161,22.787308443078985
2021-10-16,15.239824293411516,11.597808152959203,20.842744050513488
2021-10-17,14.149828360428046,11.289553692383379,18.300379135082835
2021-10-18,14.91677282095202,10.982688897511991,20.764347344721557
2021-10-19,14.911082128973419,10.710969025735608,20.379043709231553
2021-10-20,14.819121546732902,10.27641178220307,20.83345890596115
2021-10-21,14.240312485750962,10.22417808928003,19.38966002396512
2021-10-22,14.212029296441301,10.214399514248612,19.410814956741888
2021-10-23,14.416109164781744,9.996595702593254,20.248307513447344
2021-10-24,15.209535365955219,12.038868393650887,20.374529514373933
2021-10-25,15.153130833286014,12.204609437406361,20.233540157438767
2021-10-26,14.781070594781852,11.5964749503716,19.488063048616766
2021-10-27,14.211883425519432,10.978586448588942,18.23785439639505
2021-10-28,14.602252431522857,9.347034120975138,20.507469055511535
2021-10-29,13.856158938343071,11.551106418223071,17.098362097374945
2021-10-30,13.906185625715636,10.406497691913899,18.644082645099616
2021-10-31,14.39370422514861,11.59367272728133,19.773668435930574
2021-11-01,13.781238926825324,10.407153693911425,18.41529029101082
2021-11-02,14.431108185378719,10.560279546052925,18.999159994217166
2021-11-03,14.550800163563963,12.087500379195944,19.11997469237815
2021-11-04,14.510130849001882,12.051978768301069,19.463052571054845
2021-11-05,14.317660638073676,10.766866349714803,19.15265319768247
2021-11-06,14.935572853304109,9.417745472848082,20.463380197755043
2021-11-07,14.91971382048979,8.812274053784279,21.039039059813376
2021-11-08,14.444686806393236,9.952910118330408,19.484789880947517
2021-11-09,13.96583972629486,10.258138231419991,19.036245707949604
2021-11-10,13.894789077418352,8.747285094123413,19.432355249152067
2021-11-11,14.831491718236748,10.47728820968689,20.371802028566776
2021-11-12,14.973409749024711,9.842436251143965,20.126046039313678
2021-11-13,14.922626712944236,10.198997575216822,19.99512725578211
2021-11-14,15.177457059801611,12.196654536034316,20.28905427662511
2021-11-15,15.019823098361258,12.645036854628131,19.36099778096201
2021-11-16,15.242191057702257,11.01381309120984,20.578194973546374
2021-11-17,14.762591721401918,10.184710230908252,19.777815335434184
2021-11-18,14.277298217743123,9.45045787491199,19.770216276578935
2021-11-19,14.286889786613074,9.305652292033699,19.368698893900728
2021-11-20,14.495063845695483,9.274627193011781,19.807145302626793
2021-11-21,14.962302212581733,11.328600853137686,19.903874313585334
2021-11-22,14.083786429175404,10.46356163462167,19.669748785341653
2021-11-23,14.266099127108191,12.03384335118659,18.288456959048858
2021-11-24,14.142717771721152,11.184464470654746,17.577674583074668
2021-11-25,14.137337806453218,11.155477962642522,18.31253821413651
2021-11-26,13.999236995948309,10.057707446630388,19.09146139572539
2021-11-27,14.266138344504895,9.657964228752917,19.732896017558176
2021-11-28,14.868272114514241,11.049359955015916,20.373112098102638
2021-11-29,14.146265261482597,9.232069457839941,20.01234447998712
2021-11-30,14.11902293007455,9.794560124862073,18.968693306707223
2021-12-01,14.329768746055436,10.148472051607428,20.610998480585636
2021-12-02,14.562951890448971,10.142220156327141,20.26446328633199
2021-12-03,15.19244253393822,9.512156305746032,20.947619922048546
2021-12-04,15.525291465142459,11.153374635468197,21.221241720375303
2021-12-05,14.875547300149606,9.52024813743418,20.945076766051216
2021-12-06,15.192650414824982,10.141274128895873,21.33471963804618
2021-12-07,15.00229934780998,8.983678445024566,21.49706054295706
2021-12-08,15.509749626475525,9.914459064803737,21.203553222768164
2021-12-09,15.555997841048054,11.461475500695371,20.81960105703598
2021-12-10,15.491944182423595,11.725007884757076,20.187749727818414
2021-12-11,15.310257092510426,11.529554494571755,20.15096206070359
2021-12-12,14.192956371852404,10.74960148464578,18.12082395837814
2021-12-13,13.929407634090921,11.440165457885087,18.281228462789386
2021-12-14,14.657679836454463,11.427854833379854,19.404874939636386
2021-12-15,14.592327699598457,11.610984113816528,18.948547867709806
2021-12-16,14.552623414534139,10.341907216823756,20.40613706397221
2021-12-17,14.68387988739272,10.679157130098417,19.765697247322862
2021-12-18,14.244542264989377,10.020461253254098,20.54116627913112
2021-12-19,14.300346053384601,9.9397412376631,20.143464769086165
2021-12-20,14.934466353808148,11.805886127204303,19.708690124539658
2021-12-21,14.837796708237647,12.217818053191706,18.647628326625863
2021-12-22,14.583045630474658,12.138861106372303,18.962972037390955
2021-12-23,14.629932462566046,11.745040261094971,18.83749313109621
2021-12-24,15.232682196867643,12.33419017345733,19.824366014455222
2021-12-25,14.922700040485779,11.655521188882005,19.52123111198381
2021-12-26,14.398165189441784,8.778854360322327,20.386214542520122
2021-12-27,14.286710096764637,9.327344798035995,19.54761032951035
2021-12-28,14.807618486292768,10.556732612200562,20.486775115169223
2021-12-29,14.944067472247639,11.939992255587299,20.309287228031167
2021-12-30,14.125945838649557,9.063855342873751,19.544607919643113
2021-12-31,14.517694126486447,9.576283035383142,20.387755603256778
