gauge_id;unconso_depo_perc;hypabyssal_rock_perc;metamor_rock_perc;plutonic_rock_perc;sedimen_rock_perc;volcanic_rock_perc;volcaniclastic_rock_perc
11017010;0;0;38.89;37.74;0;23.38;23.376
11027010;0;0;0;99.97;0;0.03;0.03
11027030;0;0;0;99.97;0;0.03;0.029
11035020;0;0;0;57.39;0;0;0
11037020;0;0;0;96.73;0;0;0
11047010;0;0;15.74;54.72;0;11.85;11.85
11047030;0;0;38.36;36.59;0;25;24.997
11057010;0;0;16.63;51.99;0;13.32;13.321
11057020;0;0;17.55;50.83;0.03;13.6;13.598
11077010;0;0;17.52;48.95;1.94;14.91;14.914
11077020;0;0;0;100;0;0;0
11077030;0;0;26.58;45.97;9.04;17.25;17.251
11117010;0;0;3.59;94.63;1.78;0;0
11117050;0;0;1.3;81.55;17.15;0;0
12017020;0;0;1;23.31;24.09;0;0
12017060;0;0;0;98.63;0;0;0
12017080;0;0;0;98.98;0;0;0
12027010;0;0;0;100;0;0;0
12027050;0;0;0;98.98;0;0;0
12027060;0;0;0;98.22;0;0;0
12037010;0;0;0;84.87;0;0;0
13017010;0;0;0;94.99;0.98;0;0
13017020;0;0;0;92.91;1;0;0
13037010;0;0;0;94.93;0.84;0;0
13037040;0;0;0;93.12;0.75;0;0
13047030;0;0;0;92.08;0.72;0;0
13047040;0;0;0;93.84;0.79;0;0
13067020;0;0;0.01;74.43;0.41;0;0
15017020;0;28.15;71.85;0;0;0;0
15037010;0;12.32;86.39;0;0.12;0.93;0.929
15037020;0;4.31;95.43;0;0;0.26;0.258
15037030;0;34.82;54.41;0;0;10.77;10.768
15067150;0;2.04;59.18;5.65;7.92;11.84;11.843
16017020;0;19.83;9.61;65.69;0;4.87;4.869
16027010;0;15.52;67.65;16.01;0;0.83;0.827
16027020;0;0;0;99.44;0;0;0
16027100;0;23.16;22.39;54.45;0;0;0
16027120;0;54.48;11.42;30.63;0;3.48;3.476
16027280;0;37.75;11.05;45.95;0;1.91;1.914
16027300;0;77.19;0.14;22.67;0;0;0
16037010;0;8.94;23.85;65.29;0;0;0
16037020;0;32.86;6.97;53.63;0;0;0
16037030;0;59.11;14.25;26.64;0;0;0
16037040;0;12.4;16.08;70.06;0;1.46;1.458
16037050;0;0;0;92.71;0;0;0
16047010;0;39.63;44.68;15.69;0;0;0
16047030;0;59.13;32.37;8.15;0.36;0;0
16057020;0;21.94;75.13;0;0;0;0
16057030;0;34.42;43.37;15.12;0;0;0
16057040;0;25.5;46.25;20.73;0;4.8;4.8
16057050;0;37.52;54.03;0;0;0;0
16067010;0;29.27;33.7;27.02;3.95;3.23;3.234
16067020;0;32.8;39.53;19.73;2.97;4.06;4.058
21017020;0.01;27.56;0.04;6.43;33.37;32.25;32.252
21017040;0;13.67;12.1;8.29;18.36;43.12;43.119
21017050;0;0;16.13;11.52;0;67.85;67.851
21017060;0.02;28.64;0;2.16;49.46;19.7;19.698
21027010;0;11.49;11.54;14.62;15.44;43.13;43.131
21037010;0;23;16.92;8.39;4.36;42.68;42.683
21047010;0;19.9;11.32;15.03;10.5;39.07;39.069
21057040;0;22.6;0;0;76.59;0.82;0.816
21057050;0;16;19.57;1.52;13.21;49.48;49.484
21057060;1.08;20.48;31.82;12.41;16.31;15.67;15.673
21057070;3.57;35.33;29.99;11.31;16.88;0.59;0.593
21057080;0;24.69;17.2;0.18;0;57.93;57.93
21057110;0;33.55;8.63;1.24;40.75;15.84;15.839
21057120;0;0;0;0;100;0;0
21087070;0;0;44.48;49.65;0;5.87;5.868
21087080;0;0;44.29;48.52;0;7.17;7.17
21097070;0.35;19.12;21.52;17.49;9.18;23.74;23.739
21097120;0;0;34.33;56.03;0;5.6;5.597
21107020;0;72.9;23.37;0;0;0;0
21127020;0;4.11;70.48;11.53;0;13.89;13.889
21137010;0.25;12.61;15.55;37.23;5.44;21.65;21.653
21137020;0;0;0;69.72;0;7.72;7.718
21137030;0;0.15;0.98;31.98;0;66.67;66.665
21137050;0.24;14.44;17.47;31.87;6.22;22.27;22.273
21147010;0;6.82;0.98;85.64;0;5.09;5.087
21147030;0;0;0;100;0;0;0
21167020;0;0;0;100;0;0;0
21167050;0;0;0;100;0;0;0
21167080;0;0;0;100;0;0;0
21167090;0;0;0;100;0;0;0
21167100;0;0;0;100;0;0;0
21187020;0;0.79;69.12;30.1;0;0;0
21187030;0;0.38;35.13;57.89;0;4.05;4.049
21197010;0;0;0;88.5;0;0;0
21197030;0;0;0;90.72;0;0;0
21197110;0;0;0;100;0;0;0
21197150;0;0;0;86.42;0;0;0
21207960;0;0;0;65.26;0;0;0
21217180;0;71.82;0;0;27.75;0;0
21217200;0.78;73.02;20.44;0;1.32;0.23;0.225
21217280;9.96;87.89;0;0;0;2.15;2.154
21237010;0.35;11.31;20.69;39.83;3.07;12.44;12.438
21237020;0.31;11.97;20.45;39.27;3.05;11.35;11.349
21247040;0;17.27;58.87;0;7.31;0;0
21247050;0;17.27;58.93;0;7.29;0;0
21257070;0;58.18;1.97;11.52;0;16.31;16.311
21257100;0;32.09;46.8;2.5;12.99;0;0
21257110;0;26.52;0.08;37.66;0;20.18;20.184
21257120;0;35.77;6.17;0;12.17;0;0
22017010;8.38;37.28;54.34;0;0;0;0
22017020;2.13;13.52;84.36;0;0;0;0
22017030;0;6.39;93.61;0;0;0;0
22027010;0;17.09;68.53;6.81;0.07;7.51;7.511
22027020;0;25.78;71.15;1.23;0.11;1.74;1.739
22057010;1.23;13.66;56.43;21.51;0.38;5.4;5.399
22057040;1.44;17.01;62.4;12.64;0.48;4.93;4.932
22057050;0;0;33.74;44.24;0;22.02;22.016
22057060;2.03;16.27;70.72;6.92;0.02;4.04;4.043
22057070;1.48;16.46;60.84;14.05;0.46;5.32;5.318
22057080;1.44;16.98;62.38;12.67;0.48;4.95;4.95
22057090;1.41;16.7;61.35;13.79;0.47;4.88;4.878
22067010;0;0;33.09;66.91;0;0;0
22077050;0;37.38;57.57;0;0;0;0
22077060;0;3.4;87.04;2.37;0;0;0
23017020;0;0;0;0;0;100;100
23017030;0;39.36;17.64;3.07;10.43;13.1;13.097
23017040;0;52.33;11.68;0.05;18.22;9.3;9.304
23037010;0.31;12.81;20.02;38.09;3.42;11.74;11.74
23057140;2.17;58.59;27.3;7.82;0;2.83;2.834
23067020;0;0;0;99.98;0;0;0
23067040;0;0;0;91.35;0;4.88;4.884
23067050;0;0;0;99.98;0;0;0
23067060;0;0;0;99.96;0;0;0
23067080;0;0;0;99.93;0;0;0
23077020;0;68.23;10.81;8.05;0;10.83;10.832
23087150;0;76.2;11.7;0;0;0;0
23087160;0;0;100;0;0;0;0
23087180;0;19.55;80.45;0;0;0;0
23087200;0;95.01;4.99;0;0;0;0
23087210;0;31.97;62.08;4.39;0;0;0
23087260;0;17.9;82.1;0;0;0;0
23087300;0;68.35;15.69;0;0;0;0
23087660;0;10.29;89.71;0;0;0;0
23087670;0;45.46;54.54;0;0;0;0
23087830;0;51.01;39.59;0;0;0;0
23097030;0.3;15.08;20.99;36.59;2.67;12.66;12.659
23107020;0;37.68;56.08;4.37;1.69;0.18;0.182
23107030;0;0;100;0;0;0;0
23107040;0;16.94;83.06;0;0;0;0
23127010;0;0;0;100;0;0;0
23127020;0;0;0;96.88;0;1.99;1.993
23127060;0;0;0;99.85;0;0.15;0.147
23147020;0;0;0;87.73;0;4.66;4.664
23157080;0.2;11.82;16.05;48.74;2.01;10.81;10.814
23187040;0;0;0;47.06;0;52.77;52.771
23187240;0.08;26.78;18.92;34.61;0.63;8.17;8.166
23187250;0.07;25.21;17.81;33.9;0.59;9.98;9.984
23187300;0.08;27.52;19.44;35.18;0.65;8.39;8.391
23197130;0;79.14;20.86;0;0;0;0
23197290;0.21;41.14;14.27;28.91;0;2.1;2.104
23197410;0;16.52;43.51;20.37;1.84;5.42;5.42
23197690;0;37.64;23.18;23.69;0;0;0
23197700;0.56;54.95;14.61;24.26;0;5.62;5.623
23207010;0;0;7.38;0;0;92.62;92.624
23207060;1.69;0.92;17.34;5.94;2.78;50.16;50.164
24017150;0;0;0;100;0;0;0
24017570;0;0;0;90.06;0;3.71;3.71
24017590;0;0;0;86.78;0;0;0
24017600;0;0;0;97.46;0;0;0
24017610;0;0;0;100;0;0;0
24017740;0;0;0;100;0;0;0
24017820;0;0;0;100;0;0;0
24027010;0;16.98;8.8;63.72;5.07;5.4;5.396
24027030;0;1.88;2.88;72.39;4.8;17.94;17.94
24027040;0;20.93;70;9.07;0;0;0
24027050;0;34.26;6.08;46.94;12.6;0.11;0.113
24027060;0;55.34;1.01;43.66;0;0;0
24027070;0;14.32;3.53;68.05;6.83;7.23;7.23
24037010;0;26.96;72.28;0.76;0;0;0
24037030;0;0;0;99.85;0.15;0;0
24037040;0;0;0;100;0;0;0
24037070;0;0;0;100;0;0;0
24037130;0;0;0;99.93;0.07;0;0
24037290;0;0;0;87.53;0.6;0.1;0.103
24037370;0;52.43;8.05;19.01;20.51;0;0
24037390;0;1.39;1.84;89.79;0.29;0.5;0.501
24037410;0;0;13.15;68;0;7.08;7.075
24037460;0;0;0;87.89;0.6;0.1;0.096
24037580;0;0;0;100;0;0;0
24040060;0;3.65;1.89;85.42;1.09;3.18;3.18
24067010;0;6.31;5.13;80.83;0.95;2.43;2.428
24067020;0;5.81;4.73;80.75;0.87;2.5;2.499
25027050;0.88;19.87;9.78;18.61;19.34;10.54;10.541
26017020;0;2.99;0;3.53;54.1;0;0
26017040;0;0;0;0;56.97;0;0
26017060;0;7.16;0;0;66.84;0;0
26017070;0;13.18;0;0;66.2;0;0
26027090;0;0;0.37;0;99;0.63;0.631
26027100;0;5.78;0.2;0;79.77;6.5;6.498
26027200;0;1.49;0;0;65.32;2.24;2.244
26027210;0;0;15.43;52.07;14.85;0;0
26027250;0;0;7.17;75.75;0;0;0
26037010;0;0;0;4.73;54.26;1.42;1.424
26047020;0;74.75;7.91;0;10.05;7.26;7.262
26057040;0;0;0;70.28;28.6;0;0
26127040;0;19.78;2.8;9.54;6.38;17.11;17.109
26137110;0;0.02;0.44;0;49.6;0;0
26137120;0;0;9.67;0;39.44;45.03;45.027
26147130;0;0;0;89.13;10.87;0;0
26147140;1.03;3.53;19.3;0.37;37.55;30.11;30.113
26157020;0;26.65;11.57;1.74;23.12;20.83;20.829
26157100;0;17.19;18.01;0.79;16.42;28.34;28.338
26167070;0.13;14.17;6.52;12.53;24.73;8.34;8.339
26167080;1.3;1.94;25.63;2.72;7.81;34.75;34.753
26167090;0;8.54;0;21.71;5.75;23.37;23.366
26177010;5.01;0;0;33.87;0;61.12;61.122
26177030;0.04;14.01;6.31;13.68;22.85;7.76;7.759
26187110;0.97;13.43;6.88;13.15;23.18;10.54;10.536
26197010;1.09;0;21.31;35.25;6.23;36.12;36.115
26197030;0.44;0;17.26;55.44;3.81;23.05;23.046
26207030;1.18;15.15;8.79;13.82;21.12;10.91;10.909
26207080;1.12;14.17;8.88;16.07;20.17;12.43;12.429
26217010;0;2.04;1.67;53.02;43.27;0;0
26237020;0;21.43;63.45;8.29;0;6.84;6.835
26237040;0.98;18.05;10.44;16.42;20.39;11.29;11.286
26237100;1.08;14.48;9.69;17.34;20.24;12.44;12.438
26247020;0.89;20.1;9.89;18.02;19.58;10.67;10.669
26247030;0.96;19.13;10.51;16.17;20.06;11.1;11.104
27027060;0;2.94;97.06;0;0;0;0
27027080;0;97.1;2.9;0;0;0;0
27037010;0;40.28;40.47;13.29;0.8;2.41;2.411
28017080;0;4.04;82.56;0;2.05;9.72;9.723
28027160;0.98;4.69;9.87;9.85;3.2;26.27;26.274
28037030;2.03;11.54;29.83;3.21;4.68;18.93;18.929
28037060;0;0;12.32;0;4.76;82.92;82.919
29037020;0.34;12.7;14.16;33.77;4.58;10.43;10.433
29067040;0;70.94;29.05;0;0;0;0
29067060;0.71;22.22;66.61;9.77;0;0.47;0.47
29067070;0;75;24.93;0;0;0;0
29067120;0.66;20.25;60.81;16.57;0;0.43;0.425
29067130;0;34.33;45.86;2.6;0;5.51;5.509
29067150;0;34.91;46.63;1.78;0;5.6;5.599
31097010;0;21.99;1.43;57.94;0;0;0
31097020;0;41.77;3.56;43.2;0;0;0
32037030;0;14.8;0;65.29;0;0;0
32067030;0;18.06;0;81.94;0;0;0
32077070;0;4.1;1.49;76.99;0;0;0
32077080;0;2.26;0.1;52.79;0;0;0
32077110;0;0;0;77.62;0;0;0
32107010;0;6.85;0.21;72.65;0;0;0
32157040;0;6.85;0.15;72.83;0;0;0
32157060;0;7.66;0.15;71.57;0;0;0
32207010;0;9.73;0.11;68.24;0;0;0
33077010;0;0;0;69.64;0;0;0
35017020;0;6.91;0;46.88;0;0;0
35017040;0;6.41;0;26.58;0;0;0
35027100;0;0;0;100;0;0;0
35027130;0;0;0;100;0;0;0
35027140;0;13.47;0;86.13;0;0;0
35027190;0;1.58;0;98.42;0;0;0
35027200;0;11.48;0;87.41;0;0;0
35027210;0;11.24;0;88.31;0;0;0
35057010;0;5.63;0.31;69.04;0;0;0
35067010;0;0;0;100;0;0;0
35067040;0;0;0;100;0;0;0
35067050;0;0;0;100;0;0;0
35067090;0;0;0;100;0;0;0
35077080;0;0;0;99.97;0;0;0
35077090;0;0;0;100;0;0;0
35077120;0;0;0;100;0;0;0
35077140;0;0;0;99.94;0;0;0
35087010;0;0;0;97.26;0;0;0
35087020;0;0;0;95.68;0;0;0
35087030;0;0;0;100;0;0;0
35087040;0;0;0;100;0;0;0
35097010;0;0;0;100;0;0;0
35097080;0;0;0;100;0;0;0
35097090;0;0;0;100;0;0;0
35097100;0;0;0;100;0;0;0
35107030;0;5.59;0.02;38.35;0;0;0
35117010;0;3.12;0.01;54.08;0;0;0
35127010;0;0;0;90.47;0;0;0
35127020;0;0;0;62.09;0;0;0
35197020;0;0;0;100;0;0;0
35197030;0;0;0;100;0;0;0
35197040;0;0;0;99.55;0;0;0
35197050;0;0;0;100;0;0;0
35197190;0;0;1.2;98.8;0;0;0
35217030;0;0;0;100;0;0;0
35217060;0;0;0;97.79;0;0;0
35257040;0;0.76;0.01;32.99;0;0;0
35267030;0;1.23;0.01;46.66;0;0;0
35267080;0;1.07;0.01;41.01;0;0;0
36027050;0;0;0;9.09;0;0;0
37017040;0;48.25;15.54;34.14;0;2.06;2.064
37017050;0;32.35;11.16;55.38;0;1.11;1.114
37027010;0;25.34;7.07;64.14;0;0.68;0.678
37037010;0;13.22;0;86.78;0;0;0
37057020;0;12.72;2.28;65.97;0;0.22;0.219
42067010;0;1.62;0.03;93.47;0;0;0
42077010;0;1.38;0.05;93.98;0;0.46;0.455
42077020;0;2.15;1.06;92.32;0;0.62;0.622
44017050;8.68;3.1;0;0;47.64;40.58;40.579
44017060;32.16;0;0;0;22.25;6.66;6.66
44017090;11.16;2.1;0;0;43.79;24.55;24.55
44017110;1.08;12.15;27.28;20.15;11.35;20.48;20.475
44017140;0;4.59;60.64;5.97;0;23.46;23.456
44037050;0;85.83;0;14.08;0;0;0
44037060;0;81.56;0;18.45;0;0;0
44037080;0;84.94;0;14.86;0;0;0
44037090;0;79.97;0;18.44;0;0;0
44037100;0;85.46;0;14.2;0;0;0
46017010;0;58.59;0.57;37.87;0;0;0
47017020;0;26.85;0;0;1.15;0;0
47017100;0;10.76;0.03;5.9;3.57;6.12;6.116
47017110;0;38.56;0;12.57;48.87;0;0
47017130;0;17.99;2.84;0;21.15;4.34;4.336
47017150;0;0;4.68;42.65;0;0.7;0.696
47017160;0;1.45;26.94;36.96;1.94;6.47;6.472
47030010;0;4.4;18.32;42.91;6.46;4.42;4.421
47077010;0;0;0;96.25;0;0;0
51027020;0;0;5.09;14.56;78.76;0;0
51027030;0;0;0;30.93;67.7;0;0
51027060;0;0;1.59;11.55;39.86;2.43;2.434
52017010;4.2;10.91;3.58;28.63;18.95;11.65;11.65
52017030;2.24;7.55;8.78;21.96;23.24;23.94;23.939
52017060;1.87;5.75;7.35;23.71;25.72;21;21
52017070;0;0;0.22;49.78;50;0;0
52017080;0;0;0;73.91;26.09;0;0
52017100;0;19.74;2.52;3.23;0;33.01;33.014
52017110;2.15;21.19;5.39;2.55;15.17;35.21;35.214
52017120;5.61;11.81;3.55;24.27;7.75;38.16;38.157
52017130;0;7.16;16.55;13.2;28.91;14.51;14.511
52027010;15.22;18.37;11.32;23.95;11.17;3.22;3.215
52027030;17.6;23.94;14.88;7.67;12;1.88;1.877
52037010;0;11.56;0;3;59.38;26.07;26.066
52047010;0;0;0;0;8.74;0;0
52047020;7.51;9.59;0;2.44;12.1;14.83;14.825
52057030;0.15;0.91;0;12.72;53.61;2.12;2.123
52057040;0;0;0;0;64.53;0;0
52057050;0.2;1.15;0;1.42;58.17;2.72;2.715
52057060;0;0;0;30.59;49.28;0;0
52067010;0;0;18.15;39.47;42.2;0.17;0.173
52067040;0;0;10.68;89.14;0.18;0;0
53047010;0;0;37.04;40.7;0.2;22.06;22.063
53077010;0;0;16.03;73.42;6.49;4.06;4.061
53077020;0;0;14.07;74.58;5.39;5.23;5.232
53077060;0;0;8.91;86.51;4.48;0.11;0.107
54017040;1.38;0;12.85;65.04;4.02;16.71;16.71
54027030;0.47;0;5.89;66;5.54;15.4;15.404
54057010;0.26;0;3.92;64.64;11.85;9.41;9.412
54077010;0;0;5.11;63.69;27.51;0;0
54077030;0;0;6.06;56.82;32.73;0;0
