gauge_id;inceptisols_perc;entisols_perc;andisols_perc;urban_perc;alfisols_perc;vertisols_perc;aridisols_perc;water_bodies_perc;ultisols_perc;spodosols_perc;coal_mine_pit_perc;histosols_perc;oxisols_perc;eroded_misce_perc;rocky_misce_perc;mollisols_perc;perpetual_snow_perc
11017010;59.35;5.86;31.43;0.07;0;0;0;0.84;0.17;0;0;2.29;0;0;0;0;0
11027010;0;0;99.89;0.11;0;0;0;0;0;0;0;0;0;0;0;0;0
11027030;0;0;99.88;0.12;0;0;0;0;0;0;0;0;0;0;0;0;0
11035020;58.13;0;29.48;0.02;0;0;0;1.61;9.2;0;0;1.57;0;0;0;0;0
11037020;94.23;0;4.77;0.04;0;0;0;0.96;0;0;0;0;0;0;0;0;0
11047010;61.58;2.99;25.81;0.09;0;0;0;1.41;6.12;0;0;1.99;0;0;0;0;0
11047030;90.16;4.24;0;0;0;0;0;0.56;5.04;0;0;0;0;0;0;0;0
11057010;66.45;2.68;18.15;0.05;0;0;0;1.6;7.64;0;0;3.31;0.12;0;0.01;0;0
11057020;67.5;2.91;16.81;0.05;0;0;0;1.62;7.78;0;0;2.95;0.21;0;0.08;0.12;0
11077010;63.55;7.4;19.38;0.05;0;0;0;1.44;5.3;0;0;2.28;0.07;0;0.08;0.43;0
11077020;13.51;3.45;82.37;0;0;0;0;0.45;0;0;0;0;0;0;0.23;0;0
11077030;48.25;13.31;36.56;0.05;0;0;0;0.52;0;0;0;0;0;0;0.13;1.18;0
11117010;78.13;5.01;16.17;0.15;0;0;0;0.03;0;0;0;0;0;0;0.5;0;0
11117050;62.75;3.89;25.98;0.09;0;0;0;0.07;0;0;0;0;0;0;0.25;6.96;0
12017020;57.52;13.21;4.48;0;24.18;0;0;0.61;0;0;0;0;0;0;0;0;0
12017060;92.06;0;0;0.86;0;0;0;0.65;0;0;0;0;0;0;0;6.43;0
12017080;80.29;18.67;0;0.34;0.39;0;0;0.3;0;0;0;0;0;0;0;0;0
12027010;94.09;5.91;0;0;0;0;0;0;0;0;0;0;0;0;0;0;0
12027050;93.12;6.58;0;0.04;0;0;0;0.26;0;0;0;0;0;0;0;0;0
12027060;97.95;0;0;0.01;0;0;0;0.88;0;0;0;0;0;0;0;1.17;0
12037010;90.91;7.95;0;0.12;0;0.01;0;1;0;0;0;0;0;0;0;0;0
13017010;55.42;28.68;10.77;0;4.51;0;0;0.35;0;0;0;0;0.22;0;0.05;0;0
13017020;61.32;21.54;10.45;0;6.12;0;0;0.15;0;0;0;0;0.34;0;0.08;0;0
13037010;53.62;28.51;9.22;0;6.98;0;0;1.31;0;0;0;0;0.31;0;0.04;0;0
13037040;54.03;28.8;8.17;0.01;6.52;0;0;1.55;0.57;0;0;0;0.3;0;0.04;0;0
13047030;53.71;29.56;7.92;0.05;6.32;0;0;1.55;0.55;0;0;0;0.29;0;0.04;0;0
13047040;52.93;29.48;8.67;0;6.79;0;0;1.59;0.19;0;0;0;0.29;0;0.04;0;0
13067020;62.85;19.63;4.53;0.14;4.9;1.16;0;1.72;0.7;0;0;0;0.2;0;0.02;4.15;0
15017020;83.76;12.67;0;0;0;0;0;0.09;0;0;0;0;0;0;0;3.48;0
15037010;67.99;31.04;0;0;0.79;0;0;0.16;0;0;0;0;0;0;0.02;0;0
15037020;54.12;44.98;0;0;0.37;0;0;0.53;0;0;0;0;0;0;0;0;0
15037030;41.37;24.25;0;0;34.38;0;0;0;0;0;0;0;0;0;0;0;0
15067150;23.03;56.48;0;0.45;12.14;0;0;0.28;0;0;0;0;0;0;2.33;5.29;0
16017020;43.42;28.8;16.77;0.79;0;0;0;0;0;0;0;0;0;0;0.21;10;0
16027010;95.25;4.75;0;0;0;0;0;0;0;0;0;0;0;0;0;0;0
16027020;55.24;35.27;0;0;0;0;0;0;0;0;0;0;1.67;0;0;7.83;0
16027100;70.58;7.08;0.78;0.06;0;0;0;0.08;0;0;0;0;0;0;4.86;16.54;0
16027120;72.78;9.78;10.73;0.05;0;0;0;0.09;0;0;0;0;0;0;3.74;2.84;0
16027280;61.39;8.97;6.04;0.44;1.23;0;0;0.15;0;0;0;0;0;3.69;8.98;9.11;0
16027300;68.65;15.1;16.2;0.02;0;0;0;0.04;0;0;0;0;0;0;0;0;0
16037010;74.62;23.05;0;0.03;0;0;0;0.18;0;0;0;0;2.12;0;0;0;0
16037020;65.23;18.28;1.94;0.06;0;0;0;0.31;0;0;0;0;5.14;0;0.26;8.79;0
16037030;78.52;13.27;3.96;0.12;0;0;0;0;0;0;0;0;0;0;0.53;3.6;0
16037040;63.03;36.73;0;0.02;0;0;0;0.23;0;0;0;0;0;0;0;0;0
16037050;44.39;26.27;0;0;0;0;0;0;0;0;0;0;8.96;0;0;20.38;0
16047010;25.95;21.63;37.6;0;0;0;0;0.09;0;0;0;0;0;14.72;0;0;0
16047030;26.58;31.6;33.78;0.01;0;0;0;0.55;0;0.01;0;0;0;7.46;0;0;0
16057020;12.53;30.53;13.66;0;0;0;0;0;0;0;0;0;0;35.33;0;7.94;0
16057030;30.18;32.05;4.47;0.29;0;0;0;0;0;0;0;0;0;24.12;0;8.89;0
16057040;46.74;19.31;10.99;0.69;0;0;0;0;0;0;0;0;0;10.78;0;11.48;0
16057050;48.92;30.55;1.66;0;0;0;0;0;0;0;0;0;0;15.22;0;3.65;0
16067010;60.12;23.42;8.68;0.2;0;0;0;0.38;0;0.19;0;0;0;3.93;0;3.08;0
16067020;59.74;19.75;10.91;0.25;0;0;0;0.31;0;0.24;0;0;0;4.93;0;3.86;0
21017020;27.39;25.24;47.3;0;0;0;0;0.07;0;0;0;0;0;0;0;0;0
21017040;33.77;16.21;44.01;0.31;4.27;0;0;0.22;0;0;0;0;0;0;0;1.21;0
21017050;66;20.74;8.69;0.29;4.28;0;0;0;0;0;0;0;0;0;0;0;0
21017060;43.74;29.27;26.85;0;0;0;0;0.14;0;0;0;0;0;0;0;0;0
21027010;38.12;14.96;41.21;0.31;4.05;0;0;0.25;0;0;0;0;0;0;0;1.1;0
21037010;60.62;2.95;28.81;0.11;5.9;0;0;0.3;0;0;0;0;0.01;0;0;1.29;0
21047010;42;13.76;33.73;0.27;4.49;0;0;0.34;0.01;0;0;0;1.15;0;0.03;4.23;0
21057040;44.39;0;49.42;0.01;0.42;0;0;0.28;0;0;0;4.74;0.49;0;0;0.26;0
21057050;41.75;12.19;37.7;0.04;6.75;0;0;0.42;0;0;0;0.71;0;0;0;0.43;0
21057060;33.86;7.61;51.96;0.05;3.1;0;0;0.37;0.3;0;0;0.64;0.19;0;0;1.92;0
21057070;6.73;11.61;77.17;0.02;2.16;0;0;0.4;0;0;0;0.15;0.37;0;0;1.38;0
21057080;64.65;5.23;27.37;0;2.75;0;0;0;0;0;0;0;0;0;0;0;0
21057110;37.8;28.13;31.44;0.01;0;0;0;0.16;0;0;0;2.46;0;0;0;0;0
21057120;4.19;32.76;48.89;0;0;0;0;0;0;0;0;14.16;0;0;0;0;0
21087070;42.43;21.21;21.25;0.07;2.36;0;0.26;0.61;2.18;0;0;0;1.93;0;7.69;0;0
21087080;43.68;22.23;18.29;0.08;1.83;0;1.51;0.63;1.6;0;0;0;3.05;0;7.11;0;0
21097070;38;14.81;32.31;0.3;3.5;0;0.07;0.84;0.49;0;0;0.2;2.68;0.03;2.97;3.79;0
21097120;43.21;23.52;13.74;0.12;1.73;0;1.15;2.93;1.21;0;0;0;3.54;0;8.84;0;0
21107020;35.41;13.77;17.52;0.14;0;0;0;0;0;0;0;0;0;0;8.43;24.73;0
21127020;42.46;8.46;49;0.09;0;0;0;0;0;0;0;0;0;0;0;0;0
21137010;41.36;17.74;23.31;0.23;2.51;0.53;0.04;0.94;0.29;0;0;0.12;3.35;0.02;2.71;6.83;0
21137020;63.62;1.61;0;0.13;34.49;0;0;0.15;0;0;0;0;0;0;0;0;0
21137030;5.28;12.77;36.86;0;0;0;0;0.11;0;0;0;0;0;0;10.68;34.29;0
21137050;36.91;17.52;26.51;0.25;2.58;0.16;0.05;0.76;0.33;0;0;0.14;3.83;0.02;3.1;7.82;0
21147010;46.24;17.34;14.27;0.05;0.23;1.33;0;0.62;0;0;0;0;3.05;0;0;16.87;0
21147030;54.21;13.51;18.2;0.06;0;0;0;0.72;0;0;0;0;0.59;0;0;12.7;0
21167020;71.29;23.33;2.27;0.08;0;0.55;0;2.47;0;0;0;0;0;0;0;0;0
21167050;81.8;18.15;0;0.05;0;0;0;0;0;0;0;0;0;0;0;0;0
21167080;73.25;24.15;2.14;0.04;0;0.31;0;0.12;0;0;0;0;0;0;0;0;0
21167090;75.32;22.94;1.61;0.13;0;0;0;0;0;0;0;0;0;0;0;0;0
21167100;98.25;1.41;0;0.14;0;0;0;0.19;0;0;0;0;0;0;0;0;0
21187020;43.19;34.32;22.06;0.23;0;0;0;0.21;0;0;0;0;0;0;0;0;0
21187030;47.86;30.22;10.55;0.13;0;0;0;0.87;0;0;0;0;0;0;0;10.37;0
21197010;75.37;0.99;23.37;0.01;0;0;0;0.26;0;0;0;0;0;0;0;0;0
21197030;69.68;5.47;24.47;0.02;0;0;0;0.36;0;0;0;0;0;0;0;0;0
21197110;65.97;0;33.9;0.14;0;0;0;0;0;0;0;0;0;0;0;0;0
21197150;65.56;9.03;23.76;0.33;0;0;0;0.35;0.97;0;0;0;0;0;0;0;0
21207960;64.67;4.06;11.98;7.18;7.43;0;0;1.48;2.76;0;0;0;0;0.04;0;0.41;0
21217180;0;35.07;63.55;0;0;0;0;0;0;0;0;0;0;0;0;0;1.38
21217200;10.62;6.12;82.93;0.06;0;0;0;0;0;0;0;0.1;0;0;0.13;0;0.04
21217280;0;4.27;95.73;0;0;0;0;0;0;0;0;0;0;0;0;0;0
21237010;41.82;21.18;22.37;1.04;2.84;0.28;0.02;0.94;0.51;0;0;0.08;1.77;0.01;1.52;5.59;0.01
21237020;39.78;22.49;22.98;1;2.88;0.43;0.02;0.94;0.45;0;0;0.07;1.57;0.01;1.55;5.78;0.05
21247040;13.42;1.99;79.3;0.02;0;0;0;0.11;0;0;0;0;0;0;3.79;0;1.38
21247050;13.43;1.98;79.33;0.02;0;0;0;0.11;0;0;0;0;0;0;3.77;0;1.36
21257070;41.27;9.33;30.64;0.4;0;5.1;0;0.09;0;0;0;0;0;0;8.27;4.91;0
21257100;19.18;6.64;65.92;0.35;0;0;0;0.19;0;0;0;0;0;0;5.93;0;1.79
21257110;65.17;6.8;12.42;1.05;0;1.94;0;0;0;0;0;0;0;0;0;12.63;0
21257120;0;14.12;81.47;0.18;0;0;0;0.05;0;0;0;0;0;0;2.15;0;2.02
22017010;15.46;60.89;23.31;0;0;0;0;0.34;0;0;0;0;0;0;0;0;0
22017020;16.77;53.48;29.54;0.02;0;0;0;0.19;0;0;0;0;0;0;0;0;0
22017030;71.04;2.41;26.25;0.29;0;0;0;0;0;0;0;0;0;0;0;0;0
22027010;29.27;30.08;40.54;0.06;0;0;0;0.05;0;0;0;0;0;0;0;0;0
22027020;17.39;41.17;41.34;0.02;0;0;0;0.07;0;0;0;0;0;0;0;0;0
22057010;39.33;32.53;22.16;0.08;0;0;0;0.56;0;0;0;0;0;0;0.16;5.18;0
22057040;33.42;37.72;25.31;0.04;0;0;0;0.29;0;0;0;0;0;0;0;3.21;0
22057050;85.86;13.68;0.46;0;0;0;0;0;0;0;0;0;0;0;0;0;0
22057060;30.72;39.84;28.37;0.03;0;0;0;0.16;0;0;0;0;0;0;0;0.87;0
22057070;34.79;36.68;24.5;0.04;0;0;0;0.35;0;0;0;0;0;0;0;3.64;0
22057080;33.46;37.67;25.32;0.04;0;0;0;0.3;0;0;0;0;0;0;0;3.21;0
22057090;33.99;37.1;24.9;0.04;0;0;0;0.32;0;0;0;0;0;0;0;3.65;0
22067010;66;11.22;5.84;0.42;0;0;0;1.65;0;0;0;0;0;0;2.38;12.49;0
22077050;6.66;31.14;60.03;0.02;0;0;0;0.89;0;0;0;1.25;0;0;0;0;0
22077060;27.51;5.93;66.54;0.02;0;0;0;0;0;0;0;0;0;0;0;0;0
23017020;0;4.75;0;0;0;95.23;0;0;0;0;0;0;0;0;0;0.02;0
23017030;15.19;22.29;45.68;0.57;0;4.46;0;0.5;0;0;0;0;0;0;1.92;9.23;0.15
23017040;7.24;34.45;54.22;0.27;0;0;0;0.3;0;0;0;0;0;0;3.25;0;0.27
23037010;38.61;22.85;23.43;0.99;2.77;0.71;0.02;0.93;0.49;0;0;0.07;1.51;0.01;1.73;5.84;0.05
23057140;39.62;22.82;21.87;0.16;0;0;0;0.66;0.04;0;0;0;9.17;0;5.67;0;0
23067020;79.4;12.13;6.33;0.28;0.61;0;0;0.46;0;0;0;0;0;0;0;0.81;0
23067040;69.5;24.09;0.01;0.02;0;0;0;1.44;0;0;0;0;3.01;0;0;1.92;0
23067050;84.73;7.57;6.4;0.31;0;0;0;0.39;0;0;0;0;0;0;0;0.61;0
23067060;88.56;3.97;7.1;0.25;0;0;0;0.12;0;0;0;0;0;0;0;0;0
23067080;88.36;3.45;7.85;0.34;0;0;0;0;0;0;0;0;0;0;0;0;0
23077020;74.58;4.25;0;0.08;0;0;0;0.27;0;0;0;0;20.82;0;0;0;0
23087150;3.37;0;95.62;0.5;0;0;0;0.52;0;0;0;0;0;0;0;0;0
23087160;94.84;4.43;0;0.21;0;0;0;0.52;0;0;0;0;0;0;0;0;0
23087180;51.76;2.76;44.67;0.09;0;0;0;0.72;0;0;0;0;0;0;0;0;0
23087200;58.51;0.22;40.97;0;0;0;0;0.31;0;0;0;0;0;0;0;0;0
23087210;60.35;1.3;33.2;0.28;0.2;0;0;2.7;0;0;0;0;1.98;0;0;0;0
23087260;8.36;0;87.12;1.97;0.59;0;0;1.95;0;0;0;0;0;0;0;0;0
23087300;3.11;0;93.71;0.8;1.85;0;0;0.52;0;0;0;0;0;0;0;0;0
23087660;8.58;0;89.48;1.94;0;0;0;0;0;0;0;0;0;0;0;0;0
23087670;12.75;0;86.9;0.21;0;0;0;0.14;0;0;0;0;0;0;0;0;0
23087830;6.3;0;90.75;1.3;1.12;0;0;0.54;0;0;0;0;0;0;0;0;0
23097030;44.49;20.19;20.79;0.79;2.13;0.54;0.01;1.18;1.21;0;0;0.05;2.46;0.01;1.48;4.63;0.04
23107020;65.04;2.54;0;0.05;0;0;0;0.16;0;0;0;0;32.21;0;0;0;0
23107030;94.93;4.93;0;0.14;0;0;0;0;0;0;0;0;0;0;0;0;0
23107040;93.78;6.13;0;0.09;0;0;0;0;0;0;0;0;0;0;0;0;0
23127010;79.77;11.68;8.54;0;0;0;0;0;0;0;0;0;0;0;0;0;0
23127020;56.88;10.04;20.4;0.04;1;0;0;0.7;10.64;0;0;0;0.06;0;0;0.24;0
23127060;59.45;9.18;22.24;0.05;1.08;0;0;0.59;7.08;0;0;0;0.06;0;0;0.26;0
23147020;58.03;10.41;16.34;0.01;0.74;0;0;0.99;7.84;0;0;0;0;0;0;5.66;0
23157080;44.12;18.02;20.85;0.62;3.21;0.88;0.01;1.26;2.52;0;0;0.03;2.56;0.57;1.07;4.22;0.05
23187040;78.64;11.83;0;0.12;0;0;0;0;9.41;0;0;0;0;0;0;0;0
23187240;49.03;19.45;10.37;1.46;6.92;0.33;0;0.23;1.53;0;0;0;1.73;0;0.34;8.6;0
23187250;49.34;18.77;9.77;1.38;6.52;0.31;0;0.22;2.8;0;0;0;2.48;0;0.32;8.1;0
23187300;48.01;19.99;10.66;1.5;7.11;0.34;0;0.2;1.57;0;0;0;1.43;0;0.35;8.84;0
23197130;90.19;5.44;0;0;0.42;0;0;0;0;0;0;0;0;0;0;3.96;0
23197290;42.08;17.44;15.16;3.84;3;0.91;0;0.05;0;0;0;0;0;0;0.94;16.58;0
23197410;72.53;9.65;11.14;0.03;0.08;0;0;0.02;4.49;0;0;0;2.06;0;0;0;0
23197690;43.51;17.15;17.95;1.01;0;0;0;0;0;0;0;0;0;0;2.43;17.96;0
23197700;51.17;18.18;18.86;0.13;5.48;0;0;0.12;0;0;0;0;0;0;1.38;4.69;0
23207010;100;0;0;0;0;0;0;0;0;0;0;0;0;0;0;0;0
23207060;81.5;11.65;0;0.09;0;0;0;3.17;3.59;0;0;0;0;0;0;0;0
24017150;68.07;0;13.33;0.22;17.9;0;0;0.49;0;0;0;0;0;0;0;0;0
24017570;35.93;8.4;30.98;0.3;9.19;6.42;0;0.86;0.12;0;0;0;0;5.54;0;2.26;0
24017590;44.5;3.03;35.94;0.37;12.88;0;0;1.59;0.28;0;0;0;0;0;0;1.42;0
24017600;11.94;10.02;32.51;0.25;12.48;6.81;0;0.42;0;0;0;0;0;25.57;0;0;0
24017610;35.97;2.9;32.05;0;29.08;0;0;0;0;0;0;0;0;0;0;0;0
24017740;31.12;7.1;57.18;0.01;0;0;0;0.02;0;0;0;0;0;4.57;0;0;0
24017820;5.03;0.21;94.56;0.03;0;0;0;0.04;0;0;0;0;0;0.14;0;0;0
24027010;43.54;17.61;29.7;0.08;0.98;0;0;0.2;0;0;0;0;0;0;0.72;7.16;0
24027030;32.92;15.5;44.79;0.01;2.35;0;0;0.1;0;0;0;0;0;0;0.78;3.55;0
24027040;32.45;59.29;6.22;0.13;0;0;0;0.01;0;0;0;0;0;0;1.9;0;0
24027050;48.29;12.01;37.36;0.02;0.97;0;0;0.26;0;0;0;0;0;0;0.46;0.63;0
24027060;52.37;6.9;37.68;0;0;0;0;0.05;0;0;0;0;0;0;2.41;0.59;0
24027070;41.92;13.81;33.68;0.07;1.32;0;0;0.17;0;0;0;0;0;0;0.49;8.53;0
24037010;80.91;3.19;10.51;0;0.89;0;0;0;0;0;0;0;0;0;0;4.5;0
24037030;0.02;0.65;37.47;0.13;46.88;0;0;1.28;0;0;0;0;0;9.43;0;4.14;0
24037040;0.74;29.41;50.9;0;0.34;0;0;0.68;0;0;0;0;0;0;0.28;0;17.64
24037070;11.94;4.26;47.61;0.09;36.1;0;0;0;0;0;0;0;0;0;0;0;0
24037130;4.66;0.96;30.58;1.64;51.22;0;0;0.56;0;0;0;0;0;7.47;0;2.91;0
24037290;9.58;6.76;34.27;1.54;37.18;0;0;2.73;0;0;0;0;0;6.43;0;1.5;0
24037370;43.77;11.46;35.2;0.03;8.47;0;0;0.01;0;0;0;0;0;0;0;1.05;0
24037390;7.91;14.64;48.21;0.68;17.69;0;0;1.12;0;0;0;0;0;5.2;0.05;3.99;0.52
24037410;17.35;22.33;42.66;0.28;17.27;0;0;0.11;0;0;0;0;0;0;0;0;0
24037460;9.16;6.18;34.64;1.51;37.7;0;0;2.77;0;0;0;0;0;6.52;0;1.52;0
24037580;0;0;55.87;0.14;39.37;0;0;0.03;0;0;0;0;0;0.21;0;4.38;0
24040060;40.56;10.59;26.51;0.27;5.84;6.13;0;0.61;0.06;0;0;0;0;3.03;0.19;6.21;0
24067010;29.84;15.33;31.62;0.38;9.45;2.91;0;0.72;0.03;0;0;0;0;3.08;0.57;5.93;0.16
24067020;32.32;15.35;29.94;0.35;8.76;2.67;0;0.84;0.65;0;0;0;0.08;2.83;0.53;5.54;0.15
25027050;34.84;6.66;41.03;0.84;1.64;2.68;0;0.7;0.01;0;0;0.36;1.85;0;1.53;7.81;0.05
26017020;1.58;11.76;78.21;1.6;0;0;0;0.57;0;0;0;5.3;0.99;0;0;0;0
26017040;0;0;100;0;0;0;0;0;0;0;0;0;0;0;0;0;0
26017060;0.84;3.12;81.08;0;0;0;0;0.09;0;0;0;14.87;0;0;0;0;0
26017070;0.78;0.02;93.64;0;0;0;0;0;0;0;0;5.56;0;0;0;0;0
26027090;12.3;11.4;64.29;0;12;0;0;0;0;0;0;0;0;0;0;0;0
26027100;6.94;6.33;80.1;0.29;6.35;0;0;0;0;0;0;0;0;0;0;0;0
26027200;3.98;0;84.11;0;11.87;0;0;0;0;0;0;0.03;0;0;0;0;0
26027210;29.53;6.21;63.9;0;0;0;0;0.35;0;0;0;0;0;0;0;0;0
26027250;34.9;14.5;50.6;0;0;0;0;0;0;0;0;0;0;0;0;0;0
26037010;62.51;10.64;26.81;0.04;0;0;0;0;0;0;0;0;0;0;0;0;0
26047020;29.24;0;69.26;0.06;0;0;0;0.38;0;0;0;0;0;0;0;1.07;0
26057040;23.94;9.01;61.82;0;0;0;0;0.32;0;0;0;0;0;0;3.3;1.62;0
26127040;18.7;3.81;65.12;1.83;2.22;0.1;0;0.44;0;0;0;1.37;0;0;0;6.32;0.09
26137110;6.9;0;66.55;0;0;0;0;1.15;0;0;0;13.65;0;0;9.03;0;2.72
26137120;30.4;0;64.69;0.53;0;0;0;0.23;0;0;0;4.15;0;0;0;0;0
26147130;39.22;0;57.57;0.65;0;0;0;0;0;0;0;0;0;0;0;2.56;0
26147140;13.21;2.03;42.32;0.52;1.3;0;0;0.36;0;0;0;0;0;0;0.3;39.96;0
26157020;1.48;0.06;81.97;2.09;0;0;0;0.33;0;0;0;0.13;0;0;8.9;4;1.03
26157100;0.83;0.19;90.45;2.86;0;0;0;0.13;0;0;0;0;0;0;4.34;1.2;0
26167070;27.05;7.43;44.78;1.25;2.78;4.55;0;0.62;0;0;0;0.59;0.37;0;2.32;8.17;0.09
26167080;2.25;0;44.19;0.15;0;0;0;0.6;0;0;0;0;0;0;2.9;49.91;0
26167090;0;8.66;79.63;0.06;0;0;0;0;0;0;0;0;0;0;2.93;8.72;0
26177010;1.16;1.08;67.99;0.79;0;0;0;0;0;0;0;0;0;0;5.9;23.08;0
26177030;28.64;8.32;43.69;1.22;2.91;5.11;0;0.6;0;0;0;0.37;0.41;0;2.03;6.67;0.01
26187110;25.28;7.26;44.97;1.2;2.58;4.22;0;0.62;0;0;0;0.55;0.34;0;2.26;10.64;0.08
26197010;18.52;0.6;79.5;0.28;0;0;0;0;0;0;0;0.41;0;0;0.68;0;0
26197030;37.27;2.92;58.8;0.3;0;0;0;0.26;0;0;0;0.17;0;0;0.28;0;0
26207030;25.37;6.77;46.27;1.12;2.35;3.85;0;0.61;0;0;0;0.5;0.31;0;2.16;10.61;0.08
26207080;26.07;6.66;46.98;1.07;2.2;3.6;0;0.6;0;0;0;0.48;0.29;0;2.03;9.94;0.07
26217010;69.69;3.38;24.97;0.14;0;0;0;0;0;0;0;0;0;0;0;1.82;0
26237020;47.4;0;52.32;0.17;0;0;0;0.12;0;0;0;0;0;0;0;0;0
26237040;30.23;7.27;44.55;0.91;1.82;2.98;0;0.59;0;0;0;0.4;0.85;0;1.7;8.66;0.06
26237100;27.81;7.21;45.77;1;2;3.28;0;0.62;0;0;0;0.44;0.46;0;1.85;9.51;0.07
26247020;34.28;6.72;41.39;0.84;1.66;2.71;0;0.67;0;0;0;0.36;1.87;0;1.55;7.9;0.05
26247030;30.8;7.15;43.84;0.9;1.79;2.93;0;0.59;0;0;0;0.38;1.37;0;1.67;8.52;0.06
27027060;99.37;0;0;0.63;0;0;0;0;0;0;0;0;0;0;0;0;0
27027080;96.12;0;0;0;0;0;0;0;0;0;0;0;3.88;0;0;0;0
27037010;78.75;3.51;8.4;1.07;0;0;0;0.75;1.29;0;0;0;6.24;0;0;0;0
28017080;40.91;44.58;0;0.02;11.93;0;0;0.32;0;0;0;0;0;0;0;2.24;0
28027160;36.8;42.17;1.63;0.47;9.9;0;0;0.29;0;0;0;0;0;0;0.34;8.4;0
28037030;37.73;42.69;0;0.86;10.35;0;0;0.38;0;0;0;0;0;0;1.14;6.85;0
28037060;16.4;64.53;0;0;0.02;0;0;0;0;0;0;0;0;0;0;19.06;0
29037020;48.25;16.69;16.68;0.58;3.51;1.99;0;2.37;2.49;0;0;0.07;2.03;0.28;0.74;4.28;0.03
29067040;52.98;27.56;0;0.17;0;0;0;0;0;0;0;0;0;0;0;19.3;0
29067060;41.9;34.68;20.08;0;0;2.94;0;0.09;0;0;0;0;0;0;0;0.31;0
29067070;48.04;28.81;5.93;0;0;0;0;0.03;0;0;0;0;0;0;0;17.18;0
29067120;44.36;32.58;18.3;0.08;0;4.3;0;0.11;0;0;0;0;0;0;0;0.28;0
29067130;40.4;43.05;15.47;0;0;0;0;1.08;0;0;0;0;0;0;0;0;0
29067150;39.75;43.44;15.73;0;0;0;0;1.07;0;0;0;0;0;0;0;0;0
31097010;23.91;23.27;0.03;0.01;0;0;0;1.15;20.24;0.47;0;0.77;29.21;0;0.94;0;0
31097020;15.69;19.3;0;0;0;0;0;0.91;17.65;0.9;0;0;44.35;0;1.2;0;0
32037030;45.2;39.34;0.3;0;0;0;0;0.65;7.87;0;0;0;6.62;0;0;0.02;0
32067030;0.08;99.43;0.02;0;0;0;0;0.47;0;0;0;0;0;0;0;0;0
32077070;47.15;28.86;0;0;0;0;0;0.77;18.33;0;0;0;4.89;0;0;0;0
32077080;30.92;37.02;0;0;0;0;0;1.66;23.56;0;0;0;6.83;0;0;0;0
32077110;16.88;66.66;0;0;0;0;0;1.26;15.2;0;0;0;0;0;0;0;0
32107010;45.61;27.85;0.12;0;0;0;0;0.92;17.15;0;0;0;8.25;0;0.1;0.01;0
32157040;34.89;23.09;0.06;0.01;0;0;0;1.1;18.91;0;0;0.42;20.45;0;1.07;0;0
32157060;34.28;23.49;0.07;0.01;0;0;0;1.16;18.74;0;0;0.43;20.78;0;1.05;0;0
32207010;29.17;24.83;0.05;0.01;0;0;0;1.24;22.37;0;0;1.28;20.27;0;0.79;0;0
33077010;32.69;7.98;0;0;0;0;0;1.22;27.45;0;0;4.36;26.3;0;0;0;0
35017020;46.37;14.3;8.42;0.03;0.39;0;0;1.48;22.24;0;0;0;6.74;0.02;0;0;0
35017040;35.1;17.21;0;0;0;0;0;1.65;38.98;0;0;0;7.07;0;0;0;0
35027100;65.03;0.36;34.05;0.19;0;0;0;0.38;0;0;0;0;0;0;0;0;0
35027130;67.61;0.56;31.13;0;0;0;0;0.7;0;0;0;0;0;0;0;0;0
35027140;57.89;16.32;23.74;0.06;1.11;0;0;0.73;0.09;0;0;0;0;0.06;0;0;0
35027190;71.72;2.11;22.82;0.13;2.42;0;0;0.67;0;0;0;0;0;0.12;0;0;0
35027200;62.5;7.82;28.89;0.01;0;0;0;0.69;0.09;0;0;0;0;0;0;0;0
35027210;63.46;7.42;26.94;0.07;1.27;0;0;0.68;0.1;0;0;0;0;0.07;0;0;0
35057010;75.54;15.47;6.86;0.04;0;0;0;2.1;0;0;0;0;0;0;0;0;0
35067010;78.31;0;21.69;0;0;0;0;0;0;0;0;0;0;0;0;0;0
35067040;73.43;0.14;25.15;0.08;0;0;0;0.67;0.52;0;0;0;0;0;0;0;0
35067050;72.4;0.17;26.04;0.11;0;0;0;0.59;0.7;0;0;0;0;0;0;0;0
35067090;83.24;2.72;14.04;0;0;0;0;0;0;0;0;0;0;0;0;0;0
35077080;70.42;0.56;26.26;0.23;0.03;0;0;0.01;0;0;0;0;0;0;0;2.48;0
35077090;6.78;3.86;72.8;0.32;15.85;0;0;0.19;0;0;0;0;0;0.21;0;0;0
35077120;14.76;12.77;66.82;0.27;4.24;0;0;0.22;0;0;0;0;0;0.05;0;0.88;0
35077140;84.8;0.81;14.29;0.05;0.03;0;0;0.02;0;0;0;0;0;0;0;0;0
35087010;46.76;7.14;45.7;0.08;0;0;0;0.32;0;0;0;0;0;0;0;0.01;0
35087020;34.36;6.27;59.02;0.1;0;0;0;0.24;0;0;0;0;0;0;0;0.01;0
35087030;8.32;40.39;51.3;0;0;0;0;0;0;0;0;0;0;0;0;0;0
35087040;29.36;18.61;52.03;0;0;0;0;0;0;0;0;0;0;0;0;0;0
35097010;0;0;100;0;0;0;0;0;0;0;0;0;0;0;0;0;0
35097080;34.34;4.4;61.15;0;0;0;0;0.11;0;0;0;0;0;0;0;0;0
35097090;41.34;10.41;45.51;0;0;2.46;0;0.28;0;0;0;0;0;0;0;0;0
35097100;7.72;4.21;88.03;0;0;0;0;0.05;0;0;0;0;0;0;0;0;0
35107030;54.52;16.05;5.59;0.09;0.22;0;0;1.74;16.33;0;0;0;4.56;0.01;0.87;0;0
35117010;53.41;14.82;13.85;0.11;0.36;0.22;0;1.59;10.13;0;0;0;4.46;0.01;0.48;0.56;0
35127010;25.34;3.09;0;0;0;0;0;0.49;36.72;0;0;0;34.35;0;0;0;0
35127020;26.01;1.67;0;0;0;0;0;0.49;27.7;0;0;0;44.13;0;0;0;0
35197020;7.34;2.06;90.39;0;0;0;0;0.21;0;0;0;0;0;0;0;0;0
35197030;47.47;35.74;0;0;0;0.94;0;0;15.13;0;0;0;0;0.71;0;0;0
35197040;62.22;34.97;0.12;0;0;1.95;0;0.16;0;0;0;0;0.6;0;0;0;0
35197050;10.56;5.15;84.11;0;0;0;0;0.17;0;0;0;0;0;0;0;0;0
35197190;43.07;6.16;50.46;0.01;0;0;0;0.29;0;0;0;0;0;0;0;0;0
35217030;28.75;26.84;43.03;0.02;0;1;0;0.37;0;0;0;0;0;0;0;0;0
35217060;61.5;27.91;8.27;0.03;0;1.24;0;0.42;0.46;0;0;0;0.17;0;0;0;0
35257040;65.17;9.09;4.6;0.07;0.09;0.19;0;1.65;10.06;0;0;0.03;8.66;0.13;0.12;0.14;0
35267030;57.84;11.16;7.09;0.08;0.14;0.25;0;1.38;12.11;0;0;0;9.46;0.06;0.19;0.22;0
35267080;60.89;10.13;6.21;0.08;0.12;0.22;0;1.51;11.22;0;0;0;9.17;0.08;0.17;0.19;0
36027050;79.75;7.53;0.01;0.09;0;0;0;1.72;5.86;0;0;0;5.05;0;0;0;0
37017040;66.74;25.49;7.49;0.06;0;0;0;0.05;0;0;0;0;0;0;0;0.17;0
37017050;65.8;18.59;14.27;0.06;0;0;0;0.05;0;0;0;0.29;0;0;0;0.95;0
37027010;65.04;22.17;11.81;0.04;0;0;0;0.11;0;0;0;0.25;0;0;0;0.58;0
37037010;44.58;12.73;28.01;0;0;0;0;0.35;0;0;0;14.33;0;0;0;0;0
37057020;54.77;19.01;17.4;0.1;0;0;0;1.33;0;0;0;5.63;1.14;0;0;0.19;0.43
42067010;26.09;14.2;0;0.01;0;0;0;0.44;18.79;0;0;0;39.88;0;0.58;0;0
42077010;27.33;18.04;0;0.01;0;0;0;0.46;15.96;0;0;0;37.7;0;0.49;0;0
42077020;29.49;18.85;0;0.02;0;0;0;0.56;14.87;0;0;0;35.75;0;0.46;0;0
44017050;0;8.8;91.2;0;0;0;0;0;0;0;0;0;0;0;0;0;0
44017060;0.95;0;96.36;0.08;0;0;0;0;0;0;0;2.61;0;0;0;0;0
44017090;1.06;2.68;94.86;0.02;0;0;0;0;0;0;0;1.38;0;0;0;0;0
44017110;44.45;17.95;36.33;0;0.84;0;0;0.3;0;0;0;0.13;0;0;0;0;0
44017140;69.99;1.09;28.92;0;0;0;0;0;0;0;0;0;0;0;0;0;0
44037050;92.65;4.83;0.19;0.19;0;0;0;0.38;1.56;0;0;0;0.21;0;0;0;0
44037060;98.29;1.1;0.13;0.08;0;0;0;0.39;0;0;0;0;0;0;0;0;0
44037080;99.16;0;0.15;0;0;0;0;0.69;0;0;0;0;0;0;0;0;0
44037090;88.67;4.52;0.13;0.18;0;0;0;0.49;5.82;0;0;0;0.2;0;0;0;0
44037100;95.95;3.43;0;0;0;0;0;0.37;0.24;0;0;0;0;0;0;0;0
46017010;82.83;6.46;0.55;0.02;0;0;0;0.24;8.16;0;0;0;1.71;0;0;0.02;0
47017020;9.03;6.75;66.35;0;0;0;0;17.46;0;0;0;0.4;0;0;0;0;0
47017100;18.4;15.09;63.6;0.36;2.08;0;0;0.44;0;0;0;0.02;0;0;0;0;0
47017110;4.64;2.07;93.29;0;0;0;0;0;0;0;0;0;0;0;0;0;0
47017130;13.32;3.7;73.48;0;0;0;0;9.29;0;0;0;0.21;0;0;0;0;0
47017150;91.19;7.2;0;0.18;0;0;0;1.43;0;0;0;0;0;0;0;0;0
47017160;66.85;21.34;10.22;0.14;0.29;0;0;1.17;0;0;0;0;0;0;0;0;0
47030010;61.96;13.41;22.63;0.12;0.14;0;0;1.73;0;0;0;0.02;0;0;0;0;0
47077010;12.5;1.27;0;0;0;0;0;0;36.74;0;0;0;49.49;0;0;0;0
51027020;42.65;1.03;56.21;0.06;0;0;0;0.05;0;0;0;0;0;0;0;0;0
51027030;25.53;6.83;67.64;0;0;0;0;0;0;0;0;0;0;0;0;0;0
51027060;39.82;2.46;57.21;0.02;0;0;0;0.36;0;0;0;0.14;0;0;0;0;0
52017010;29.54;4.76;31.44;0.09;3.3;0;0;0.37;0;0;0;0.01;0;0;2.57;27.91;0
52017030;34.04;1.6;29.6;0.12;0.16;0;0;0.36;0;0;0;0;0;0;1.42;32.7;0
52017060;32.21;2.49;24.66;0.12;1.73;0;0;0.4;0;0;0;0;0;0;1.08;37.3;0
52017070;73.63;0;8.81;0;0;0;0;0;0;0;0;0;0;0;0;17.56;0
52017080;29.9;0.04;64.09;0.03;5.05;0;0;0.14;0;0;0;0;0;0;0;0.75;0
52017100;27.22;0;38.88;0.4;0;0;0;0.32;0;0;0;0;0;0;0.89;32.29;0
52017110;23.85;0;55.23;0.08;0;0;0;0.39;0;0;0;0;0;0;0;20.45;0
52017120;25.71;4.36;28.71;0.09;0;0;0;0.39;0;0;0;0;0;0;2.18;38.56;0
52017130;33.87;0;40.41;0.14;0;0;0;0.36;0;0;0;0;0;0;1.39;23.82;0
52027010;56.09;1.32;33.71;0.18;0.3;0;0;0.27;0;0;0;0;0;0;0;8.13;0
52027030;52.88;0.88;41.82;0.03;0.16;0;0;0.06;0;0;0;0;0;0;0;4.17;0
52037010;46.27;14.73;38.67;0.3;0;0;0;0.03;0;0;0;0;0;0;0;0;0
52047010;21.93;7.29;70.41;0;0;0;0;0.37;0;0;0;0;0;0;0;0;0
52047020;10.27;8.19;45.34;0.02;15.42;0;0;0.19;0;0;0;0.07;0;0;0.11;20.38;0
52057030;28.34;7.64;51.39;0.54;1.46;0;0;0.32;0;0;0;0.22;0;0;0.05;10.03;0
52057040;35.54;12.78;47.44;1.29;0;0;0;0.96;0;0;0;1.99;0;0;0;0;0
52057050;28.48;8.82;53.94;0.68;1.85;0;0;0.36;0;0;0;0.28;0;0;0;5.59;0
52057060;29.8;5.56;53.96;0.06;0;0;0;0;0;0;0;0;0;0;0;10.62;0
52067010;22.18;50.31;26.93;0;0;0;0;0.58;0;0;0;0;0;0;0;0;0
52067040;47.95;0;51.89;0;0;0;0;0.15;0;0;0;0;0;0;0;0;0
53047010;9.65;27.45;17.53;0;0.8;0;0;0.66;0;0;0;0;43.91;0;0;0;0
53077010;44.19;10.15;37.94;0.04;3.12;0;0;0;0;0;0;0;0;0;0;4.57;0
53077020;45.3;15.64;25.35;0.02;1.94;0;0;0.38;0;0;0;0;8.52;0;0;2.85;0
53077060;58.01;35.89;6.04;0;0;0;0;0.06;0;0;0;0;0;0;0;0;0
54017040;60.06;3.66;35.47;0.06;0;0;0;0.25;0;0;0;0.49;0;0;0;0;0
54027030;77.26;5.05;16.48;0.06;0;0;0;0.98;0;0;0;0.17;0;0;0;0;0
54057010;76.75;7.19;13.06;0.06;0.51;0;0;1.12;0;0;0;0.1;0.2;0;0;1.01;0
54077010;56.03;9.09;10.7;0.07;0.95;0;0;2.22;12.17;0;0;0;7.6;0;0;1.16;0
54077030;64.01;8.3;12.72;0.09;1.14;0;0;2.47;8.73;0;0;0;1.13;0;0;1.4;0
