gauge_id;aridity;high_prec_freq;high_prec_dur;low_prec_freq;low_prec_dur
11017010;0.57;2.88;0.86;75.55;7.41
11027010;0.77;2.48;0.81;103.10;10.19
11027030;0.79;3.41;0.88;120.33;10.67
11035020;0.48;1.58;0.75;58.58;5.50
11037020;0.45;2.66;0.90;96.95;8.10
11047010;0.49;1.22;0.61;50.59;5.10
11047030;0.48;1.90;0.80;79.70;7.88
11057010;0.51;1.11;0.47;39.68;4.90
11057020;0.52;1.19;0.57;46.38;5.24
11077010;0.58;1.14;0.57;47.31;5.91
11077020;1.17;3.84;1.05;124.81;12.54
11077030;0.92;2.00;0.76;66.14;8.81
11117010;1.41;3.76;0.98;109.24;13.64
11117050;1.24;2.86;0.89;97.74;13.66
12017020;0.82;3.55;1.00;97.26;15.50
12017060;1.29;6.48;1.17;139.93;20.00
12017080;1.18;5.65;1.10;141.71;20.84
12027010;1.52;5.00;1.10;133.00;18.72
12027050;1.68;6.43;1.21;148.12;20.69
12027060;1.17;8.12;1.32;149.60;21.80
12037010;2.22;6.36;1.07;140.71;20.07
13017010;0.94;1.17;0.61;79.28;14.00
13017020;0.94;0.94;0.56;87.11;14.83
13037010;0.93;1.13;0.60;75.07;11.93
13037040;0.99;1.23;0.67;79.17;13.67
13047030;1.02;0.79;0.47;78.00;14.63
13047040;0.99;0.90;0.45;81.40;15.05
13067020;1.37;1.57;0.81;95.81;16.24
15017020;2.26;15.00;2.22;209.73;46.05
15037010;0.89;11.42;2.34;165.79;22.47
15037020;0.78;10.02;1.83;145.62;20.31
15037030;1.17;12.78;2.37;176.30;23.59
15067150;2.42;9.36;2.29;160.29;28.43
16017020;2.30;16.76;2.31;215.81;21.50
16027010;1.61;15.47;2.15;188.24;22.06
16027020;1.84;13.36;1.71;193.07;26.00
16027100;2.00;15.51;2.24;184.88;18.66
16027120;1.79;11.97;1.94;160.64;17.33
16027280;2.31;11.90;1.97;155.69;17.03
16027300;2.31;16.84;2.05;208.47;20.21
16037010;1.57;8.29;1.48;148.83;18.86
16037020;2.07;10.14;1.67;145.50;17.36
16037030;2.29;12.69;1.98;167.19;19.26
16037040;1.22;6.31;1.40;133.20;18.26
16037050;1.92;12.87;1.82;167.51;19.77
16047010;1.95;9.81;1.52;172.02;19.45
16047030;2.25;7.90;1.53;158.47;18.47
16057020;2.06;8.81;1.46;169.31;21.85
16057030;2.31;6.51;1.29;145.85;19.85
16057040;2.46;5.95;1.19;151.22;20.92
16057050;2.09;8.05;1.37;165.47;20.63
16067010;1.73;4.06;1.17;120.94;17.77
16067020;1.90;5.85;1.55;134.95;16.45
21017020;1.68;17.17;1.69;210.55;17.00
21017040;1.85;14.36;1.62;189.31;14.31
21017050;1.84;16.15;1.73;213.39;18.15
21017060;1.66;18.19;1.75;211.94;16.69
21027010;1.94;14.24;1.64;188.10;14.29
21037010;1.83;14.88;1.75;192.90;15.93
21047010;1.99;12.35;1.38;172.85;13.15
21057040;1.52;13.07;1.29;195.43;17.07
21057050;1.79;16.61;1.56;205.12;16.44
21057060;1.80;14.08;1.40;184.53;15.88
21057070;1.68;11.86;1.36;183.64;17.21
21057080;1.78;20.42;1.66;239.81;21.95
21057110;1.52;20.07;1.69;222.69;19.38
21057120;1.33;22.05;1.81;245.10;24.86
21087070;2.03;19.23;1.83;218.15;22.08
21087080;2.11;18.70;1.95;211.38;20.95
21097070;2.07;10.12;1.26;154.31;13.33
21097120;2.22;19.50;1.86;214.75;21.14
21107020;2.06;17.05;1.77;206.87;16.62
21127020;1.75;19.31;1.77;219.03;22.18
21137010;2.17;9.12;1.21;148.48;12.93
21137020;2.74;16.02;1.78;197.02;20.10
21137030;1.82;19.22;1.85;207.56;20.63
21137050;2.17;9.49;1.24;148.27;13.15
21147010;2.29;14.55;1.69;185.38;14.88
21147030;2.00;15.63;1.63;197.49;16.85
21167020;1.83;13.91;1.57;188.05;16.48
21167050;1.95;17.74;1.71;226.88;19.95
21167080;1.84;16.58;1.68;197.19;17.90
21167090;1.92;17.96;1.68;214.89;18.36
21167100;1.79;17.31;1.46;209.08;22.62
21187020;2.09;16.17;1.56;222.07;19.39
21187030;2.23;15.54;1.42;200.22;18.29
21197010;1.74;16.57;1.64;212.31;17.33
21197030;1.77;15.02;1.48;193.26;16.36
21197110;2.47;18.17;1.74;230.79;18.60
21197150;2.07;13.72;1.59;191.03;15.69
21207960;2.87;10.65;1.35;180.38;14.53
21217180;1.49;14.03;1.46;218.13;18.10
21217200;1.75;11.67;1.36;188.11;14.56
21217280;1.61;12.15;1.50;195.12;17.19
21237010;2.13;7.05;1.14;132.64;12.31
21237020;2.11;6.15;1.06;125.21;11.94
21247040;1.76;11.00;1.33;174.07;13.87
21247050;1.67;10.64;1.36;177.89;14.68
21257070;1.67;12.32;1.37;181.15;13.61
21257100;1.65;11.95;1.21;182.90;14.87
21257110;1.60;13.43;1.50;209.13;16.67
21257120;1.68;11.87;1.42;181.26;15.90
22017010;1.49;15.21;1.58;199.47;18.08
22017020;1.60;15.03;1.65;190.53;18.05
22017030;1.75;17.40;1.57;221.09;23.00
22027010;1.55;15.98;1.56;198.42;18.37
22027020;1.49;17.31;1.67;212.98;20.41
22057010;1.69;11.48;1.45;160.65;15.10
22057040;1.62;12.07;1.42;164.44;15.29
22057050;1.80;18.74;1.81;215.10;23.00
22057060;1.56;12.85;1.54;169.36;16.15
22057070;1.63;11.58;1.45;160.05;14.84
22057080;1.61;11.11;1.37;159.74;15.26
22057090;1.60;12.04;1.44;164.36;15.16
22067010;2.39;16.84;1.69;214.19;19.88
22077050;1.80;12.77;1.47;179.53;14.63
22077060;1.76;13.63;1.48;196.30;16.65
23017020;2.11;13.07;1.50;204.93;17.60
23017030;1.47;7.48;1.08;130.72;12.20
23017040;1.52;9.44;1.18;161.12;13.44
23037010;2.09;5.81;1.05;121.55;11.60
23057140;1.07;3.88;0.93;112.17;10.43
23067020;1.91;9.21;1.16;150.87;13.03
23067040;1.45;4.56;1.07;124.39;12.66
23067050;1.89;9.20;1.22;144.61;13.00
23067060;1.78;9.81;1.24;157.54;13.39
23067080;1.70;8.34;1.16;148.45;13.68
23077020;1.21;4.48;1.15;137.19;13.07
23087150;1.57;4.03;0.97;135.80;14.23
23087160;1.35;3.86;1.02;137.05;17.14
23087180;1.19;3.23;1.00;149.87;18.84
23087200;1.00;2.67;0.86;127.64;12.57
23087210;1.10;1.61;0.78;96.85;10.34
23087260;1.37;4.10;1.03;170.90;16.03
23087300;1.39;3.44;0.94;124.67;13.00
23087660;1.37;3.50;0.94;162.17;17.67
23087670;1.88;5.10;1.10;155.83;16.62
23087830;1.51;3.36;0.91;127.64;13.36
23097030;1.82;2.24;0.83;83.79;9.81
23107020;1.48;3.17;0.98;126.41;17.62
23107030;1.37;4.31;1.05;147.19;18.69
23107040;1.50;4.81;1.02;148.43;19.24
23127010;1.87;9.77;1.46;175.49;15.41
23127020;1.41;3.49;0.95;100.63;12.00
23127060;1.39;3.83;1.00;101.57;12.19
23147020;1.20;3.00;0.98;113.67;14.88
23157080;1.70;0.35;0.35;53.75;7.45
23187040;1.34;11.73;1.53;178.80;21.13
23187240;1.78;8.50;1.58;150.08;16.00
23187250;1.77;7.93;1.36;148.36;16.50
23187300;1.80;8.53;1.60;155.33;16.27
23197130;1.80;13.17;1.79;198.38;20.45
23197290;2.32;11.00;1.57;185.00;18.07
23197410;1.73;7.17;1.27;140.05;16.76
23197690;2.84;14.75;1.55;206.40;23.10
23197700;1.97;14.37;1.79;203.37;21.21
23207010;1.23;3.00;0.85;121.39;23.69
23207060;1.59;3.57;0.93;105.79;19.14
24017150;3.11;15.59;1.71;226.56;19.44
24017570;2.18;4.85;1.10;127.88;14.22
24017590;2.46;6.90;1.24;148.95;14.49
24017600;2.91;10.60;1.30;183.88;16.40
24017610;3.72;19.10;1.80;242.80;22.64
24017740;2.68;12.20;1.40;192.00;17.54
24017820;3.04;15.50;1.62;218.50;19.42
24027010;1.54;4.50;1.05;118.93;13.91
24027030;1.54;6.10;1.12;143.73;15.66
24027040;1.58;8.29;1.19;182.07;20.02
24027050;1.54;6.50;1.24;144.93;14.29
24027060;1.47;6.55;1.17;161.50;18.17
24027070;1.55;5.12;1.12;128.66;14.71
24037010;1.96;13.04;1.44;201.13;20.30
24037030;3.20;17.60;1.73;223.08;19.05
24037040;1.52;16.16;1.63;217.63;20.97
24037070;2.84;15.44;1.67;214.36;19.69
24037130;3.15;14.87;1.67;209.39;17.44
24037290;3.03;13.57;1.62;201.81;16.57
24037370;1.82;11.00;1.49;187.51;18.12
24037390;2.79;10.41;1.41;178.09;16.03
24037410;2.53;14.15;1.65;214.55;19.25
24037460;3.16;14.05;1.65;204.35;16.95
24037580;2.96;18.07;1.73;226.87;20.33
24040060;1.81;2.81;0.85;102.50;13.65
24067010;2.10;3.74;1.00;105.41;13.37
24067020;2.00;3.19;0.87;99.84;13.19
25027050;1.51;1.10;0.61;54.68;8.07
26017020;1.51;12.65;1.39;183.27;18.58
26017040;1.50;16.17;1.69;228.60;22.41
26017060;1.49;19.64;1.88;232.10;21.98
26017070;1.45;20.76;1.95;243.66;23.46
26027090;1.49;17.62;1.91;228.05;22.71
26027100;1.52;17.43;1.93;224.10;21.76
26027200;1.42;16.25;1.63;204.78;18.33
26027210;1.59;12.95;1.65;179.28;16.15
26027250;1.43;11.87;1.44;184.44;15.44
26037010;1.20;11.15;1.61;173.00;16.78
26047020;1.73;15.63;1.74;195.90;18.82
26057040;1.06;9.31;1.43;152.88;12.12
26127040;1.62;8.31;1.17;142.07;12.05
26137110;1.11;9.11;1.30;166.60;12.92
26137120;1.13;8.71;1.36;185.21;14.00
26147130;1.11;8.11;1.27;152.41;12.73
26147140;1.46;5.72;1.08;131.50;11.31
26157020;1.50;7.18;1.06;141.09;11.68
26157100;1.84;9.07;1.27;160.93;13.47
26167070;1.64;4.60;1.15;97.10;9.53
26167080;1.74;7.24;1.00;147.24;12.38
26167090;1.63;8.04;1.17;159.78;13.26
26177010;1.36;5.76;1.14;141.83;12.76
26177030;1.68;5.19;1.14;102.67;10.00
26187110;1.66;4.36;1.14;95.21;9.43
26197010;1.27;3.89;0.91;120.54;10.86
26197030;1.18;3.11;0.83;104.89;10.43
26207030;1.66;3.44;1.03;84.62;9.08
26207080;1.62;3.25;1.03;85.08;8.68
26217010;1.85;5.93;1.13;145.88;16.60
26237020;2.66;6.84;1.22;158.35;17.81
26237040;1.58;1.63;0.73;61.39;7.15
26237100;1.62;2.06;0.94;72.13;7.50
26247020;1.50;1.17;0.62;57.36;8.07
26247030;1.59;1.63;0.81;61.61;7.73
27027060;1.21;2.81;0.93;140.22;18.10
27027080;0.95;1.75;0.92;126.46;18.46
27037010;1.13;0.88;0.55;81.95;13.71
28017080;3.00;11.68;2.55;188.90;30.33
28027160;2.43;5.19;1.29;128.48;24.26
28037030;2.08;6.86;1.62;140.33;21.38
28037060;2.95;8.43;1.67;159.19;25.36
29037020;1.70;0.12;0.10;53.86;9.86
29067040;2.26;10.47;1.97;183.84;27.61
29067060;1.55;4.91;1.18;127.77;21.09
29067070;1.03;9.62;1.68;160.73;23.97
29067120;1.67;5.74;1.34;140.17;22.14
29067130;0.87;6.22;1.44;130.76;18.59
29067150;0.84;6.31;1.43;129.55;18.26
31097010;1.24;2.14;0.89;61.61;10.83
31097020;1.14;2.18;0.90;58.74;9.42
32037030;1.52;9.70;1.23;141.20;14.98
32067030;0.93;14.46;1.41;190.68;16.82
32077070;1.25;13.24;1.36;167.64;18.29
32077080;1.18;11.31;1.26;147.52;14.95
32077110;1.02;16.66;1.66;199.26;18.94
32107010;1.35;6.92;1.13;114.51;14.95
32157040;1.32;4.39;1.00;87.86;13.89
32157060;1.31;4.03;0.97;86.34;13.63
32207010;1.27;2.67;0.92;65.95;12.33
33077010;1.38;4.56;1.00;106.22;15.48
35017020;1.31;10.66;1.25;153.28;16.00
35017040;1.16;11.37;1.17;152.27;16.20
35027100;2.37;20.00;1.95;239.38;22.49
35027130;1.49;16.93;1.47;214.20;19.87
35027140;1.56;13.07;1.86;182.14;17.57
35027190;1.96;14.85;1.49;197.76;17.64
35027200;1.59;14.83;1.65;193.78;16.61
35027210;1.61;12.06;1.46;161.24;14.97
35057010;1.03;12.00;1.27;171.63;18.83
35067010;1.43;18.36;1.79;237.00;22.69
35067040;1.98;16.83;1.50;214.08;17.42
35067050;2.17;17.75;1.69;217.31;18.19
35067090;1.17;17.48;1.69;231.88;23.91
35077080;2.57;17.98;1.76;225.79;20.19
35077090;2.94;16.66;1.50;217.97;18.97
35077120;2.67;14.92;1.40;208.29;18.21
35077140;2.94;17.81;1.89;224.56;19.94
35087010;1.44;14.32;1.60;188.65;18.89
35087020;1.65;16.41;1.72;208.33;19.69
35087030;1.57;19.33;1.82;238.74;23.23
35087040;1.39;18.63;1.82;221.00;21.95
35097010;1.69;20.46;1.73;249.15;24.85
35097080;1.25;15.14;1.50;193.08;18.33
35097090;1.20;14.47;1.65;184.35;18.68
35097100;1.47;16.69;1.69;212.19;19.44
35107030;1.21;10.05;1.19;139.60;16.14
35117010;1.32;9.69;1.19;140.74;17.57
35127010;1.33;9.15;1.18;142.15;17.48
35127020;1.40;11.62;1.57;161.33;21.57
35197020;1.61;18.20;1.53;227.65;19.88
35197030;1.17;15.41;1.56;192.74;21.39
35197040;1.31;16.61;1.61;206.44;22.28
35197050;1.49;17.98;1.53;224.98;20.28
35197190;1.40;14.96;1.41;195.64;20.05
35217030;1.57;14.38;1.41;184.92;19.49
35217060;1.63;16.66;1.68;204.90;22.08
35257040;1.48;4.46;1.08;106.49;19.23
35267030;1.34;5.08;1.04;100.28;14.56
35267080;1.45;5.79;1.08;115.29;18.00
36027050;1.73;10.93;1.48;162.14;30.90
37017040;2.16;13.95;1.43;199.60;19.24
37017050;2.18;13.53;1.35;199.94;20.06
37027010;1.98;11.76;1.34;174.08;18.63
37037010;1.22;13.10;1.53;173.95;16.73
37057020;1.25;9.65;1.45;143.75;14.55
42067010;1.10;3.57;1.03;79.73;10.10
42077010;1.09;3.10;1.00;73.58;8.61
42077020;1.09;3.10;1.00;73.90;9.00
44017050;1.77;21.38;1.88;248.78;24.10
44017060;1.75;20.43;2.05;239.57;24.36
44017090;1.81;18.51;1.85;223.20;19.68
44017110;1.30;12.03;1.58;157.95;12.55
44017140;1.26;14.11;1.78;181.06;15.22
44037050;1.34;12.60;1.50;165.17;15.76
44037060;1.24;12.74;1.61;168.58;16.55
44037080;1.24;13.36;1.62;178.72;17.23
44037090;1.29;11.61;1.42;149.06;14.58
44037100;1.15;13.50;1.79;173.24;15.83
46017010;1.85;11.41;1.30;152.84;14.14
47017020;1.83;18.33;1.88;226.74;19.60
47017100;1.43;16.66;1.58;211.63;18.24
47017110;1.41;15.38;1.75;192.38;16.94
47017130;1.41;15.21;1.57;191.43;15.93
47017150;0.87;13.55;1.58;167.03;16.03
47017160;0.95;11.85;1.51;151.12;12.44
47030010;1.01;9.12;1.24;126.29;10.41
47077010;1.01;5.42;0.96;90.42;7.46
51027020;1.23;16.55;1.91;207.07;19.05
51027030;1.05;12.09;1.59;184.00;16.77
51027060;0.78;8.21;1.36;127.81;13.76
52017010;1.93;11.25;1.67;156.33;19.29
52017030;1.49;11.37;1.66;148.77;17.74
52017060;1.43;11.38;1.56;137.81;15.50
52017070;1.26;16.00;1.96;199.19;18.52
52017080;1.38;18.41;2.19;205.89;21.11
52017100;1.55;14.67;1.79;187.50;18.67
52017110;1.49;15.91;2.00;189.61;18.35
52017120;1.68;15.69;2.00;187.31;18.96
52017130;1.37;12.63;1.93;163.15;16.41
52027010;1.67;16.43;2.00;194.57;18.07
52027030;1.71;17.30;1.78;197.48;18.07
52037010;1.74;19.33;2.08;226.80;21.31
52047010;2.97;20.80;2.13;242.40;24.03
52047020;2.14;16.03;1.71;191.95;19.13
52057030;2.21;12.37;1.63;170.13;16.40
52057040;2.34;21.68;2.22;250.83;24.02
52057050;2.33;16.07;2.05;208.49;18.95
52057060;1.66;18.33;2.00;220.58;22.90
52067010;0.91;11.04;1.46;153.27;16.50
52067040;1.28;17.96;1.59;223.64;23.59
53047010;0.53;8.27;1.18;133.49;11.82
53077010;0.79;7.42;1.30;109.85;10.21
53077020;0.68;5.13;1.09;86.41;8.25
53077060;0.59;6.13;1.20;107.93;9.57
54017040;0.73;3.13;1.00;84.58;8.32
54027030;0.64;1.89;0.71;54.50;6.00
54057010;0.69;2.00;0.66;53.69;5.94
54077010;0.68;4.82;0.95;89.21;8.62
54077030;0.72;4.10;0.95;83.70;7.25
