periodo,pluviometros,faltan,sesgo_estimado_pct
1998-01,6,Pueblo Viejo,3.834566664400274
1998-02,6,Pueblo Viejo,3.834566664400274
1998-03,6,Pueblo Viejo,3.834566664400274
1998-04,6,Pueblo Viejo,3.834566664400274
1998-05,6,Pueblo Viejo,3.834566664400274
1998-06,6,Pueblo Viejo,3.834566664400274
1998-07,6,Pueblo Viejo,3.834566664400274
1998-08,6,Pueblo Viejo,3.834566664400274
1998-09,6,Pueblo Viejo,3.834566664400274
1998-10,6,Pueblo Viejo,3.834566664400274
1998-11,6,Pueblo Viejo,3.834566664400274
1998-12,6,Pueblo Viejo,3.834566664400274
1999-01,6,Pueblo Viejo,3.834566664400274
1999-02,6,Pueblo Viejo,3.834566664400274
1999-03,6,Pueblo Viejo,3.834566664400274
1999-04,6,Pueblo Viejo,3.834566664400274
1999-05,6,Pueblo Viejo,3.834566664400274
1999-06,6,Pueblo Viejo,3.834566664400274
1999-07,6,Pueblo Viejo,3.834566664400274
1999-08,6,Pueblo Viejo,3.834566664400274
1999-09,6,Pueblo Viejo,3.834566664400274
1999-10,6,Pueblo Viejo,3.834566664400274
1999-11,6,Pueblo Viejo,3.834566664400274
1999-12,6,Pueblo Viejo,3.834566664400274
2000-01,6,Pueblo Viejo,3.834566664400274
2000-02,6,Pueblo Viejo,3.834566664400274
2000-03,6,Pueblo Viejo,3.834566664400274
2000-04,6,Pueblo Viejo,3.834566664400274
2000-05,6,Pueblo Viejo,3.834566664400274
2000-06,6,Pueblo Viejo,3.834566664400274
2000-07,6,Pueblo Viejo,3.834566664400274
2000-08,5,"Pavas Las, Pueblo Viejo",6.602813260660634
2000-09,6,Pueblo Viejo,3.834566664400274
2000-10,6,Pueblo Viejo,3.834566664400274
2000-11,6,Pueblo Viejo,3.834566664400274
2000-12,6,Pueblo Viejo,3.834566664400274
2001-01,5,"Pueblo Viejo, Valle de San Jose",8.136944593600104
2001-02,6,Pueblo Viejo,3.834566664400274
2001-03,6,Pueblo Viejo,3.834566664400274
2001-04,6,Pueblo Viejo,3.834566664400274
2001-05,5,"Pavas Las, Pueblo Viejo",6.602813260660634
2001-06,6,Pueblo Viejo,3.834566664400274
2001-07,6,Pueblo Viejo,3.834566664400274
2001-08,6,Pueblo Viejo,3.834566664400274
2001-09,6,Pueblo Viejo,3.834566664400274
2001-10,6,Pueblo Viejo,3.834566664400274
2001-11,6,Pueblo Viejo,3.834566664400274
2001-12,6,Pueblo Viejo,3.834566664400274
2002-01,6,Pueblo Viejo,3.834566664400274
2002-02,6,Pueblo Viejo,3.834566664400274
2002-03,6,Pueblo Viejo,3.834566664400274
2002-04,6,Pueblo Viejo,3.834566664400274
2002-05,6,Pueblo Viejo,3.834566664400274
2002-06,6,Pueblo Viejo,3.834566664400274
2002-07,6,Pueblo Viejo,3.834566664400274
2002-08,6,Pueblo Viejo,3.834566664400274
2002-09,6,Pueblo Viejo,3.834566664400274
2002-10,6,Pueblo Viejo,3.834566664400274
2002-11,6,Pueblo Viejo,3.834566664400274
2002-12,6,Pueblo Viejo,3.834566664400274
2003-01,6,Pueblo Viejo,3.834566664400274
2003-02,5,"Encino, Pueblo Viejo",-0.3070486929497518
2003-03,6,Pueblo Viejo,3.834566664400274
2003-04,6,Pueblo Viejo,3.834566664400274
2003-05,6,Pueblo Viejo,3.834566664400274
2003-06,6,Pueblo Viejo,3.834566664400274
2003-07,5,"Pavas Las, Pueblo Viejo",6.602813260660634
2003-08,6,Pueblo Viejo,3.834566664400274
2003-09,6,Pueblo Viejo,3.834566664400274
2003-10,6,Pueblo Viejo,3.834566664400274
2003-11,6,Pueblo Viejo,3.834566664400274
2003-12,6,Pueblo Viejo,3.834566664400274
2004-01,5,"Pueblo Viejo, Valle de San Jose",8.136944593600104
2004-02,6,Pueblo Viejo,3.834566664400274
2004-03,6,Pueblo Viejo,3.834566664400274
2004-04,6,Pueblo Viejo,3.834566664400274
2004-05,6,Pueblo Viejo,3.834566664400274
2004-06,6,Pueblo Viejo,3.834566664400274
2004-07,6,Pueblo Viejo,3.834566664400274
2004-08,6,Pueblo Viejo,3.834566664400274
2004-09,6,Pueblo Viejo,3.834566664400274
2004-10,5,"Charalá, Pueblo Viejo",2.3531972270588897
2004-11,5,"Charalá, Pueblo Viejo",2.3531972270588897
2005-02,6,Pueblo Viejo,3.834566664400274
2005-04,6,Charalá,-1.9650338163475833
2005-05,6,Charalá,-1.9650338163475833
2005-07,6,Pueblo Viejo,3.834566664400274
2005-09,6,Pueblo Viejo,3.834566664400274
2005-10,6,Charalá,-1.9650338163475833
2006-05,6,Pueblo Viejo,3.834566664400274
2006-06,6,Pueblo Viejo,3.834566664400274
2006-07,6,Pueblo Viejo,3.834566664400274
2006-08,6,Pueblo Viejo,3.834566664400274
2006-09,6,Pueblo Viejo,3.834566664400274
2006-10,6,Pueblo Viejo,3.834566664400274
2006-11,6,Pueblo Viejo,3.834566664400274
2006-12,6,Pueblo Viejo,3.834566664400274
2007-01,6,Pueblo Viejo,3.834566664400274
2007-02,6,Pueblo Viejo,3.834566664400274
2007-03,6,Pueblo Viejo,3.834566664400274
2007-04,6,Pueblo Viejo,3.834566664400274
2007-05,6,Pueblo Viejo,3.834566664400274
2007-06,6,Pueblo Viejo,3.834566664400274
2007-07,6,Pueblo Viejo,3.834566664400274
2007-08,6,Pueblo Viejo,3.834566664400274
2007-09,6,Pueblo Viejo,3.834566664400274
2007-10,6,Pueblo Viejo,3.834566664400274
2007-11,6,Pueblo Viejo,3.834566664400274
2007-12,6,Encino,-4.256552677149172
2008-01,6,Encino,-4.256552677149172
2008-02,6,Encino,-4.256552677149172
2009-06,6,Encino,-4.256552677149172
2009-07,5,"Encino, Pavas Las",-2.897571058095283
2010-01,6,Valle de San Jose,3.1225941560845794
2011-04,6,Pavas Las,3.268838428594445
2011-08,6,Pavas Las,3.268838428594445
2011-10,6,Escuela Agricola Mogotes,-2.1170161138825527
2011-11,5,"Pavas Las, Escuela Agricola Mogotes",-0.059085202616748767
2011-12,6,Escuela Agricola Mogotes,-2.1170161138825527
2013-07,5,"Pavas Las, Pueblo Viejo",6.602813260660634
2013-08,6,Charalá,-1.9650338163475833
2013-10,6,Pueblo Viejo,3.834566664400274
2013-11,5,"Charalá, Pueblo Viejo",2.3531972270588897
2013-12,5,"Charalá, Escuela Agricola Mogotes",-5.092855462316681
2015-08,6,Pavas Las,3.268838428594445
2015-09,6,Pavas Las,3.268838428594445
2015-11,6,Pavas Las,3.268838428594445
2015-12,6,Pavas Las,3.268838428594445
2016-01,5,"Encino, Pavas Las",-2.897571058095283
2016-02,5,"Encino, Pavas Las",-2.897571058095283
2016-03,5,"Encino, Pavas Las",-2.897571058095283
2016-04,4,"Encino, Charalá, Pavas Las",-6.701662586638779
2016-05,5,"Encino, Pavas Las",-2.897571058095283
2016-06,5,"Encino, Pavas Las",-2.897571058095283
2016-07,5,"Encino, Pavas Las",-2.897571058095283
2016-08,5,"Encino, Pavas Las",-2.897571058095283
2016-09,5,"Encino, Pavas Las",-2.897571058095283
2016-10,5,"Encino, Pavas Las",-2.897571058095283
2016-11,5,"Encino, Pavas Las",-2.897571058095283
2016-12,5,"Encino, Pavas Las",-2.897571058095283
2017-01,5,"Encino, Pavas Las",-2.897571058095283
2017-02,5,"Encino, Pavas Las",-2.897571058095283
2017-03,4,"Encino, Pavas Las, Pueblo Viejo",2.2776382042646315
2017-04,6,Encino,-4.256552677149172
2017-05,6,Encino,-4.256552677149172
2017-06,6,Encino,-4.256552677149172
2017-07,6,Encino,-4.256552677149172
2017-08,6,Encino,-4.256552677149172
2017-09,6,Encino,-4.256552677149172
2017-10,6,Encino,-4.256552677149172
2017-11,6,Encino,-4.256552677149172
2017-12,5,"Encino, Valle de San Jose",-1.618699574192517
2018-01,6,Encino,-4.256552677149172
2018-02,6,Encino,-4.256552677149172
2018-03,6,Encino,-4.256552677149172
2018-04,6,Encino,-4.256552677149172
2018-05,4,"Encino, Charalá, Pavas Las",-6.701662586638779
2018-06,6,Encino,-4.256552677149172
2018-07,6,Encino,-4.256552677149172
2018-08,6,Encino,-4.256552677149172
2018-09,6,Encino,-4.256552677149172
2018-10,6,Encino,-4.256552677149172
2018-11,6,Encino,-4.256552677149172
2018-12,5,"Encino, Valle de San Jose",-1.618699574192517
2019-07,6,Pavas Las,3.268838428594445
2021-12,6,Valle de San Jose,3.1225941560845794
2022-01,6,Valle de San Jose,3.1225941560845794
2022-12,6,Valle de San Jose,3.1225941560845794
