serie,referencia,meses,ultimo_mes_antes,primer_mes_despues,p,significativo,razon_antes,razon_despues,cambio_pct
PL · Charalá,"promedio de los demás pluviómetros (sin Pueblo Viejo, Coromoro)",290,2007-11,2007-12,0.5883565084822997,False,1.012790206245661,1.1108234088091749,9.679517234562883
PL · Coromoro,promedio de los demás pluviómetros (sin Pueblo Viejo),300,2003-02,2003-03,0.005830125056708737,True,1.1089575116071049,0.8909525306328978,-19.658551269315407
PL · Encino,"promedio de los demás pluviómetros (sin Pueblo Viejo, Coromoro)",258,2005-09,2005-10,1.0,False,1.1122588307735992,1.27343206230249,14.490622782180251
PL · Escuela Agricola Mogotes,"promedio de los demás pluviómetros (sin Pueblo Viejo, Coromoro)",296,2009-03,2009-04,0.4706154768270336,False,1.0365168539325842,1.1280472158070312,8.83057149791413
PL · Pavas Las,"promedio de los demás pluviómetros (sin Pueblo Viejo, Coromoro)",270,2009-03,2009-04,0.4199206426994794,False,0.8235804074555702,0.762981278700106,-7.3580100020450345
PL · Pueblo Viejo,promedio de los demás pluviómetros,266,2004-11,2004-12,1.8471183107008383e-20,True,0.2669183898007393,0.7383557515994142,176.6222859918396
PL · Valle de San Jose,"promedio de los demás pluviómetros (sin Pueblo Viejo, Coromoro)",292,2014-05,2014-06,0.2445636642096233,False,0.7246856399014092,0.8176424164663229,12.827186223472031
PI (IMERG),PL,300,2014-05,2014-06,0.0046017949048961036,True,0.8427501497902937,0.9376111817026684,11.256127564733088
Q,PL,262,2004-10,2004-11,0.17670747678576149,False,0.4754439348941676,0.539911945335529,13.559539981451607
