gauge_id,gauge_department,region,area,mean_ele,n_years_obs,missing_pct,end,runoff_ratio,baseflow_index,aridity,q_mean,forest_perc,agricul_livestock_perc,urban_perc,cn_catchment,tc_representative,score,lat_wgs84,lon_wgs84,nombre,categoria,estado,tecnologia,municipio,corriente,area_hidrografica,zona_hidrografica,subzona_hidrografica,fecha_instalacion,fecha_suspension,altitud,latitud,longitud,q_missing_pct,max_gap_days,flatline_pct,zero_pct,n_full_years,rr_cv,rr_med,r_pq_monthly,r_seasonal,step_pct,q_p99_over_med
16047010,Norte De Santander,Caribe,373.69,2201.77,41.889117043121146,0.261,2022-12-31,0.49,0.74,1.95,2.03,44.84,19.35,0.0,62.16,56.86,0.9540653571428572,8.043046672219091,-73.08275731433353,PUENTE ABREGO - AUT,Limnigráfica,Suspendida,"Automática con Telemetría, Convencional",Ábrego,TARRA,Caribe,Catatumbo,Río Tarra,15/10/1971,21/03/2025,1430,8.043333333,-73.08305556,0.2607561929595828,7,10.673202614379084,0.0,42,0.22955734248788956,0.4594502409245562,0.6180438185828845,0.8773156819307245,21.468685209337558,5.733348484848486
22027020,Tolima,Magdalena-Cauca,919.26,2993.11,41.29226557152635,1.682,2022-12-31,0.59,0.75,1.49,2.79,70.95,11.95,0.02,63.01,36.6,0.9340021428571428,3.126055580241294,-75.65569443396065,GAITANIA,Limnimétrica,Activa,Convencional,Planadas,ATA,Magdalena Cauca,Saldaña,Río Atá,15/03/1972,,1225,3.126055556,-75.65569444,1.681877444589309,92,0.0,0.0,39,0.16704052101292455,0.5668458502262032,0.22868587270115284,-0.05785784078128112,15.246666591253074,3.0040626844640785
26027100,Cauca,Magdalena-Cauca,285.46,3059.98,41.76043805612594,0.567,2022-12-31,0.57,0.65,1.52,2.6,38.58,42.45,0.29,70.02,26.19,0.9180217857142858,2.6258888705902814,-76.5219999597296,PUENTE CARRETERA,Limnigráfica,Activa,Convencional,Piendamó,PIENDAMÓ,Magdalena Cauca,Cauca,Río Piendamo,15/12/1963,,1796,2.625888889,-76.522,0.5671447196870926,57,1.4030026879958042,0.0,41,0.17563229181622922,0.5618210098775552,0.253320711246528,-0.015520312980600023,16.77078540242533,5.734320677753372
26057040,Valle Del Cauca,Magdalena-Cauca,396.15,1800.39,41.84804928131417,0.359,2022-12-31,0.65,0.73,1.06,4.93,61.15,36.95,0.0,67.22,194.82,0.9108132142857142,3.117111088839496,-76.62402773509098,TIMBA,Limnigráfica,Activa,Convencional,Jamundí,TIMBA,Magdalena Cauca,Cauca,Río Timba,15/08/1946,,1024,3.117111111,-76.624027778,0.35853976531942633,18,0.9421000981354269,0.0,40,0.18855260460828285,0.6498324438453191,0.6637001908007631,0.7537508834153676,10.422913616424651,3.377263581488934
21197010,Cundinamarca,Magdalena-Cauca,946.43,3304.78,41.06502395619439,2.223,2022-12-31,0.49,0.54,1.74,1.89,34.01,20.07,0.01,69.23,23.38,0.8993246428571428,4.011694424641506,-74.50444446787883,EL PROFUNDO,Limnigráfica,Activa,"Automática con Telemetría, Convencional",Cabrera,SUMAPAZ,Magdalena Cauca,Alto Magdalena,Río Sumapaz,15/04/1954,,1860,4.011694,-74.504444,2.2229465449804433,86,0.4133608907260484,0.0,34,0.25037202270579345,0.47843503476966165,0.7235734604078238,0.8687791929938331,21.915201541079995,9.084661538461539
21017020,Huila,Magdalena-Cauca,1127.46,2728.43,41.81519507186858,0.437,2022-12-31,0.25,0.73,1.68,1.13,80.49,14.97,0.0,62.78,37.03,0.8605824999999999,1.8702777902832144,-76.2316110999743,SAN AGUSTIN,Limnimétrica,Activa,Convencional,San Agustín,SOMBRERILLOS,Magdalena Cauca,Alto Magdalena,Alto Magdalena,15/04/1971,,1233,1.870277778,-76.23161111,0.4367666232073012,43,0.12440254043082564,0.0,41,0.12805974747931975,0.25432073839858255,0.21047398932352013,-0.159516136635558,-2.1001001226839384,4.388515337423317
26027090,Cauca,Magdalena-Cauca,151.04,3381.1,41.347022587269,1.158,2022-10-31,0.58,0.55,1.49,2.57,43.02,27.68,0.0,68.51,50.39,0.8578282348519448,2.623388869398903,-76.35855553620283,CORTIJO EL,Limnigráfica,Activa,Convencional,Silvia,PIENDAMÓ,Magdalena Cauca,Cauca,Río Piendamo,15/05/1961,,2570,2.623388889,-76.358555556,1.1584527783231886,117,0.19202754602039465,0.0,39,0.16561555443766715,0.581924431633075,0.016433131350454183,-0.4526570126975625,12.156241043191416,7.59184615384615
11027030,Choco,Caribe,195.54,2392.46,40.8104038329911,2.829,2022-12-31,0.59,0.83,0.79,5.19,63.18,36.26,0.12,66.67,15.62,0.8554500147537597,5.861999963523194,-76.15205557976044,EL SIETE - AUT,Limnigráfica,Activa,"Automática con Telemetría, Convencional",El Carmen,ATRATO,Caribe,Atrato - Darién,Alto Atrato,15/12/1979,,1545,5.862022222,-76.152063889,2.8292046936114734,114,0.5366966322286327,0.0,31,0.22398634515169322,0.5278408203256949,0.4115174553910831,0.7229030631083228,41.593999669701546,2.687340036563072
16017020,Norte De Santander,Caribe,429.48,2002.6,41.74674880219028,0.6,2022-12-31,0.43,0.75,2.3,1.55,47.86,42.98,0.79,63.92,26.35,0.8543999999999999,7.687972236211886,-72.60547225291813,LA DONJUANA - AUT,Limnigráfica,Activa,"Automática con Telemetría, Convencional",Chinácota,PAMPLONITA,Caribe,Catatumbo,Río Pamplonita,15/08/1972,,730,7.687972222,-72.60547222,0.5997392438070405,58,8.06663168940189,0.0,41,0.4154498187583885,0.4038993921518913,0.44060309632766975,0.6183422154469107,18.232905770287374,7.491886175735437
24027040,Santander,Magdalena-Cauca,185.08,1859.94,41.782340862423,0.515,2022-12-31,0.5,0.8,1.58,3.04,24.27,71.47,0.13,73.42,63.14,0.852075749294281,6.529005079140176,-73.00794974972239,PUENTE CABRA,Limnigráfica,Activa,Convencional,Mogotes,MOGOTICOS,Magdalena Cauca,Sogamoso,Río Fonce,15/06/1971,,1700,6.529166667,-73.00777778,0.5149934810951761,30,1.9526898630496035,0.0,40,0.17082832646196155,0.4927157121471868,0.6469594295761324,0.7858031862796667,-3.319768971431513,3.1171525423728794
23147020,Santander,Magdalena-Cauca,1785.57,885.82,40.88432580424367,2.653,2022-12-31,0.54,0.61,1.2,4.38,38.69,60.75,0.01,71.72,43.37,0.8482143294710083,6.773326291554725,-73.93911004574363,PUENTE FERROCARRIL OPÓN - AUT,Limnigráfica,En Mantenimiento,"Automática con Telemetría, Convencional",Simacota,OPÓN,Magdalena Cauca,Medio Magdalena,Río Opón,15/08/1971,,90,6.773611111,-73.935,2.653194263363755,82,0.0,0.0,33,0.12961123887383058,0.519665347345737,0.7720665356202587,0.8932691602880087,1.53383392260982,4.682634049210639
16037050,Norte De Santander,Caribe,425.45,354.75,37.30869267624914,3.3,2022-07-31,0.54,0.43,1.92,3.28,48.76,47.72,0.0,69.06,20.5,0.8143797839053485,8.36779365181877,-72.58562658182983,PUENTE SAN MIGUEL,Limnimétrica,Activa,Convencional,Cúcuta,SAN MIGUEL,Caribe,Catatumbo,"Río Nuevo Presidente - Tres Bocas (Sardinata, Tibu)",15/09/1983,,75,8.368305556,-72.58611111,3.2997445359068975,31,2.781243120275923,0.0,27,0.3613279110292597,0.5235548566881126,0.7273495578705981,0.8630158410978024,23.98039905126989,23.63337846153844
24037370,Santander,Magdalena-Cauca,349.39,2914.08,40.13141683778234,3.68,2022-08-31,0.44,0.74,1.82,2.02,55.74,32.92,0.03,67.41,80.37,0.8120141683778235,6.397416641831916,-72.81719447543321,MOMPA IZQUIERDO,Limnigráfica,Activa,Convencional,Onzaga,ONZAGA,Magdalena Cauca,Sogamoso,Río Chicamocha,15/05/1974,,1800,6.397416667,-72.81719444,3.6798528058877644,365,9.01214353936417,0.013644426251876108,37,0.23480091012558416,0.430842586572036,0.5143257914558925,0.7321271302317343,2.212870055793529,4.510459501557633
23107030,Antioquia,Magdalena-Cauca,308.69,1394.41,41.27310061601643,1.529,2022-11-30,0.36,0.78,1.37,2.83,37.35,61.62,0.14,71.67,33.46,0.8022810714285713,6.639638857701583,-74.87544445813836,LA MASCOTA,Limnimétrica,Activa,Convencional,Yalí,SAN BARTOLOMÉ,Magdalena Cauca,Medio Magdalena,Rió San Bartolo y otros directos al Magdalena Medio,15/05/1975,,970,6.639638889,-74.87544444,1.5285126396237507,91,1.7777777777777777,0.0,36,0.20482878252937728,0.3441598702715965,0.6304050163399025,0.828189941346338,19.426898807091206,4.214749262536873
24027060,Santander,Magdalena-Cauca,166.76,1952.32,41.16906228610541,1.975,2022-12-31,0.68,0.78,1.47,4.45,51.37,47.47,0.0,68.71,80.42,0.7927581184780376,6.478611129670967,-73.07361111726827,PUENTE ARCO,Limnigráfica,Activa,Automática sin Telemetría,Valle De San José,MONCHIA,Magdalena Cauca,Sogamoso,Río Fonce,15/08/1971,,1223,6.478611111,-73.07361111,1.9752281616688396,245,0.33251313426880363,0.0,40,0.1286173478043581,0.7059512967920584,0.7245097168231577,0.8481066526575627,-0.533136643123732,2.5962146341463406
21057050,Huila,Magdalena-Cauca,1226.15,2421.47,40.43805612594114,3.716,2022-12-31,0.7,0.71,1.79,3.15,59.09,36.67,0.04,67.08,25.89,0.7923048469736972,2.331444477776724,-75.94216663907719,VEGA EL SALADO  - AUT,Limnigráfica,En Mantenimiento,"Automática con Telemetría, Convencional",La Plata,LA PLATA,Magdalena Cauca,Alto Magdalena,Río Páez,15/06/1971,,1150,2.331444444,-75.94216667,3.7157757496740547,455,0.1963439404197698,0.0,38,0.09012990984647576,0.6896181561130272,0.24557631358495216,-0.1370027032626523,-8.115083245922053,3.9515039577836384
15037020,Magdalena,Caribe,695.72,2142.52,40.134154688569474,4.439,2022-12-31,0.36,0.72,0.78,3.11,54.64,11.84,0.0,63.04,42.96,0.7881690468856946,11.236142013659832,-73.56779717227064,PUENTE CARRETERA - PALOMINO,Limnimétrica,Activa,Convencional,Santa Marta,PALOMINO,Caribe,Caribe - Guajira,Río Ancho y Otros Directos al caribe,15/10/1973,,30,11.24455556,-73.56861111,4.439374185136897,122,1.7122586806739888,0.0,30,0.29217342400098884,0.3596179324717471,0.6884634647851463,0.8926962960648352,15.103722612392435,5.473956043956045
24027050,Santander,Magdalena-Cauca,613.51,2549.48,39.92060232717317,4.948,2022-12-31,0.62,0.71,1.54,3.6,55.02,36.55,0.02,67.66,28.66,0.7860931661288746,6.285000021410948,-73.12611108792349,PUENTE LLANO,Limnimétrica,Activa,Convencional,Charalá,TAQUIZA,Magdalena Cauca,Sogamoso,Río Fonce,15/08/1971,,1280,6.285,-73.12611111,4.947848761408084,250,0.26747136684726697,0.0,33,0.14970913006253564,0.6500421884694205,0.7282614951376953,0.8342587743514918,6.575251133408325,4.131768115942034
21147030,Huila,Magdalena-Cauca,1671.36,2129.45,40.03285420944559,1.555,2021-08-31,0.65,0.64,2.0,2.77,54.07,22.57,0.06,67.97,22.23,0.785608899237313,3.327527746586325,-74.86691666131469,CARRASPOSO  - AUT,Limnigráfica,Activa,"Automática con Telemetría, Convencional",Colombia,CABRERA,Magdalena Cauca,Alto Magdalena,Río Cabrera,15/02/1972,,730,3.327527778,-74.86691667,1.555241365380731,31,0.31459444672411435,0.0,33,0.23590676940319172,0.6151683140006217,0.2954672112292153,0.14766377522050403,7.374324895149377,5.092359813084097
16037030,Norte De Santander,Caribe,926.58,1874.83,39.775496235455165,5.293,2022-12-31,0.54,0.72,2.29,2.27,48.75,44.51,0.12,65.41,25.22,0.7838117480688375,8.103611123451834,-72.79472222028568,PUENTE SARDINATA - AUT,Limnigráfica,En Mantenimiento,"Automática con Telemetría, Convencional",Sardinata,SARDINATA,Caribe,Catatumbo,"Río Nuevo Presidente - Tres Bocas (Sardinata, Tibu)",15/03/1973,,245,8.103611111,-72.79472222,5.29335071707953,210,4.907764317180617,0.0,32,0.2840180756886617,0.4954164180616233,0.5439701252847722,0.7264659803187941,14.206570026527004,6.052257336343111
24027070,Santander,Magdalena-Cauca,1577.82,2423.07,39.94524298425736,4.889,2022-12-31,0.6,0.68,1.55,3.55,46.18,44.26,0.07,69.36,34.23,0.7827763584140023,6.443020385503231,-73.15415181985422,MERIDA - AUT,Limnigráfica,Activa,"Automática con Telemetría, Convencional",Páramo,FONCE,Magdalena Cauca,Sogamoso,Río Fonce,15/11/1979,,1201,6.444722222,-73.15833333,4.889178617992178,365,0.0,0.0,35,0.11728615987330875,0.6104257469016953,0.8030412128188716,0.8773747177745795,6.662814406790356,4.267924248120306
21017050,Huila,Magdalena-Cauca,268.6,1835.75,40.67898699520876,0.781,2021-12-31,0.5,0.76,1.84,2.6,43.02,56.35,0.29,71.14,25.69,0.776598084237802,1.84883334634293,-76.0524444521764,PITALITO 2,Limnimétrica,Activa,Convencional,Pitalito,GUARAPAS,Magdalena Cauca,Alto Magdalena,Alto Magdalena,15/05/1972,,1250,1.848833333,-76.05244444,0.7813021702838063,62,0.6259254273791897,0.0,39,0.1559331611188918,0.4988190632285932,0.6894539661283768,0.8876603925189511,7.164080085815209,4.928325227963529
21167050,Tolima,Magdalena-Cauca,145.9,998.03,41.06228610540725,2.229,2022-12-31,0.53,0.51,1.95,2.49,33.7,59.82,0.05,71.59,56.33,0.7753988789860445,4.059361153150198,-74.6882777737462,PUENTE CUNDAY,Limnimétrica,Activa,Convencional,Cunday,PRADO,Magdalena Cauca,Alto Magdalena,Río Prado,15/04/1971,,447,4.059361111,-74.68827778,2.229465449804433,95,8.554473929857314,0.0,38,0.23417078956005496,0.5268212253285129,0.7133983106151534,0.845925957389936,16.595105420833438,15.68918884120178
12027050,Antioquia,Caribe,1031.21,229.03,41.52224503764545,1.134,2022-12-31,0.21,0.42,1.68,1.16,43.29,56.62,0.04,71.03,46.77,0.7645007142857142,8.41356219778599,-76.62582131138727,PUEBLO NUEVO,Limnimétrica,Activa,Convencional,Necoclí,MULATOS,Caribe,Caribe - Litoral,Río Mulatos y otros directos al Caribe,15/08/1978,,25,8.415055556,-76.62938889,1.1342894393741851,62,4.351839641302915,0.0,38,0.42885848174370883,0.18426906246796546,0.711981780277372,0.9450963297577942,-25.69339882267271,20.99836065573779
21087080,Huila,Magdalena-Cauca,671.95,1421.59,37.94387405886379,3.95,2022-12-31,0.48,0.52,2.11,2.28,37.53,55.42,0.08,70.09,52.67,0.7643994548743522,2.644195377216448,-75.539227767543,HACIENDA VENECIA,Limnimétrica,Activa,Convencional,Yaguará,YAGUARA,Magdalena Cauca,Alto Magdalena,Río Yaguará y Río Iquira,15/06/1983,,575,2.64,-75.54,3.9503777115531222,295,0.39685402987228513,0.0,34,0.6200884916309746,0.43015821329954784,0.7735374667200853,0.8456799266146285,43.65461462683173,17.0589775
52057040,Nariño,Pacifico,226.94,3418.8,40.77754962354552,2.907,2022-12-31,0.48,0.67,2.34,1.32,4.84,60.28,1.29,76.99,278.1,0.7633472819497409,0.8431817327083685,-77.68574486259281,CARLOSAMA,Limnigráfica,Activa,Convencional,Cuaspud (Carlosama),BLANCO,Pacifico,Patía,Río Guáitara,15/12/1955,,2920,0.844166667,-77.68588889,2.9074315514993483,365,7.774942930038942,0.020142339196992078,39,0.19686452076544672,0.4520355912211431,0.6435360072227417,0.669103969620012,-5.906466157747074,5.754309803921568
44037050,Caqueta,Amazonas,1559.75,1419.87,40.309377138945926,4.022,2022-12-31,0.78,0.76,1.34,5.56,74.24,24.43,0.19,65.14,39.27,0.7604459142466022,1.5631111081709963,-75.5293055159038,VENECIA,Limnigráfica,Activa,"Automática con Telemetría, Convencional",Florencia,ORTEGUAZA,Amazonas,Caquetá,Río Orteguaza,15/02/1971,,520,1.563111111,-75.52930556,4.022164276401565,127,0.0,0.0,35,0.1858945616256363,0.7454703245523244,0.6177400239379252,0.7320105631542226,4.990011202836554,4.4799506172839845
21147010,Huila,Magdalena-Cauca,2741.98,1878.03,39.9917864476386,4.015,2022-08-31,0.62,0.68,2.29,2.48,47.7,29.03,0.05,67.8,41.84,0.7586921442746131,3.3694941775061142,-75.11906918015909,SAN ALFONSO  - AUT,Limnimétrica,En Mantenimiento,"Automática con Telemetría, Convencional",Villavieja,CABRERA,Magdalena Cauca,Alto Magdalena,Río Cabrera,15/11/1963,,420,3.3705,-75.11416667,4.014982257852543,261,0.12322858903265557,0.0,31,0.18699389727947918,0.6165094153665466,0.23987636368408605,0.10250833867523486,2.486904669713047,4.285267857142861
23197130,Santander,Magdalena-Cauca,128.35,1914.27,41.57426420260096,1.01,2022-12-31,0.75,0.77,1.8,3.11,71.81,27.78,0.0,65.06,36.39,0.7515542789786852,7.292907606092356,-73.14257199685277,PUENTE SARDINAS - AUT,Limnigráfica,Activa,Automática sin Telemetría,Rionegro,SANTA CRUZ,Magdalena Cauca,Medio Magdalena,Río Lebrija y otros directos al Magdalena,15/10/1967,,770,7.293055556,-73.14222222,1.0104302477183833,38,2.2456371419163648,0.0,39,0.27648218306361405,0.7290451995348911,0.5387779455590911,0.7836673480735205,-12.619231757264036,4.8109354060573555
16037020,Norte De Santander,Caribe,1897.44,1124.4,39.62217659137577,5.609,2022-12-23,0.61,0.59,2.07,3.12,46.48,49.07,0.06,67.86,15.08,0.7492314087709006,8.488055554124701,-72.63111106944218,CAMPO DOS,Limnimétrica,Activa,Convencional,Tibú,SARDINATA,Caribe,Catatumbo,"Río Nuevo Presidente - Tres Bocas (Sardinata, Tibu)",15/08/1972,,50,8.488055556,-72.63111111,5.609183407252805,160,0.8015478164731896,0.0,30,0.20375897732920262,0.5887154668443593,0.7264174900227454,0.8383056607669183,25.44497741559067,9.729020171110943
16027100,Norte De Santander,Caribe,465.7,1609.91,40.02190280629706,4.707,2022-12-31,0.71,0.72,2.0,3.17,54.52,41.67,0.06,64.58,20.76,0.7488336709201135,7.90824069253803,-72.63641472287962,CORNEJO,Limnimétrica,Activa,Convencional,San Cayetano,PERALONSO,Caribe,Catatumbo,Río Zulia,15/03/1969,,270,7.901388889,-72.63388889,4.70664928292047,365,5.568477219865919,0.0,32,0.1867869710426179,0.6635648887650791,0.6455096260514845,0.8269044664870852,6.725559100715276,4.978564920273348
22027010,Tolima,Magdalena-Cauca,1386.89,2645.33,39.83572895277207,5.15,2022-12-31,0.74,0.79,1.55,3.7,64.8,23.71,0.06,64.99,41.09,0.7485322895277208,3.3282778127985884,-75.61311114538988,CONDOR EL,Limnimétrica,Activa,Convencional,Ataco,ATA,Magdalena Cauca,Saldaña,Río Atá,15/01/1971,,757,3.328277778,-75.61311111,5.14993481095176,366,0.13745704467353953,0.0,34,0.20580147651202685,0.7063251767510577,0.3621182558603728,0.2339311614907278,33.73743800307345,3.3098039215686277
21197110,Cundinamarca,Magdalena-Cauca,160.12,2321.65,40.89253935660506,2.634,2022-12-31,0.51,0.55,2.47,1.72,19.25,77.81,0.14,74.62,33.48,0.7478237416026211,4.403055540468102,-74.38530558298554,SILVANIA,Limnimétrica,Activa,Convencional,Silvania,SUBIA,Magdalena Cauca,Alto Magdalena,Río Sumapaz,15/11/1971,,1480,4.403055556,-74.385305556,2.633637548891786,68,0.5021424745581147,0.0,38,0.234759571974785,0.5305375586900644,0.7264436023605684,0.9245587954877241,4.148661171575017,10.120604324042718
24027030,Santander,Magdalena-Cauca,634.82,2692.59,39.46885694729637,6.023,2022-12-31,0.65,0.62,1.54,3.64,51.16,33.43,0.01,68.35,28.59,0.7446846409015352,6.229444400599347,-73.17166663227482,NEMIZAQUE,Limnimétrica,Activa,Convencional,Charalá,PIENTA,Magdalena Cauca,Sogamoso,Río Fonce,15/06/1971,,1308,6.229444444,-73.17166667,6.023468057366363,367,0.0,0.0069367369589345175,33,0.17455189324393997,0.650976612578129,0.7831482653021236,0.8626077987660428,0.6583044809109053,5.336392954601841
26127040,Risaralda,Magdalena-Cauca,2797.19,1826.21,41.30047912388775,1.662,2022-12-31,0.56,0.69,1.62,3.12,31.1,64.73,1.83,72.6,31.1,0.7294370824984698,4.757611143737734,-75.89924998570447,CARTAGO AUT,Limnigráfica,Activa,"Automática con Telemetría, Convencional",Pereira,LA VIEJA,Magdalena Cauca,Cauca,Río La Vieja,15/01/1945,,937,4.757611111,-75.89925,1.6623207301173404,62,0.4839244282399735,0.0,36,0.2581911052632873,0.4861855234696424,0.6115823904448693,0.6928211438841512,27.853212001763172,6.0467093333333315
24027010,Santander,Magdalena-Cauca,2124.0,2264.21,39.45242984257358,6.063,2022-12-31,0.59,0.7,1.54,3.58,42.03,50.21,0.08,70.19,78.21,0.7288034805953623,6.546666657273197,-73.1280555811875,SAN GIL,Limnimétrica,Activa,Convencional,San Gil,FONCE,Magdalena Cauca,Sogamoso,Río Fonce,15/04/1955,,1113,6.546666667,-73.12805556,6.0625814863103,121,0.0,0.0,22,0.11385924834481967,0.615356985053596,0.7884584043411211,0.8788520835605657,-1.230423473978029,3.9223970507063175
21017040,Huila,Magdalena-Cauca,2995.37,2279.34,41.75496235455168,0.58,2022-12-31,0.87,0.68,1.85,3.98,60.74,36.89,0.31,67.89,24.05,0.7250592870505672,1.988111068876386,-76.0120278102394,SALADO BLANCO,Limnigráfica,Activa,"Automática con Telemetría, Convencional",Elías,MAGDALENA,Magdalena Cauca,Alto Magdalena,Río Timaná y otros directos al Magdalena,15/04/1971,,994,1.9880833,-76.012083333,0.5801825293350718,59,0.22949314799029571,0.0,41,0.13217901769163173,0.8642731600868203,0.4366001505806832,0.23950523327609755,-0.9075291603357124,4.781661370857921
21217180,Tolima,Magdalena-Cauca,166.01,2904.88,38.90759753593429,2.731,2020-12-31,0.5,0.78,1.49,2.34,69.85,18.66,0.0,66.63,34.52,0.7225021020523287,4.48205558568561,-75.28605557101962,MONTEZUMA AUT,Limnigráfica,Activa,"Automática con Telemetría, Convencional",Ibagué,COMBEIMA,Magdalena Cauca,Alto Magdalena,Río Coello,15/12/1973,,1447,4.4819444,-75.28611111,2.731006160164271,365,0.05629441981563577,0.0,39,0.17385468131520318,0.500236931660419,0.4351747061618447,0.4858190205075665,-8.111618101418536,3.307740638351341
21037010,Huila,Magdalena-Cauca,996.44,1633.76,39.83572895277207,5.15,2022-12-31,0.7,0.76,1.83,3.72,45.31,53.91,0.11,70.17,41.05,0.7189322895277207,2.024954963255198,-75.77763282860536,PUENTE GARCES,Limnimétrica,Activa,Convencional,Altamira,SUAZA,Magdalena Cauca,Alto Magdalena,Río Suaza,15/04/1964,,893,2.03,-75.78,5.14993481095176,730,0.35738831615120276,0.0,39,0.14141073790654385,0.7009041705708287,0.6009557687446969,0.7070132018107341,-1.3960772180759498,4.062034454927501
22017010,Tolima,Magdalena-Cauca,654.92,2955.91,36.50102669404517,1.565,2018-01-30,0.76,0.74,1.49,3.96,64.39,16.36,0.0,65.36,37.55,0.7184441955118802,3.4718888778520887,-75.66694439558978,BOCAS,Limnimétrica,Activa,Convencional,Rioblanco,ANAMICHU,Magdalena Cauca,Saldaña,Alto Saldaña,15/09/1975,,751,3.471888889,-75.66694444,1.5652687536916716,69,0.052505250525052505,0.0,33,0.529150182132213,0.6625966649714327,-0.07998752363509788,-0.4025378627596703,34.22191907703824,5.509464838567008
23067060,Cundinamarca,Magdalena-Cauca,1123.81,1750.82,39.74537987679671,1.852,2021-06-30,0.58,0.63,1.78,2.77,13.7,85.87,0.25,75.64,26.38,0.7145237987679671,5.125305546777122,-74.44705559595286,TOBIA,Limnigráfica,Activa,"Automática con Telemetría, Convencional",La Peña,NEGRO,Magdalena Cauca,Medio Magdalena,Río Negro,15/12/1986,,620,5.125561,-74.447149,1.8524778581569874,44,2.266308465936488,0.0,34,0.18938637075687795,0.5534481894492648,0.7201665973755115,0.7883461901608942,-2.9165520673378675,6.176420564360264
23107020,Antioquia,Magdalena-Cauca,2448.55,906.83,40.84052019164955,2.757,2022-12-31,0.35,0.74,1.48,2.67,28.77,69.02,0.05,73.27,74.36,0.7139088760071735,6.7287924344264445,-74.41347180956147,LA BODEGA - AUT,Limnigráfica,En Mantenimiento,"Automática con Telemetría, Convencional",Yondó (Casabe),REGLA,Magdalena Cauca,Medio Magdalena,Rió San Bartolo y otros directos al Magdalena Medio,15/11/1974,,149,6.732194444,-74.40694444,2.757496740547588,31,0.5765234296440302,0.0,37,0.1777648371419514,0.3534833848986064,0.7252017671812845,0.854855771539013,7.77923013359581,4.814841930116475
23107040,Antioquia,Magdalena-Cauca,308.71,1298.54,40.31211498973306,4.016,2022-12-31,0.33,0.77,1.5,2.4,33.81,64.03,0.09,72.25,50.84,0.7132525784687591,6.772361148311199,-74.79758334021341,VEGACHI,Limnimétrica,Activa,Convencional,Vegachí,VOLCÁN,Magdalena Cauca,Medio Magdalena,Rió San Bartolo y otros directos al Magdalena Medio,15/04/1975,,630,6.772361111,-74.79758333,4.015645371577575,102,7.15158924205379,0.0,34,0.21379935766961866,0.30950921258527153,0.6197124331361143,0.8311930561205828,6.967880164428661,4.990335434325873
12017020,Antioquia,Caribe,775.19,298.98,39.52908966461328,5.517,2022-12-31,0.73,0.66,0.82,8.62,44.5,55.23,0.0,73.37,17.68,0.6965876823604185,7.572622238550648,-76.71184056939646,BARRANQUILLITA - AUT,Limnigráfica,Activa,"Automática con Telemetría, Convencional",Chigorodó,LEÓN,Caribe,Caribe - Litoral,Río León,15/03/1977,,37,7.571527778,-76.710858333,5.516654669197042,186,0.8034353788613381,0.0,34,0.1660443687800451,0.7455253959079036,0.7535412400372059,0.9055219121105229,0.4302204906147019,3.8292816031031833
35077080,Boyacá,Orinoco,622.51,2492.25,40.54757015742642,3.455,2022-12-31,0.84,0.61,2.57,2.74,31.87,66.04,0.23,72.31,39.33,0.6947917730028356,4.98425097360639,-73.46311676170679,PTE FIERRO  - AUT,Limnimétrica,Activa,Convencional,Somondoco,SOMONDOCO,Orinoco,Meta,Río Garagoa,15/12/1974,,1335,4.98,-73.46,3.455019556714472,355,0.9993247805536799,0.0,36,0.14636937753785378,0.8446555351121814,0.8792751784321822,0.9420089989991495,2.8158419860760455,7.781996983408746
27027060,Antioquia,Magdalena-Cauca,248.37,2530.19,39.86858316221766,5.072,2022-12-31,0.45,0.72,1.21,3.08,18.46,71.75,0.63,74.55,80.16,0.6942486887650337,6.93969440437871,-75.38083331321745,BRISAS DEL NECHÍ - AUT,Limnigráfica,Activa,"Automática con Telemetría, Convencional",Angostura,NECHÍ,Magdalena Cauca,Nechí,Alto Nechí,15/12/1974,,1880,6.939694444,-75.38083333,5.0717079530638856,365,7.567641807444033,0.0,34,0.19206621623192877,0.4403174739596408,0.7098989932528761,0.8742800528074671,-7.665797992920129,4.875244252873561
21137030,Huila,Magdalena-Cauca,661.17,1385.41,39.572895277207394,5.776,2022-12-31,0.36,0.6,1.82,2.14,31.59,50.66,0.0,69.61,22.74,0.6922746670577882,3.2634166288483577,-75.25097222692443,PUENTE CARRETERA  - AUT,Limnigráfica,Activa,"Automática con Telemetría, Convencional",Aipe,AIPE,Magdalena Cauca,Alto Magdalena,"Río Aipe, Río Chenche y otros directos al Magdalena",15/02/1972,,385,3.263416667,-75.25097222,5.775749674054759,524,2.9818735298187353,0.0,36,0.29283653664795634,0.3460471729119057,0.7525350921018608,0.8369545397551825,19.098537910951624,9.445665445665446
52047010,Nariño,Pacifico,216.38,3012.98,39.05544147843943,3.17,2021-07-31,0.51,0.7,2.97,1.31,24.47,59.41,0.0,73.74,254.33,0.6889651290701085,1.235578498122132,-77.29303268174763,UNIVERSIDAD,Limnigráfica,Activa,Convencional,Pasto,PASTO,Pacifico,Patía,Río Juananbú,15/08/1970,,2500,1.234333333,-77.29294444,3.1699701330437144,365,3.6522958289519805,0.0,36,0.1512315166929593,0.5117520294643562,0.5533067348302941,0.6401319322424556,16.925155813979835,5.4547945205479635
21217200,Tolima,Magdalena-Cauca,1102.76,2649.91,35.40588637919233,5.571,2022-06-30,0.41,0.81,1.75,1.91,52.56,41.67,0.06,68.61,18.1,0.6868849352204947,4.300611124500958,-75.20655556669031,EL CARMEN,Limnimétrica,En Mantenimiento,Convencional,Rovira,COELLO,Magdalena Cauca,Alto Magdalena,Río Coello,15/07/1979,,766,4.2977778,-75.20416667,5.571376414749909,731,0.7578100835137643,0.0,34,0.16316026811582482,0.40626979958697973,0.4530748307826984,0.39208290474498914,2.6660206466724032,3.0574199632014767
24017150,Cundinamarca,Magdalena-Cauca,176.17,3138.89,40.95003422313484,2.49,2022-12-30,0.25,0.69,3.11,0.64,25.39,67.64,0.22,73.29,27.13,0.6853939162842667,5.302478028791155,-73.85114359952458,LA BOYERA,Limnimétrica,En Mantenimiento,Convencional,Ubaté,UBATE,Magdalena Cauca,Sogamoso,Río Suárez,15/01/1960,,2610,5.303,-73.851333333,2.4903839885259793,365,31.570502106037306,0.0,40,0.9667008778900904,0.1776042491693981,0.3917455750032384,0.839352807305121,-30.628864487613296,15.663965517241435
21027010,Huila,Magdalena-Cauca,3563.92,2183.89,41.64818617385352,0.834,2022-12-31,0.87,0.67,1.94,3.84,56.67,41.18,0.31,68.58,8.98,0.6778050298969246,2.053166651614233,-75.8518889174636,PERICONGO,Limnimétrica,Activa,Convencional,Altamira,MAGDALENA,Magdalena Cauca,Alto Magdalena,Río Timaná y otros directos al Magdalena,15/06/1980,,839,2.053166667,-75.85188889,0.834419817470665,89,0.05259006047856955,0.0,41,0.13043560610450564,0.8590026015463094,0.45868458776364146,0.27679086900729305,1.2844940000913492,5.029430176565008
35197020,Boyacá,Orinoco,211.11,3391.09,39.134839151266256,3.36,2021-06-30,0.79,0.65,1.61,3.1,1.45,21.18,0.0,74.55,92.0,0.6762198200840911,5.50680555903874,-72.75480558063583,VADO HONDO  - AUT,Limnigráfica,Activa,"Automática con Telemetría, Convencional",Aquitania,CUSIANA,Orinoco,Meta,Río Cusiana,15/03/1973,,2831,5.506805556,-72.75480556,3.3601514434453383,366,2.3716244578144674,0.0,37,0.19371983497258116,0.7845053642040385,0.7359061889827407,0.7602948381889504,2.4747825434513726,6.855599284436492
29067130,Magdalena,Magdalena-Cauca,779.46,2855.5,39.06091718001369,6.995,2022-12-31,0.27,0.68,0.87,1.97,35.68,8.09,0.0,71.1,35.13,0.675789528942994,10.579762398448384,-74.18570917950161,PUENTE FERROCARRIL - ARACATACA,Limnimétrica,Activa,Convencional,Aracataca,ARACATACA,Magdalena Cauca,Bajo Magdalena,Cga Grande de Santa Marta,15/05/1965,,37,10.58580556,-74.19211111,6.994784876140808,365,0.8761477535571599,0.0,34,0.3084749687310776,0.23431761687021968,0.7423768189757278,0.9247492969953925,-0.36576830650093495,7.632228763666947
23087670,Antioquia,Magdalena-Cauca,154.03,2274.52,28.752908966461327,0.85,2022-12-31,0.64,0.75,1.88,3.32,28.56,54.08,0.21,73.51,35.12,0.6715321359114087,6.18124998242362,-75.36638885260645,RIOTEX,Limnigráfica,Activa,"Automática con Telemetría, Convencional",Rionegro,QUEBRADA LA MOSCA,Magdalena Cauca,Medio Magdalena,Río Nare,15/03/1992,,2114,6.18125,-75.36638889,0.8496978851963746,36,0.2666158826890116,0.0,28,0.22295412656707805,0.623643572584175,0.6634377067093401,0.7727181705407061,-7.2105070861253475,4.867068152593227
47017100,Putumayo,Amazonas,471.29,2643.22,37.28952772073922,4.381,2019-12-31,0.47,0.64,1.43,2.45,69.44,26.77,0.36,65.06,58.52,0.6707606343502494,1.1163888960937534,-76.9788888624506,CANAL B,Limnimétrica,Activa,Convencional,Santiago,QUINCHOA,Amazonas,Putumayo,Alto Río Putumayo,15/02/1977,,265,1.116388889,-76.97888889,4.380791912384161,365,0.08076358296622614,0.0,36,0.18382036162211035,0.4706945747397916,0.40760175775458735,0.5017100968907072,0.5475955072753556,6.05302211803078
51027020,Nariño,Pacifico,421.67,2623.46,40.068446269678304,4.583,2022-12-29,0.95,0.74,1.23,5.11,57.32,33.16,0.06,67.37,74.49,0.6688662484110687,1.2060833056006448,-77.98513888391376,PILISPI AUT,Limnigráfica,Activa,"Automática con Telemetría, Convencional",Ricaurte,GUIZA,Pacifico,Mira,Río Mira,15/04/1980,,1259,1.206083333,-77.98513889,4.58338766462381,70,1.3050905363853775,0.0,31,0.1301423297876383,0.9736394341323023,0.7119007348076405,0.6677515924347226,7.816619276324927,3.64221965317919
16037010,Norte De Santander,Caribe,746.1,614.64,39.65229295003422,5.587,2022-12-31,0.87,0.56,1.57,5.93,65.04,34.67,0.03,62.51,19.39,0.6680232866431993,8.517499970112967,-72.69805559053992,CAMPO TRES,Limnimétrica,Activa,Convencional,Tibú,NUEVO PRESIDENTE,Caribe,Catatumbo,"Río Nuevo Presidente - Tres Bocas (Sardinata, Tibu)",15/08/1972,,50,8.5175,-72.69805556,5.586701434159061,150,1.8228267624111028,0.02071394048194435,30,0.22224307094165713,0.8303484127793722,0.6842166139568667,0.8025179242784765,-2.3255357589248935,8.711950078003122
26217010,Antioquia,Magdalena-Cauca,321.74,2056.04,38.94866529774127,7.262,2022-12-31,0.38,0.79,1.85,1.91,50.05,37.86,0.14,68.62,42.7,0.6660530815488414,6.554972241550938,-75.8641943995516,LA GALERA - AUT,Limnigráfica,Activa,"Automática con Telemetría, Convencional",Santa Fe De Antioquia,TONUSCO,Magdalena Cauca,Cauca,Directos Río Cauca entre Río San Juan y Pto Valdia,15/11/1970,,538,6.554972222,-75.86419444,7.262059973924381,731,3.106987206523267,0.0,33,0.37309439606501216,0.40269836859331976,0.42445325516668503,0.6988006423122627,5.084313872206098,4.254173622704507
26037010,Cauca,Magdalena-Cauca,155.31,2025.26,39.38398357289528,1.749,2021-01-31,0.43,0.75,1.2,3.18,51.5,48.37,0.04,68.8,76.16,0.6654694660548272,2.514638905432877,-76.83133330068017,REMOLINO,Limnigráfica,Activa,Convencional,El Tambo,SUCIO,Magdalena Cauca,Cauca,Rio Salado y otros directos Cauca,15/05/1966,,1623,2.514638889,-76.831333333,1.748514445734581,39,6.145290232881473,0.0,35,0.22544160135451827,0.41917927981765535,0.646062582642273,0.7298800869353854,7.922614464120219,3.983659574468084
32077070,Meta,Orinoco,2338.41,758.83,39.572895277207394,5.381,2022-12-31,0.75,0.68,1.25,6.17,43.64,55.12,0.0,71.4,48.46,0.6609139321611929,2.975479971650388,-73.67673002772648,PIÑALITO,Limnimétrica,Activa,Convencional,Vistahermosa,GUEJAR,Orinoco,Guaviare,Río Guejar,15/09/1978,,230,2.97548,-73.67673,5.3809897879025925,283,0.0,0.0,29,0.13414151004684294,0.7452550786255968,0.7808546214916909,0.8396270389483077,8.544229907383704,3.865761220825852
52027010,Cauca,Pacifico,961.21,2205.63,29.25119780971937,3.565,2022-12-31,0.65,0.68,1.67,3.26,28.87,66.82,0.18,72.66,74.0,0.655460192382908,2.0463889113352782,-77.00305551988704,GUACHICONO,Limnimétrica,Activa,Convencional,Bolívar,GUACHICONO,Pacifico,Patía,Río Guachicono,15/08/1992,,720,2.046388889,-77.00305556,3.565303727773265,365,0.2433545488581056,0.0,29,0.21608209349397356,0.6785315780104326,0.6200202047980082,0.6750975964056515,28.08551509548754,6.044142748958728
21087070,Huila,Magdalena-Cauca,493.09,1474.59,39.15400410677618,6.773,2022-12-31,0.36,0.49,2.03,1.73,38.61,53.54,0.07,69.62,36.27,0.6539968267820475,2.629905864017176,-75.55691622430803,JARDIN EL HACIENDA,Limnimétrica,Activa,Convencional,Yaguará,YAGUARA,Magdalena Cauca,Alto Magdalena,Río Yaguará y Río Iquira,15/10/1976,,585,2.630611111,-75.55558333,6.773142112125163,631,0.671281728550451,0.0,37,0.3312127518888571,0.3504488538424652,0.773348129588206,0.8100809732670273,32.853277236416965,15.593684210526314
24037410,Boyacá,Magdalena-Cauca,248.03,3070.92,39.62765229295003,4.889,2022-08-31,0.24,0.62,2.53,0.75,32.63,55.88,0.28,72.49,57.92,0.6504718800723576,6.014413086015447,-72.80516935754541,PUENTE COLORADO,Limnimétrica,Activa,Convencional,Belén,MINAS,Magdalena Cauca,Sogamoso,Río Chicamocha,15/05/1974,,2500,6.014027778,-72.80605556,4.888947299250887,365,0.6563493160149233,0.0,39,0.3066474527090212,0.22238202970084742,0.6689372340100319,0.8680268693756243,1.6484463626805057,9.396802325581396
24017600,Boyacá,Magdalena-Cauca,1170.99,2582.24,39.7700205338809,5.306,2022-12-31,0.28,0.54,2.91,0.89,20.6,52.09,0.25,77.43,73.62,0.6498280624816661,5.879770740129438,-73.56918093713429,MONIQUIRÁ  - AUT,Limnigráfica,Activa,"Automática con Telemetría, Convencional",Moniquirá,MONIQUIRÁ,Magdalena Cauca,Sogamoso,Río Suárez,15/04/1974,,1720,5.878138889,-73.57025,5.30638852672751,730,1.0188627288999037,0.0,39,0.361621367256455,0.26566740801248917,0.6967905260241366,0.840707348978736,24.27749449964237,11.19050724637681
29067150,Magdalena,Magdalena-Cauca,766.55,2903.32,38.81724845995893,7.575,2022-12-31,0.24,0.7,0.84,1.82,36.11,6.74,0.0,71.01,46.76,0.6458599845995893,10.571731053175744,-74.12622947875184,GANADERIA CARIBE  - AUT,Limnigráfica,Activa,"Automática con Telemetría, Convencional",Aracataca,ARACATACA,Magdalena Cauca,Bajo Magdalena,Cga Grande de Santa Marta,15/05/1965,,75,10.572415,-74.122212,7.57496740547588,159,4.00620679926647,0.0,26,0.18834347502683357,0.2158945264691495,0.8128312129255261,0.9339357837975034,7.700346730360652,4.819466077880365
21257070,Tolima,Magdalena-Cauca,342.89,891.04,38.97604380561259,7.197,2022-12-31,0.47,0.69,1.67,3.12,27.73,71.58,0.4,73.24,35.08,0.645385795198983,5.019916696768918,-74.89088892332363,PUENTE SAN FRANCISCO  - AUT,Limnimétrica,Activa,Convencional,Armero (Guayabal),SABANDIJA,Magdalena Cauca,Alto Magdalena,Río Lagunilla y Otros Directos al Magdalena,15/03/1972,,264,5.019252,-74.890908,7.196870925684485,365,1.3205956729418376,0.0,30,0.33239602319611344,0.4418200900619853,0.5539567868592635,0.7484856773433748,-2.113014014345062,7.424986301369823
52057050,Nariño,Pacifico,3204.76,2955.07,39.94798083504449,4.646,2022-11-23,0.49,0.73,2.33,1.52,18.9,70.8,0.68,74.02,492.62,0.6290218990958685,1.3829999604071266,-77.48227779821268,SAN PEDRO  - AUT,Limnigráfica,Activa,"Automática con Telemetría, Convencional",Linares,GUÁITARA,Pacifico,Patía,Río Guáitara,15/02/1980,,850,1.383,-77.48227778,4.646451444255653,365,0.0,0.0,37,0.1579918810946767,0.47662834109604757,0.3528967120167245,0.1401150539570159,4.129001697135501,3.6995884773662553
21167090,Tolima,Magdalena-Cauca,341.47,1015.61,26.954140999315538,1.688,2019-12-31,0.49,0.48,1.92,2.32,36.92,55.52,0.13,70.94,63.96,0.6186214099931553,4.011055540154315,-74.71902782457384,HACIENDA EL RUBY,Limnimétrica,Activa,Convencional,Cunday,CUNDAY,Magdalena Cauca,Alto Magdalena,Río Prado,15/08/1991,,450,4.011055556,-74.71902778,1.6876373077691231,93,2.275266632808532,0.0,24,0.17897489933778163,0.4792881019023505,0.777181173644274,0.8574432321062897,8.4737388673074,17.300969997744172
21187020,Tolima,Magdalena-Cauca,141.73,1594.42,39.24161533196441,2.291,2021-02-28,0.61,0.74,2.09,2.86,30.96,64.4,0.23,72.32,34.14,0.6179940689049596,4.222499979561926,-75.1980832857512,PAVO REAL,Limnimétrica,Activa,Convencional,Valle De San Juan,LUISA,Magdalena Cauca,Alto Magdalena,Río Luisa y otros directos al Magdalena,15/09/1959,,731,4.22264742,-75.19834152,2.2905446860726704,209,2.232610060699086,0.0,36,0.2701729064857539,0.5967411496835611,0.5940516957157566,0.8016466927858389,0.06288899886498996,5.176665745092622
24017590,Santander,Magdalena-Cauca,2307.46,2709.53,39.49075975359343,5.959,2022-12-29,0.36,0.6,2.46,1.27,23.92,70.65,0.37,74.31,26.47,0.6129578288474247,5.873172872570275,-73.67788714764394,PUENTE NACIONAL - AUT,Limnigráfica,Activa,"Automática con Telemetría, Convencional",Puente Nacional,SUÁREZ,Magdalena Cauca,Sogamoso,Río Suárez,15/02/1974,,1650,5.872777778,-73.67777778,5.959055939496675,365,0.11092623405435385,0.0,37,0.24776513086568053,0.3445092082761225,0.7626877303917635,0.8440848550388479,20.215611291058774,6.165559354103508
21167080,Tolima,Magdalena-Cauca,446.82,1559.55,28.700889801505816,2.429,2021-02-28,0.7,0.54,1.84,3.44,50.4,36.32,0.04,68.26,64.85,0.6106399694436296,3.7251944720830745,-74.8264444136616,LA MORA - AUT,Limnigráfica,En Mantenimiento,"Automática con Telemetría, Convencional",Prado,NEGRO,Magdalena Cauca,Alto Magdalena,Río Prado,15/10/1990,,401,3.725194444,-74.82644444,2.4292628443782576,66,0.5818944958504245,0.0,25,0.23608616800403612,0.6638237552655148,0.8300850432381143,0.9204554766693588,-5.159029273315059,12.052085452695842
21257100,Tolima,Magdalena-Cauca,650.8,2575.04,37.82340862422998,5.441,2020-12-31,0.61,0.79,1.65,3.02,19.21,61.52,0.35,75.43,23.82,0.6055923005280139,4.7950833120648575,-74.97194445039892,LA NUEVA - AUT,Limnigráfica,Activa,"Automática con Telemetría, Convencional",Venadillo,RECIO,Magdalena Cauca,Alto Magdalena,Río Lagunilla y Otros Directos al Magdalena,15/01/1977,,570,4.795083333,-74.97194444,5.441478439425051,730,0.6442272891784292,0.0,37,0.22941525963119325,0.592638404923565,0.5284012267572286,0.7055639712617814,16.434275692432575,3.44409090909091
22017020,Tolima,Magdalena-Cauca,1633.72,2871.57,37.724845995893226,5.688,2020-12-31,0.79,0.73,1.6,3.88,67.68,16.01,0.02,64.94,29.4,0.604942745673218,3.438472235107381,-75.6865833643312,SARDINAS LAS,Limnigráfica,Activa,"Automática con Telemetría, Convencional",Rioblanco,SALDANA,Magdalena Cauca,Saldaña,Alto Saldaña,15/09/1975,,798,3.438472222,-75.68658333,5.687885010266941,320,0.15966325567893172,0.0,33,0.20596950414811227,0.7365320121284744,0.06033542099520186,-0.2824661037313591,13.859906507243618,3.6251649243251665
52057060,Nariño,Pacifico,372.38,2660.04,38.66392881587954,4.723,2021-07-31,0.41,0.72,1.66,1.6,22.76,72.46,0.06,74.14,371.3,0.5987853595873668,1.3543678547987006,-77.58297139571407,YUNGUILLA,Limnigráfica,Activa,Convencional,Samaniego,PACUAL,Pacifico,Patía,Río Guáitara,15/06/1980,,1450,1.353333333,-77.5835,4.722709485899339,365,7.668885426993343,0.0849737997450786,34,0.23702788011358047,0.40248201124968597,0.6257858138526056,0.639025888262763,-10.564714279822537,6.280564516129025
26147130,Risaralda,Magdalena-Cauca,241.45,2083.14,36.07939767282683,6.346,2019-07-11,0.56,0.72,1.11,4.04,56.19,43.25,0.65,67.98,50.57,0.5983075481568397,5.05244446606883,-75.94741666309216,BRETANA LA,Limnimétrica,Activa,Convencional,Apía,MAPA,Magdalena Cauca,Cauca,Río Risaralda,15/09/1974,,1115,5.052444444,-75.94741667,6.346386184350792,730,0.3263014114433146,0.0,34,0.21855277699567277,0.5523866259987359,0.6595270001973309,0.8318828652097493,15.74808213439211,4.225
22077060,Tolima,Magdalena-Cauca,271.48,2277.04,37.02121834360028,7.447,2020-12-31,0.54,0.78,1.76,2.53,49.01,48.06,0.02,69.0,42.29,0.5961339691502886,4.171361121085705,-75.2745000025308,GUAMAL EL,Limnimétrica,Activa,Convencional,Rovira,TUAMO,Magdalena Cauca,Saldaña,Rïo Cucuana,15/09/1971,,695,4.171361111,-75.2745,7.446954140999315,286,5.812749593255435,0.0,33,0.2549149402964969,0.4857370638989961,0.42548308323450634,0.7755863898722869,25.32482851555395,3.7620481927710845
21187030,Tolima,Magdalena-Cauca,296.04,1245.14,37.80971937029432,5.856,2021-02-28,0.51,0.61,2.23,2.33,22.54,72.39,0.13,71.16,43.11,0.5954714794172289,4.232055539643144,-75.09272222169656,CUCUNUBA  - AUT,Limnigráfica,En Mantenimiento,"Automática con Telemetría, Convencional",Valle De San Juan,LUISA,Magdalena Cauca,Alto Magdalena,Río Luisa y otros directos al Magdalena,15/01/1968,,562,4.231946,-75.092981,5.855886563501262,186,1.223750905141202,0.0,26,0.22876543298597235,0.4847001741168432,0.6980607752787035,0.8521553526648505,-0.47955072025740203,9.034339622641504
22057050,Tolima,Magdalena-Cauca,172.87,1293.43,39.14305270362765,6.799,2022-12-31,0.74,0.64,1.8,4.57,26.65,71.66,0.0,73.08,30.1,0.5924160671127974,3.4634999849973203,-75.52324997257355,PUENTE LA HAMACA,Limnimétrica,Activa,Convencional,Ataco,QUEBRADA POLE,Magdalena Cauca,Saldaña,Medio Saldaña,15/12/1979,,569,3.4635,-75.52325,6.7992177314211215,357,2.6509057844303,0.0,33,0.23388944522164093,0.6516035241052026,0.7305941447756155,0.817132173761432,29.705769329850938,12.632450090744081
23127060,Santander,Magdalena-Cauca,4973.17,1304.8,39.88774811772758,5.026,2022-12-31,0.58,0.66,1.39,4.08,28.21,70.95,0.05,73.22,29.86,0.5701194391168494,6.294227473701221,-74.0945321544571,SANTA ROSA  - AUT,Limnimétrica,En Mantenimiento,"Automática con Telemetría, Convencional",Cimitarra,CARARE,Magdalena Cauca,Medio Magdalena,Río Carare (Minero),15/04/1975,,154,6.291944444,-74.09833333,5.026075619295958,214,0.0,0.0,35,0.16098823619767122,0.5794758952368848,0.7707373873084487,0.8603996831254468,6.237598061551386,4.625784262636785
52027030,Cauca,Pacifico,730.73,2447.47,25.57426420260096,7.276,2022-07-31,0.53,0.69,1.71,2.52,34.01,61.59,0.03,71.52,225.41,0.562281213454581,2.1565000059930086,-76.89899997743481,PUENTE FIERRO - GUACHICONO,Limnigráfica,Activa,Convencional,Patía (El Bordo),GUACHICONO,Pacifico,Patía,Río Guachicono,15/06/1994,,900,2.1565,-76.899,7.276156442326782,366,0.3211647575206081,0.0,20,0.2608789030211844,0.5232251921439112,0.5354381124048556,0.6173216478331794,-13.980443375164064,5.318608695652189
28037060,Cesar,Magdalena-Cauca,175.01,577.06,39.10198494182067,6.897,2022-12-31,0.21,0.47,2.95,0.89,45.72,53.2,0.0,69.69,40.05,0.5589196455421792,10.088472226609271,-73.73280556270707,CANTACLARO,Limnimétrica,Activa,Convencional,Valledupar,GARUPAL,Magdalena Cauca,Cesar,Medio Cesar,15/03/1963,,120,10.08847222,-73.73280556,6.897001303780965,181,11.8400784203893,0.04901274331326145,28,0.395922061122454,0.20055917530172757,0.6616045456261178,0.7676703920998935,11.922078424894513,20.857071428571505
28017080,La Guajira,Magdalena-Cauca,215.37,970.76,37.30047912388775,6.749,2020-12-31,0.31,0.43,3.0,1.02,20.11,11.32,0.02,71.97,32.33,0.5564358626674489,10.818916645816074,-73.05508336453332,CORRAL DE PIEDRA,Limnimétrica,Activa,Convencional,San Juan Del Cesar,CESAR,Magdalena Cauca,Cesar,Alto Cesar,15/03/1970,,275,10.81891667,-73.05508333,6.74880219028063,456,36.15678214914856,0.0,32,0.43715900728925916,0.26349194268799503,0.6897839677043012,0.8555533306835265,-25.989407871627645,33.490011750881315
21057060,Huila,Magdalena-Cauca,4851.9,2532.69,39.35934291581109,6.284,2022-12-31,0.67,0.72,1.8,2.99,61.46,30.68,0.05,66.45,53.65,0.5564185927890952,2.460000012567889,-75.75999997755642,PAICOL - AUT,Limnigráfica,Activa,"Automática con Telemetría, Convencional",Tesalia,PÁEZ,Magdalena Cauca,Alto Magdalena,Río Páez,15/07/1971,,788,2.46,-75.76,6.284224250325945,945,0.14607679465776294,0.0,38,0.11701759368855404,0.6822915200708173,0.16114590339752216,-0.2712003666822873,-11.695340684649656,3.7922933656912265
24017740,Boyacá,Magdalena-Cauca,193.86,2816.58,33.661875427789184,3.25,2021-03-01,0.29,0.59,2.68,0.95,28.05,66.3,0.01,73.48,69.33,0.5433036252937073,5.677888884220836,-73.54213886230492,PUENTE CHACON  - AUT,Limnigráfica,Activa,"Automática con Telemetría, Convencional",Villa De Leiva,CANE,Magdalena Cauca,Sogamoso,Río Suárez,15/04/1986,,2130,5.677888889,-73.54213889,3.2499213094113943,365,1.447742984953233,0.032533550223668155,32,0.37750923365221695,0.2607942508745585,0.6115743584283986,0.7753717472622736,47.30763494281434,9.458886346300531
23067020,Cundinamarca,Magdalena-Cauca,3140.91,1455.29,36.941820670773446,2.472,2018-11-17,0.42,0.59,1.91,2.02,11.37,87.92,0.28,76.16,37.83,0.5395700943868905,5.469499957496884,-74.59338890994772,COLORADOS  - AUT,Limnigráfica,En Mantenimiento,"Automática con Telemetría, Convencional",Puerto Salgar,NEGRO,Magdalena Cauca,Medio Magdalena,Río Negro,15/02/1952,,309,5.4695,-74.59338889,2.4719913263462234,91,0.4594975172311569,0.0,34,0.264396478261969,0.38437915767896746,0.7173370476858915,0.7906544321582246,16.551320399580728,7.503952095808382
52017130,Cauca,Pacifico,768.47,1707.53,25.85352498288844,3.049,2021-08-31,0.46,0.7,1.37,3.01,27.53,71.54,0.14,73.1,160.76,0.5347448926860272,2.218055557669597,-77.00444440514782,PUENTE COLGANTE TIMBIO,Limnigráfica,Activa,Convencional,Patía (El Bordo),TIMBÍO,Pacifico,Patía,Río Patia Alto,15/12/1994,,740,2.218055556,-77.00444444,3.0492813141683777,166,2.7851318436937413,0.0,23,0.23354188642768278,0.4541532529911709,0.6648423296090066,0.7068829188672441,-5.470713744729096,6.163492063492062
26047020,Cauca,Magdalena-Cauca,844.13,2633.15,36.55852156057495,6.255,2019-12-31,0.3,0.64,1.73,1.39,46.04,43.3,0.06,69.19,44.45,0.5334298584628924,3.0619722571960715,-76.34877782349284,BOCATOMA RIO PALO,Limnigráfica,Activa,Convencional,Caloto,PALO,Magdalena Cauca,Cauca,Río Palo,15/08/1945,,1090,3.061972222,-76.348777778,6.255265374894693,366,0.9211413165580769,0.0,33,0.3189884236729201,0.2846804007944652,0.5172073208954849,0.5837765655320286,-12.400470347205644,6.906391752577301
22067010,Tolima,Magdalena-Cauca,280.96,1018.21,30.869267624914443,3.772,2018-01-29,0.74,0.63,2.39,3.73,35.81,62.54,0.42,69.95,71.05,0.5262626762491445,3.922583318791592,-75.18305554902622,PUENTE ORTEGA,Limnimétrica,Activa,Convencional,Ortega,ORTEGA,Magdalena Cauca,Saldaña,"Río Tetuán, Río Ortega",15/01/1971,,367,3.92241,-75.18313,3.7722966629683365,365,0.0,0.0,30,0.4460327233216995,0.6590838972843656,0.5497932564919774,0.8390282214953868,23.59407876588298,8.681288289423945
22017030,Tolima,Magdalena-Cauca,106.83,1783.99,33.71663244353183,1.958,2019-05-23,0.5,0.81,1.75,3.01,52.89,46.63,0.29,68.5,36.73,0.5261069273401484,3.47291667723042,-75.66555560016052,BOCAS,Limnimétrica,Activa,Convencional,Rioblanco,BLANCO,Magdalena Cauca,Saldaña,Alto Saldaña,15/12/1979,,765,3.472916667,-75.66555556,1.9584427991401958,154,3.7109216402760863,0.0,30,0.20389828253416936,0.48692910398606504,0.5217389898895867,0.6457375389407591,7.778846151366284,3.4960605105578404
26027250,Cauca,Magdalena-Cauca,127.74,1366.32,37.6290212183436,3.51,2019-12-31,0.46,0.68,1.43,2.92,14.83,78.42,0.0,74.91,50.28,0.5190573619100418,3.036750002463955,-76.57922219417037,BUENOS AIRES,Limnigráfica,Activa,Convencional,Santander De Quilichao,LA TETA,Magdalena Cauca,Cauca,Río Quinamayo y otros directos al Cauca,15/03/1970,,1026,3.03675,-76.579222222,3.5102499297950014,186,0.5093131548311991,0.0,33,0.23745420943975176,0.45389142194251797,0.6592991475301707,0.7670153850803584,5.574084063082015,5.550744207457417
21197150,Tolima,Magdalena-Cauca,2439.63,2565.71,36.11772758384668,7.386,2019-12-31,0.47,0.54,2.07,1.67,34.88,42.35,0.33,70.25,8.4,0.5159289688559825,4.232555536592378,-74.620555581107,EL LIMONAR,Limnimétrica,Activa,Convencional,Melgar,SUMAPAZ,Magdalena Cauca,Alto Magdalena,Río Sumapaz,15/12/1975,,405,4.232555556,-74.62055556,7.385565852288683,224,0.05306246209824136,0.0,26,0.20475189020316129,0.44762132114748476,0.7434097609878785,0.898141044780751,21.247711741276625,9.837426484296875
24037030,Boyacá,Magdalena-Cauca,441.18,2965.47,38.62833675564682,5.181,2021-09-27,0.2,0.61,3.2,0.5,1.9,71.21,0.13,78.27,21.19,0.4929058675564681,5.68172224247434,-73.23113887700772,EL PALO - AUT,Limnigráfica,Activa,"Automática con Telemetría, Convencional",Tuta,TUTA,Magdalena Cauca,Sogamoso,Río Chicamocha,15/05/1955,,2600,5.681722222,-73.23113889,5.181451612903226,365,6.903394996101779,0.0070876745339854,35,0.286565780315182,0.1906753910395302,0.28782920583033683,0.5437832685267944,22.927315857495685,8.208092485549132
52017080,Cauca,Pacifico,246.52,2002.24,25.58521560574949,4.055,2021-08-31,0.82,0.76,1.38,5.02,55.88,42.68,0.03,67.88,55.01,0.4783539417717806,1.97222223606136,-77.20999996273203,PUENTE CARRETERA,Limnigráfica,Activa,Convencional,Balboa,MAMACONDE,Pacifico,Patía,Río Patia Alto,15/11/1994,,615,1.972222222,-77.21,4.055441478439425,136,3.3707865168539324,0.08560727661851257,18,0.2926352048716209,0.7304352139528879,0.5349174687423429,0.6869499786458345,-13.805114835332324,5.108119575699131
23017040,Tolima,Magdalena-Cauca,459.66,2394.23,32.65160848733744,5.387,2021-07-31,0.86,0.77,1.52,4.93,32.01,60.52,0.27,72.89,46.67,0.4607021563019458,5.203709484865275,-74.91142450055014,ESPERANZA LA AUT,Limnigráfica,En Mantenimiento,"Automática con Telemetría, Convencional",Mariquita,GUALÍ,Magdalena Cauca,Medio Magdalena,Río Gualí,15/09/1988,,496,5.203718,-74.908378,5.386751289170964,402,1.0145899714908604,0.0,27,0.24483955717752742,0.7914020301040019,0.5135531459812119,0.6329016826685384,31.661388913206007,3.8359055832955065
52017070,Cauca,Pacifico,166.74,1868.62,25.201916495551,5.493,2021-08-31,0.95,0.69,1.26,6.63,54.15,45.38,0.0,68.29,59.22,0.3330297082225183,2.2166666868610814,-77.05749998380627,BOCATOMA SAJANDI,Limnigráfica,Suspendida,Convencional,Patía (El Bordo),SAJANDI,Pacifico,Patía,Río Patia Alto,15/11/1994,13/03/2026,740,2.216666667,-77.0575,5.492813141683778,102,1.3036393264530146,0.010863661053775122,17,0.27797810093027464,0.8760962107827366,0.650023269150786,0.6294733796146067,-19.270341770774085,6.981851138552117
