mes,PL,PI,Q,Q_ajuste_PL_mes,Q_ajuste_PL_mes_y_anterior,Q_ajuste_PI_mes,Q_ajuste_PI_mes_y_anterior
1,103.14441904761905,72.55239999999999,65.89193181230573,59.318545197815126,56.45821426022698,53.97942458698854,53.27254178608148
2,140.1215619047619,113.28960000000001,62.10644870603743,77.45423182182179,55.76056027704745,74.96033073568742,59.850112888428775
3,252.83205714285717,185.696,103.52348911180323,132.7338468199783,106.50420617368988,112.25184519827073,96.95064236332702
4,304.5427619047619,246.68,153.1629457815147,158.09570726148286,157.61898579697726,143.66047368948395,136.26621098636724
5,278.86306666666667,261.4944,160.8405488229949,145.50092925937096,163.53951238203803,151.29034358847758,155.00689963144282
6,174.32340952380954,193.798,104.58430354546074,94.22875636465727,118.97945398069015,116.42462343577253,131.52311449676859
7,153.92438095238097,177.9048,79.94162727899071,84.22391659012818,81.350611440412,108.23913848338256,110.93666109040971
8,185.9531619047619,182.51919999999998,80.69426670654235,99.93264607594699,86.7855300304863,110.61569586416854,109.38542238093073
9,213.55074285714286,200.084,85.58484774479737,113.46806393304503,105.88924389498487,119.66210603277773,117.26988332469669
10,306.7026285714286,260.41200000000003,163.21113594258924,159.15502829035836,146.966017407342,150.73287442478076,144.71327686120628
11,263.6173714285714,212.4064,168.96899650828135,138.02357622884074,158.75763023861543,126.00851957928381,138.6115107980918
12,150.67878095238095,117.13719999999999,116.25679628021406,82.63209039808625,106.15737235902166,76.94196262245757,90.98106163378067
