lon,lat,mm_por_hora,horas_del_mes,mm_en_el_mes,peso
-73.25,6.15,0.436,744,324.384,0.016273092975420587
-73.25,6.25,0.415,744,308.76,0.0071848389843836265
-73.25,6.35,0.431,744,320.664,0.0025115058146015492
-73.25,6.45,0.404,744,300.576,0.003602328898562448
-73.15,5.95,0.276,744,205.34400000000002,0.024276197839000407
-73.15,6.05,0.353,744,262.632,0.03301450720953962
-73.15,6.15,0.39,744,290.16,0.05549274568027332
-73.15,6.25,0.379,744,281.976,0.05829303135338998
-73.15,6.35,0.416,744,309.50399999999996,0.05790601113911006
-73.15,6.45,0.409,744,304.296,0.046757077781118414
-73.15,6.55,0.339,744,252.216,0.00996155452528422
-73.05,5.95,0.273,744,203.11200000000002,0.036907198201320476
-73.05,6.05,0.314,744,233.616,0.05829337884457082
-73.05,6.15,0.329,744,244.776,0.05829337884457082
-73.05,6.25,0.342,744,254.448,0.05829337884457082
-73.05,6.35,0.385,744,286.44,0.05829337884457082
-73.05,6.45,0.398,744,296.112,0.05829337884457082
-73.05,6.55,0.322,744,239.568,0.03078405728803139
-72.95,5.95,0.205,744,152.51999999999998,0.0010902630395484773
-72.95,6.05,0.276,744,205.34400000000002,0.02645334410921292
-72.95,6.15,0.319,744,237.336,0.05751506558794424
-72.95,6.25,0.318,744,236.592,0.05829337884457082
-72.95,6.35,0.34,744,252.96,0.050587845125716846
-72.95,6.45,0.356,744,264.864,0.051715490093847696
-72.95,6.55,0.326,744,242.544,0.050615567643966054
-72.95,6.65,0.29,744,215.76,0.00222347593930305
-72.85,6.15,0.281,744,209.06400000000002,0.013892199355919396
-72.85,6.25,0.279,744,207.57600000000002,0.011782979425998008
-72.85,6.35,0.313,744,232.872,0.0005665434857605222
-72.85,6.45,0.335,744,249.24,0.0008328054353217137
