cuenca,rezago,mes,r,n,p,q,sobrevive_fdr,r_min,r_max,anio_mas_influyente,robusto
PL,0,1,-0.2931,25,0.1551,0.1861,False,-0.3958,-0.1907,2005,False
PL,0,2,-0.3669,25,0.0712,0.1417,False,-0.4280,-0.2879,1999,False
PL,0,3,-0.3845,25,0.0578,0.1386,False,-0.4799,-0.2546,2016,False
PL,0,4,0.0085,25,0.9679,0.9679,False,-0.0609,0.1283,2011,False
PL,0,5,-0.1684,25,0.4209,0.4592,False,-0.2447,0.0536,2015,False
PL,0,6,-0.6093,25,0.0012,0.0147,True,-0.6987,-0.5251,2017,True
PL,0,7,-0.5197,25,0.0077,0.0315,True,-0.5648,-0.4370,2010,False
PL,0,8,-0.3196,25,0.1194,0.1593,False,-0.4119,-0.2576,2009,False
PL,0,9,-0.5189,25,0.0079,0.0315,True,-0.6054,-0.4394,2004,False
PL,0,10,-0.3321,25,0.1048,0.1573,False,-0.3981,-0.2543,1998,False
PL,0,11,-0.4160,25,0.0386,0.1159,False,-0.4929,-0.3004,2015,False
PL,0,12,-0.3539,25,0.0827,0.1417,False,-0.4362,-0.2590,2015,False
Q,0,1,-0.6222,23,0.0015,0.0148,True,-0.6852,-0.5699,2005,True
Q,0,2,-0.4559,24,0.0251,0.0503,True,-0.5022,-0.4144,2005,False
Q,0,3,-0.6246,21,0.0025,0.0148,True,-0.7183,-0.5741,2019,True
Q,0,4,-0.2543,21,0.2661,0.2902,False,-0.3539,-0.1547,2019,False
Q,0,5,-0.3206,20,0.1682,0.2018,False,-0.3856,-0.0876,2015,False
Q,0,6,-0.1009,23,0.6470,0.6470,False,-0.2653,-0.0198,2002,False
Q,0,7,-0.5258,22,0.0120,0.0287,True,-0.5778,-0.4102,2010,False
Q,0,8,-0.5381,22,0.0098,0.0287,True,-0.6197,-0.4293,2010,False
Q,0,9,-0.5544,21,0.0091,0.0287,True,-0.6108,-0.3487,2010,False
Q,0,10,-0.3867,20,0.0922,0.1231,False,-0.4837,-0.3023,2018,False
Q,0,11,-0.3592,23,0.0924,0.1231,False,-0.4080,-0.2772,2002,False
Q,0,12,-0.4599,22,0.0313,0.0536,True,-0.5468,-0.3835,2006,False
PI,0,1,-0.3385,25,0.0979,0.1305,False,-0.4284,-0.2755,2005,False
PI,0,2,-0.3387,25,0.0976,0.1305,False,-0.3954,-0.2645,1999,False
PI,0,3,-0.2192,25,0.2924,0.3190,False,-0.3144,-0.1408,2019,False
PI,0,4,-0.0268,25,0.8987,0.8987,False,-0.0847,0.1062,2011,False
PI,0,5,-0.3515,25,0.0849,0.1305,False,-0.4852,-0.1929,2015,False
PI,0,6,-0.6243,25,0.0009,0.0061,True,-0.6663,-0.5231,2015,True
PI,0,7,-0.4845,25,0.0141,0.0423,True,-0.5704,-0.3814,2010,False
PI,0,8,-0.5557,25,0.0039,0.0157,True,-0.5969,-0.4444,2015,True
PI,0,9,-0.3549,25,0.0817,0.1305,False,-0.4487,-0.2752,2004,False
PI,0,10,-0.3608,25,0.0764,0.1305,False,-0.4557,-0.2118,2015,False
PI,0,11,-0.2959,25,0.1510,0.1812,False,-0.3879,-0.2219,2007,False
PI,0,12,-0.6171,25,0.0010,0.0061,True,-0.6761,-0.5281,2015,True
PL,1,1,-0.2418,24,0.2550,0.3060,False,-0.3498,-0.1178,2016,False
PL,1,2,-0.3708,25,0.0680,0.1307,False,-0.4207,-0.2744,1999,False
PL,1,3,-0.3286,25,0.1088,0.1450,False,-0.4277,-0.1781,2016,False
PL,1,4,-0.0302,25,0.8859,0.8859,False,-0.1025,0.0845,2011,False
PL,1,5,-0.1523,25,0.4674,0.5099,False,-0.2202,-0.0018,2015,False
PL,1,6,-0.6294,25,0.0007,0.0090,True,-0.7256,-0.5539,2017,True
PL,1,7,-0.4492,25,0.0243,0.0971,True,-0.5017,-0.4121,2013,False
PL,1,8,-0.3610,25,0.0762,0.1307,False,-0.4627,-0.3147,2009,False
PL,1,9,-0.5245,25,0.0071,0.0427,True,-0.6203,-0.4485,2004,False
PL,1,10,-0.3490,25,0.0872,0.1309,False,-0.4019,-0.2732,1998,False
PL,1,11,-0.4156,25,0.0388,0.1165,False,-0.4825,-0.3004,2015,False
PL,1,12,-0.3838,25,0.0582,0.1307,False,-0.4751,-0.2927,2002,False
Q,1,1,-0.5638,22,0.0063,0.0275,True,-0.6319,-0.4886,2016,True
Q,1,2,-0.4677,24,0.0212,0.0363,True,-0.5279,-0.4146,2005,True
Q,1,3,-0.6324,21,0.0021,0.0252,True,-0.6957,-0.5837,2019,True
Q,1,4,-0.2902,21,0.2020,0.2203,False,-0.3880,-0.1892,2016,False
Q,1,5,-0.5480,20,0.0124,0.0275,True,-0.6004,-0.4625,2015,True
Q,1,6,-0.2514,23,0.2472,0.2472,False,-0.3397,-0.1752,2002,False
Q,1,7,-0.4430,22,0.0389,0.0584,True,-0.5047,-0.4075,2013,True
Q,1,8,-0.5336,22,0.0105,0.0275,True,-0.5948,-0.4368,2010,True
Q,1,9,-0.5296,21,0.0135,0.0275,True,-0.5946,-0.2820,2010,False
Q,1,10,-0.4537,20,0.0445,0.0593,True,-0.5275,-0.3819,2018,False
Q,1,11,-0.3840,23,0.0704,0.0845,True,-0.4415,-0.3034,2010,False
Q,1,12,-0.5170,22,0.0137,0.0275,True,-0.5989,-0.4555,2006,True
PI,1,1,-0.3245,24,0.1219,0.1828,False,-0.4232,-0.2375,2005,False
PI,1,2,-0.3359,25,0.1007,0.1726,False,-0.3915,-0.2481,1999,False
PI,1,3,-0.1792,25,0.3914,0.4270,False,-0.2754,-0.0900,2008,False
PI,1,4,0.0456,25,0.8287,0.8287,False,-0.0078,0.1964,2011,False
PI,1,5,-0.2744,25,0.1845,0.2213,False,-0.3812,-0.1583,2015,False
PI,1,6,-0.6230,25,0.0009,0.0053,True,-0.6643,-0.5430,2015,True
PI,1,7,-0.4535,25,0.0228,0.0684,True,-0.5521,-0.4165,2013,False
PI,1,8,-0.5560,25,0.0039,0.0156,True,-0.6564,-0.4485,2015,True
PI,1,9,-0.3793,25,0.0615,0.1230,False,-0.4840,-0.3007,2004,False
PI,1,10,-0.4045,25,0.0449,0.1077,False,-0.4734,-0.2553,2015,False
PI,1,11,-0.2932,25,0.1550,0.2066,False,-0.3883,-0.2101,2007,False
PI,1,12,-0.6757,25,0.0002,0.0025,True,-0.7158,-0.6006,2015,True
