cuenca,campo,rezago,metodo,mes,cajas,pct_p_local,cajas_fdr,r_abs_min_fdr
PL,sst,0,Pearson,1,8260,12.4576,0,
PL,sst,0,Pearson,2,8250,8.7515,0,
PL,sst,0,Pearson,3,8247,5.9294,0,
PL,sst,0,Pearson,4,8255,3.9370,0,
PL,sst,0,Pearson,5,8273,2.5384,0,
PL,sst,0,Pearson,6,8281,16.2299,0,
PL,sst,0,Pearson,7,8281,6.9074,0,
PL,sst,0,Pearson,8,8265,13.6237,0,
PL,sst,0,Pearson,9,8270,20.6771,76,0.6218
PL,sst,0,Pearson,10,8261,9.0667,0,
PL,sst,0,Pearson,11,8281,8.1512,0,
PL,sst,0,Pearson,12,8281,10.9166,0,
PL,sst,0,Pearson,13,8281,46.2021,3767,0.1157
PL,sst,0,Spearman,1,8260,12.3245,0,
PL,sst,0,Spearman,2,8250,9.1394,0,
PL,sst,0,Spearman,3,8247,5.8931,0,
PL,sst,0,Spearman,4,8255,3.8886,0,
PL,sst,0,Spearman,5,8273,2.6955,0,
PL,sst,0,Spearman,6,8281,14.1408,16,0.6792
PL,sst,0,Spearman,7,8281,3.9367,0,
PL,sst,0,Spearman,8,8265,15.0393,0,
PL,sst,0,Spearman,9,8270,18.5732,70,0.6255
PL,sst,0,Spearman,10,8261,10.1198,0,
PL,sst,0,Spearman,11,8281,5.8689,0,
PL,sst,0,Spearman,12,8281,6.4847,0,
PL,sst,0,Spearman,13,8281,44.3304,3564,0.1169
Q,sst,0,Pearson,1,8260,26.3075,1398,0.4927
Q,sst,0,Pearson,2,8250,20.1576,278,0.5748
Q,sst,0,Pearson,3,8247,21.0137,623,0.5655
Q,sst,0,Pearson,4,8255,6.2144,0,
Q,sst,0,Pearson,5,8273,13.3809,0,
Q,sst,0,Pearson,6,8281,2.3548,0,
Q,sst,0,Pearson,7,8281,7.5474,0,
Q,sst,0,Pearson,8,8265,15.3055,274,0.5979
Q,sst,0,Pearson,9,8270,17.4607,187,0.6289
Q,sst,0,Pearson,10,8261,11.7540,0,
Q,sst,0,Pearson,11,8281,11.0011,0,
Q,sst,0,Pearson,12,8281,18.9953,373,0.5822
Q,sst,0,Pearson,13,8281,56.8289,4806,0.1173
Q,sst,0,Spearman,1,8260,26.8281,1370,0.4941
Q,sst,0,Spearman,2,8250,23.9152,990,0.5043
Q,sst,0,Spearman,3,8247,20.1043,492,0.5792
Q,sst,0,Spearman,4,8255,2.9437,0,
Q,sst,0,Spearman,5,8273,14.5050,83,0.6797
Q,sst,0,Spearman,6,8281,2.6688,0,
Q,sst,0,Spearman,7,8281,5.3134,0,
Q,sst,0,Spearman,8,8265,14.8820,347,0.5855
Q,sst,0,Spearman,9,8270,13.2648,58,0.6805
Q,sst,0,Spearman,10,8261,8.2436,0,
Q,sst,0,Spearman,11,8281,7.8010,0,
Q,sst,0,Spearman,12,8281,19.1160,270,0.5991
Q,sst,0,Spearman,13,8281,54.4379,4608,0.1185
PI,sst,0,Pearson,1,8260,7.2397,17,0.6769
PI,sst,0,Pearson,2,8250,4.6545,0,
PI,sst,0,Pearson,3,8247,5.8688,0,
PI,sst,0,Pearson,4,8255,1.0297,0,
PI,sst,0,Pearson,5,8273,5.3064,0,
PI,sst,0,Pearson,6,8281,18.9591,498,0.5338
PI,sst,0,Pearson,7,8281,8.8274,0,
PI,sst,0,Pearson,8,8265,18.3061,405,0.5449
PI,sst,0,Pearson,9,8270,14.6554,57,0.6333
PI,sst,0,Pearson,10,8261,12.3956,4,0.7288
PI,sst,0,Pearson,11,8281,9.9263,0,
PI,sst,0,Pearson,12,8281,18.3432,571,0.5266
PI,sst,0,Pearson,13,8281,49.3177,4067,0.1137
PI,sst,0,Spearman,1,8260,8.1114,50,0.6385
PI,sst,0,Spearman,2,8250,6.6909,0,
PI,sst,0,Spearman,3,8247,4.8381,9,0.6985
PI,sst,0,Spearman,4,8255,2.2047,0,
PI,sst,0,Spearman,5,8273,4.9438,0,
PI,sst,0,Spearman,6,8281,17.6549,148,0.5931
PI,sst,0,Spearman,7,8281,11.4237,0,
PI,sst,0,Spearman,8,8265,17.4955,492,0.5346
PI,sst,0,Spearman,9,8270,11.2576,38,0.6485
PI,sst,0,Spearman,10,8261,14.0056,251,0.5685
PI,sst,0,Spearman,11,8281,8.4531,0,
PI,sst,0,Spearman,12,8281,15.3363,0,
PI,sst,0,Spearman,13,8281,47.3011,3856,0.1150
PL,sst,1,Pearson,1,8281,11.8585,0,
PL,sst,1,Pearson,2,8260,8.6562,0,
PL,sst,1,Pearson,3,8250,6.1576,0,
PL,sst,1,Pearson,4,8247,2.6070,0,
PL,sst,1,Pearson,5,8255,1.1387,0,
PL,sst,1,Pearson,6,8273,14.6259,0,
PL,sst,1,Pearson,7,8281,5.4100,0,
PL,sst,1,Pearson,8,8281,14.1287,0,
PL,sst,1,Pearson,9,8265,19.3829,0,
PL,sst,1,Pearson,10,8270,4.1596,0,
PL,sst,1,Pearson,11,8261,9.7809,0,
PL,sst,1,Pearson,12,8281,10.4698,0,
PL,sst,1,Pearson,13,8281,41.5771,3308,0.1189
PL,sst,1,Spearman,1,8281,13.7181,8,0.7139
PL,sst,1,Spearman,2,8260,7.0944,0,
PL,sst,1,Spearman,3,8250,6.3636,0,
PL,sst,1,Spearman,4,8247,3.0072,0,
PL,sst,1,Spearman,5,8255,2.6893,0,
PL,sst,1,Spearman,6,8273,14.4688,0,
PL,sst,1,Spearman,7,8281,3.1759,0,
PL,sst,1,Spearman,8,8281,15.3605,0,
PL,sst,1,Spearman,9,8265,18.2214,0,
PL,sst,1,Spearman,10,8270,5.3567,0,
PL,sst,1,Spearman,11,8261,7.3599,0,
PL,sst,1,Spearman,12,8281,5.4100,0,
PL,sst,1,Spearman,13,8281,40.2971,3175,0.1199
Q,sst,1,Pearson,1,8281,27.3276,1287,0.5092
Q,sst,1,Pearson,2,8260,17.0581,0,
Q,sst,1,Pearson,3,8250,24.4485,1232,0.5232
Q,sst,1,Pearson,4,8247,8.6213,0,
Q,sst,1,Pearson,5,8255,19.2368,0,
Q,sst,1,Pearson,6,8272,7.2776,0,
Q,sst,1,Pearson,7,8281,7.1368,0,
Q,sst,1,Pearson,8,8281,14.7808,0,
Q,sst,1,Pearson,9,8262,13.0719,0,
Q,sst,1,Pearson,10,8270,13.7122,0,
Q,sst,1,Pearson,11,8261,10.5556,0,
Q,sst,1,Pearson,12,8281,17.6066,288,0.5957
Q,sst,1,Pearson,13,8281,53.6771,4499,0.1193
Q,sst,1,Spearman,1,8281,26.2408,796,0.5392
Q,sst,1,Spearman,2,8260,22.2034,463,0.5478
Q,sst,1,Spearman,3,8250,23.0545,1123,0.5299
Q,sst,1,Spearman,4,8247,4.5229,0,
Q,sst,1,Spearman,5,8255,18.6190,0,
Q,sst,1,Spearman,6,8272,5.7423,0,
Q,sst,1,Spearman,7,8281,6.0500,0,
Q,sst,1,Spearman,8,8281,14.8050,11,0.7414
Q,sst,1,Spearman,9,8262,10.6875,0,
Q,sst,1,Spearman,10,8270,9.2382,0,
Q,sst,1,Spearman,11,8261,6.2704,0,
Q,sst,1,Spearman,12,8281,17.4134,478,0.5686
Q,sst,1,Spearman,13,8281,52.4333,4389,0.1200
PI,sst,1,Pearson,1,8281,6.3760,0,
PI,sst,1,Pearson,2,8260,4.4068,0,
PI,sst,1,Pearson,3,8250,3.4545,0,
PI,sst,1,Pearson,4,8247,1.8673,0,
PI,sst,1,Pearson,5,8255,2.9316,0,
PI,sst,1,Pearson,6,8273,20.7543,740,0.5123
PI,sst,1,Pearson,7,8281,9.3950,0,
PI,sst,1,Pearson,8,8281,17.0390,422,0.5427
PI,sst,1,Pearson,9,8265,21.5971,424,0.5423
PI,sst,1,Pearson,10,8270,7.6058,0,
PI,sst,1,Pearson,11,8261,8.2678,0,
PI,sst,1,Pearson,12,8281,15.0103,530,0.5304
PI,sst,1,Pearson,13,8281,46.8180,3801,0.1156
PI,sst,1,Spearman,1,8281,7.2455,0,
PI,sst,1,Spearman,2,8260,4.9395,0,
PI,sst,1,Spearman,3,8250,3.0061,0,
PI,sst,1,Spearman,4,8247,2.7404,0,
PI,sst,1,Spearman,5,8255,4.0339,0,
PI,sst,1,Spearman,6,8273,19.5334,10,0.6938
PI,sst,1,Spearman,7,8281,10.7958,217,0.5754
PI,sst,1,Spearman,8,8281,16.6164,660,0.5185
PI,sst,1,Spearman,9,8265,18.6691,30,0.6569
PI,sst,1,Spearman,10,8270,7.8476,0,
PI,sst,1,Spearman,11,8261,8.9456,0,
PI,sst,1,Spearman,12,8281,13.5853,153,0.5915
PI,sst,1,Spearman,13,8281,44.2096,3542,0.1173
PL,viento850,0,Pearson,1,10239,5.7623,0,
PL,viento850,0,Pearson,2,10235,1.7880,0,
PL,viento850,0,Pearson,3,10232,7.7502,0,
PL,viento850,0,Pearson,4,10237,5.0015,0,
PL,viento850,0,Pearson,5,10244,3.5240,0,
PL,viento850,0,Pearson,6,10248,8.2650,21,0.6766
PL,viento850,0,Pearson,7,10257,7.2048,0,
PL,viento850,0,Pearson,8,10258,12.7803,0,
PL,viento850,0,Pearson,9,10252,7.1791,42,0.6524
PL,viento850,0,Pearson,10,10247,6.5580,0,
PL,viento850,0,Pearson,11,10239,5.4791,50,0.6585
PL,viento850,0,Pearson,12,10238,9.6015,0,
PL,viento850,0,Pearson,13,10281,18.4223,965,0.1498
PL,viento850,0,Spearman,1,10239,6.6022,0,
PL,viento850,0,Spearman,2,10235,1.5926,0,
PL,viento850,0,Spearman,3,10232,9.1869,0,
PL,viento850,0,Spearman,4,10237,4.8549,0,
PL,viento850,0,Spearman,5,10244,3.2800,0,
PL,viento850,0,Spearman,6,10248,8.8895,19,0.6808
PL,viento850,0,Spearman,7,10257,8.2773,0,
PL,viento850,0,Spearman,8,10258,11.6397,0,
PL,viento850,0,Spearman,9,10252,5.9110,43,0.6524
PL,viento850,0,Spearman,10,10247,7.4070,0,
PL,viento850,0,Spearman,11,10239,6.3678,55,0.6454
PL,viento850,0,Spearman,12,10238,8.4196,0,
PL,viento850,0,Spearman,13,10281,19.4631,902,0.1512
Q,viento850,0,Pearson,1,10234,9.3121,73,0.6542
Q,viento850,0,Pearson,2,10232,3.3229,0,
Q,viento850,0,Pearson,3,10222,11.4948,154,0.6476
Q,viento850,0,Pearson,4,10232,4.8280,0,
Q,viento850,0,Pearson,5,10234,3.9574,0,
Q,viento850,0,Pearson,6,10246,7.8958,0,
Q,viento850,0,Pearson,7,10251,8.6918,0,
Q,viento850,0,Pearson,8,10253,15.1956,519,0.5766
Q,viento850,0,Pearson,9,10249,9.4058,0,
Q,viento850,0,Pearson,10,10237,8.6842,0,
Q,viento850,0,Pearson,11,10235,9.7313,0,
Q,viento850,0,Pearson,12,10232,12.4902,0,
Q,viento850,0,Pearson,13,10281,28.1879,1778,0.1470
Q,viento850,0,Spearman,1,10234,10.0059,129,0.6324
Q,viento850,0,Spearman,2,10232,5.3851,0,
Q,viento850,0,Spearman,3,10222,12.0720,137,0.6532
Q,viento850,0,Spearman,4,10232,3.5770,0,
Q,viento850,0,Spearman,5,10234,3.6447,0,
Q,viento850,0,Spearman,6,10246,8.1690,37,0.6808
Q,viento850,0,Spearman,7,10251,7.6090,0,
Q,viento850,0,Spearman,8,10253,14.1520,473,0.5810
Q,viento850,0,Spearman,9,10249,5.2590,0,
Q,viento850,0,Spearman,10,10237,6.9942,0,
Q,viento850,0,Spearman,11,10235,6.8002,0,
Q,viento850,0,Spearman,12,10232,12.0407,0,
Q,viento850,0,Spearman,13,10281,25.0851,1563,0.1499
PI,viento850,0,Pearson,1,10239,8.4481,0,
PI,viento850,0,Pearson,2,10235,2.7846,0,
PI,viento850,0,Pearson,3,10232,9.0109,0,
PI,viento850,0,Pearson,4,10237,4.3958,0,
PI,viento850,0,Pearson,5,10244,5.1738,0,
PI,viento850,0,Pearson,6,10248,9.9922,24,0.6760
PI,viento850,0,Pearson,7,10257,7.9750,6,0.7159
PI,viento850,0,Pearson,8,10258,14.9054,425,0.5531
PI,viento850,0,Pearson,9,10252,5.8720,129,0.6085
PI,viento850,0,Pearson,10,10247,8.6172,51,0.6455
PI,viento850,0,Pearson,11,10239,7.7644,0,
PI,viento850,0,Pearson,12,10238,9.8066,20,0.6795
PI,viento850,0,Pearson,13,10281,21.3403,1130,0.1467
PI,viento850,0,Spearman,1,10239,9.5810,111,0.6146
PI,viento850,0,Spearman,2,10235,3.0777,0,
PI,viento850,0,Spearman,3,10232,8.9523,3,0.7477
PI,viento850,0,Spearman,4,10237,4.6986,0,
PI,viento850,0,Spearman,5,10244,3.8364,0,
PI,viento850,0,Spearman,6,10248,10.3337,92,0.6223
PI,viento850,0,Spearman,7,10257,8.6380,1,0.7715
PI,viento850,0,Spearman,8,10258,13.9696,274,0.5746
PI,viento850,0,Spearman,9,10252,6.7987,104,0.6177
PI,viento850,0,Spearman,10,10247,8.9782,0,
PI,viento850,0,Spearman,11,10239,6.8268,0,
PI,viento850,0,Spearman,12,10238,9.5722,7,0.7154
PI,viento850,0,Spearman,13,10281,24.3362,1286,0.1440
PL,q850,0,Pearson,1,10239,5.5377,0,
PL,q850,0,Pearson,2,10235,3.4001,0,
PL,q850,0,Pearson,3,10232,5.9617,0,
PL,q850,0,Pearson,4,10237,4.6303,0,
PL,q850,0,Pearson,5,10244,5.3495,0,
PL,q850,0,Pearson,6,10248,10.0410,119,0.6121
PL,q850,0,Pearson,7,10257,7.1073,0,
PL,q850,0,Pearson,8,10258,10.7623,0,
PL,q850,0,Pearson,9,10252,13.0218,157,0.6005
PL,q850,0,Pearson,10,10247,7.1631,15,0.6894
PL,q850,0,Pearson,11,10239,9.4931,5,0.7231
PL,q850,0,Pearson,12,10238,7.2475,1,0.7705
PL,q850,0,Pearson,13,10281,24.4431,1695,0.1384
PL,q850,0,Spearman,1,10239,6.0553,0,
PL,q850,0,Spearman,2,10235,5.0708,0,
PL,q850,0,Spearman,3,10232,6.7631,0,
PL,q850,0,Spearman,4,10237,4.4935,0,
PL,q850,0,Spearman,5,10244,3.9731,0,
PL,q850,0,Spearman,6,10248,10.3923,0,
PL,q850,0,Spearman,7,10257,6.9319,0,
PL,q850,0,Spearman,8,10258,10.1872,0,
PL,q850,0,Spearman,9,10252,12.5634,69,0.6340
PL,q850,0,Spearman,10,10247,7.7584,80,0.6285
PL,q850,0,Spearman,11,10239,9.0927,27,0.6731
PL,q850,0,Spearman,12,10238,5.9582,0,
PL,q850,0,Spearman,13,10281,23.8985,1581,0.1398
Q,q850,0,Pearson,1,10234,12.2826,0,
Q,q850,0,Pearson,2,10232,6.6556,0,
Q,q850,0,Pearson,3,10222,12.6101,139,0.6524
Q,q850,0,Pearson,4,10232,4.6716,0,
Q,q850,0,Pearson,5,10234,8.8431,0,
Q,q850,0,Pearson,6,10246,6.9881,0,
Q,q850,0,Pearson,7,10251,7.9504,0,
Q,q850,0,Pearson,8,10253,12.7182,34,0.6951
Q,q850,0,Pearson,9,10249,11.2304,0,
Q,q850,0,Pearson,10,10237,11.6343,0,
Q,q850,0,Pearson,11,10235,8.5686,52,0.6679
Q,q850,0,Pearson,12,10232,10.6235,0,
Q,q850,0,Pearson,13,10281,29.7734,2454,0.1396
Q,q850,0,Spearman,1,10234,12.7809,0,
Q,q850,0,Spearman,2,10232,12.3339,0,
Q,q850,0,Spearman,3,10222,12.2774,176,0.6416
Q,q850,0,Spearman,4,10232,4.7205,0,
Q,q850,0,Spearman,5,10234,8.5499,0,
Q,q850,0,Spearman,6,10246,6.3927,0,
Q,q850,0,Spearman,7,10251,5.6677,0,
Q,q850,0,Spearman,8,10253,12.2013,146,0.6375
Q,q850,0,Spearman,9,10249,7.5520,0,
Q,q850,0,Spearman,10,10237,10.4523,47,0.7113
Q,q850,0,Spearman,11,10235,7.4841,0,
Q,q850,0,Spearman,12,10232,11.6302,9,0.7403
Q,q850,0,Spearman,13,10281,29.7442,2390,0.1402
PI,q850,0,Pearson,1,10239,7.6668,0,
PI,q850,0,Pearson,2,10235,2.1983,0,
PI,q850,0,Pearson,3,10232,6.0106,0,
PI,q850,0,Pearson,4,10237,3.9562,0,
PI,q850,0,Pearson,5,10244,5.1347,0,
PI,q850,0,Pearson,6,10248,14.6565,0,
PI,q850,0,Pearson,7,10257,7.5558,0,
PI,q850,0,Pearson,8,10258,13.7356,365,0.5619
PI,q850,0,Pearson,9,10252,12.9536,250,0.5790
PI,q850,0,Pearson,10,10247,7.8267,0,
PI,q850,0,Pearson,11,10239,7.7449,0,
PI,q850,0,Pearson,12,10238,10.8713,0,
PI,q850,0,Pearson,13,10281,25.8827,1796,0.1372
PI,q850,0,Spearman,1,10239,8.9267,0,
PI,q850,0,Spearman,2,10235,3.5271,0,
PI,q850,0,Spearman,3,10232,6.1572,0,
PI,q850,0,Spearman,4,10237,4.5130,0,
PI,q850,0,Spearman,5,10244,4.1488,0,
PI,q850,0,Spearman,6,10248,15.0566,0,
PI,q850,0,Spearman,7,10257,9.1352,0,
PI,q850,0,Spearman,8,10258,12.7510,318,0.5677
PI,q850,0,Spearman,9,10252,13.6461,119,0.6123
PI,q850,0,Spearman,10,10247,7.4851,0,
PI,q850,0,Spearman,11,10239,7.1784,0,
PI,q850,0,Spearman,12,10238,9.3085,1,0.7792
PI,q850,0,Spearman,13,10281,27.1277,1856,0.1365
