cuenca,campo,rezago,mes,nino34_r,nino34_r_min,nino34_r_max,nino34_anio_mas_influyente,cajas_fdr,cajas_fdr_robustas,anio_que_mas_quita,cajas_que_quita,nino34_cambia_signo
PL,sst,0,1,-0.2856,-0.3875,-0.1845,2005.0000,0,0,,0,False
PL,sst,0,2,-0.3527,-0.4117,-0.2770,1999.0000,0,0,,0,False
PL,sst,0,3,-0.3627,-0.4507,-0.2377,2016.0000,0,0,,0,False
PL,sst,0,4,0.0051,-0.0579,0.1147,2011.0000,0,0,,0,True
PL,sst,0,5,-0.1536,-0.2216,0.0470,2015.0000,0,0,,0,True
PL,sst,0,6,-0.5643,-0.6461,-0.4751,2015.0000,0,0,,0,False
PL,sst,0,7,-0.4808,-0.5230,-0.4004,2010.0000,0,0,,0,False
PL,sst,0,8,-0.3077,-0.3953,-0.2495,2009.0000,0,0,,0,False
PL,sst,0,9,-0.5077,-0.5920,-0.4293,2004.0000,76,0,1999.0000,76,False
PL,sst,0,10,-0.3267,-0.3917,-0.2510,1998.0000,0,0,,0,False
PL,sst,0,11,-0.4116,-0.4880,-0.2965,2015.0000,0,0,,0,False
PL,sst,0,12,-0.3467,-0.4268,-0.2527,2015.0000,0,0,,0,False
Q,sst,0,1,-0.6072,-0.6702,-0.5526,2005.0000,1398,142,2016.0000,1256,False
Q,sst,0,2,-0.4389,-0.4840,-0.3942,2005.0000,278,0,1999.0000,278,False
Q,sst,0,3,-0.5887,-0.6754,-0.5336,2019.0000,623,0,1998.0000,623,False
Q,sst,0,4,-0.2430,-0.3365,-0.1534,2019.0000,0,0,,0,False
Q,sst,0,5,-0.2986,-0.3602,-0.0795,2015.0000,0,0,,0,False
Q,sst,0,6,-0.0965,-0.2378,-0.0266,2002.0000,0,0,,0,False
Q,sst,0,7,-0.4796,-0.5277,-0.3697,2010.0000,0,0,,0,False
Q,sst,0,8,-0.5001,-0.5764,-0.3971,2010.0000,274,0,2010.0000,274,False
Q,sst,0,9,-0.5351,-0.5908,-0.3348,2010.0000,187,0,2008.0000,187,False
Q,sst,0,10,-0.3825,-0.4774,-0.2992,2018.0000,0,0,,0,False
Q,sst,0,11,-0.3550,-0.4028,-0.2745,2002.0000,0,0,,0,False
Q,sst,0,12,-0.4510,-0.5350,-0.3750,2006.0000,373,113,2019.0000,250,False
PI,sst,0,1,-0.3278,-0.4168,-0.2654,2005.0000,17,0,2002.0000,17,False
PI,sst,0,2,-0.3255,-0.3817,-0.2538,1999.0000,0,0,,0,False
PI,sst,0,3,-0.2070,-0.2950,-0.1322,2019.0000,0,0,,0,False
PI,sst,0,4,-0.0248,-0.0775,0.0975,2011.0000,0,0,,0,True
PI,sst,0,5,-0.3185,-0.4348,-0.1734,2015.0000,0,0,,0,False
PI,sst,0,6,-0.5775,-0.6130,-0.4722,2015.0000,498,0,2000.0000,498,False
PI,sst,0,7,-0.4504,-0.5304,-0.3520,2010.0000,0,0,,0,False
PI,sst,0,8,-0.5339,-0.5744,-0.4166,2015.0000,405,53,2015.0000,348,False
PI,sst,0,9,-0.3487,-0.4402,-0.2704,2004.0000,57,0,1999.0000,57,False
PI,sst,0,10,-0.3549,-0.4480,-0.2077,2015.0000,4,0,1998.0000,4,False
PI,sst,0,11,-0.2943,-0.3845,-0.2219,2007.0000,0,0,,0,False
PI,sst,0,12,-0.6063,-0.6649,-0.5175,2015.0000,571,0,2010.0000,571,False
PL,sst,1,1,-0.2362,-0.3430,-0.1121,2016.0000,0,0,,0,False
PL,sst,1,2,-0.3617,-0.4110,-0.2670,1999.0000,0,0,,0,False
PL,sst,1,3,-0.3160,-0.4106,-0.1688,2016.0000,0,0,,0,False
PL,sst,1,4,-0.0305,-0.0985,0.0781,2011.0000,0,0,,0,True
PL,sst,1,5,-0.1402,-0.2026,-0.0024,2015.0000,0,0,,0,False
PL,sst,1,6,-0.5707,-0.6575,-0.4943,2017.0000,0,0,,0,False
PL,sst,1,7,-0.4082,-0.4568,-0.3706,2013.0000,0,0,,0,False
PL,sst,1,8,-0.3380,-0.4307,-0.2955,2009.0000,0,0,,0,False
PL,sst,1,9,-0.5069,-0.5973,-0.4336,2004.0000,0,0,,0,False
PL,sst,1,10,-0.3376,-0.3887,-0.2661,1998.0000,0,0,,0,False
PL,sst,1,11,-0.4113,-0.4776,-0.2967,2015.0000,0,0,,0,False
PL,sst,1,12,-0.3765,-0.4654,-0.2855,2015.0000,0,0,,0,False
Q,sst,1,1,-0.5540,-0.6214,-0.4776,2016.0000,1287,0,1999.0000,1287,False
Q,sst,1,2,-0.4564,-0.5165,-0.4038,2005.0000,0,0,,0,False
Q,sst,1,3,-0.6101,-0.6717,-0.5573,2019.0000,1232,0,1999.0000,1232,False
Q,sst,1,4,-0.2806,-0.3708,-0.1864,2016.0000,0,0,,0,False
Q,sst,1,5,-0.5158,-0.5644,-0.4344,2015.0000,0,0,,0,False
Q,sst,1,6,-0.2243,-0.3000,-0.1579,2002.0000,0,0,,0,False
Q,sst,1,7,-0.3939,-0.4500,-0.3644,2013.0000,0,0,,0,False
Q,sst,1,8,-0.4817,-0.5421,-0.3854,2010.0000,0,0,,0,False
Q,sst,1,9,-0.4984,-0.5576,-0.2670,2010.0000,0,0,,0,False
Q,sst,1,10,-0.4394,-0.5097,-0.3683,2009.0000,0,0,,0,False
Q,sst,1,11,-0.3799,-0.4362,-0.3003,2010.0000,0,0,,0,False
Q,sst,1,12,-0.5084,-0.5885,-0.4470,2006.0000,288,0,1998.0000,288,False
PI,sst,1,1,-0.3163,-0.4136,-0.2308,2005.0000,0,0,,0,False
PI,sst,1,2,-0.3263,-0.3811,-0.2398,1999.0000,0,0,,0,False
PI,sst,1,3,-0.1725,-0.2650,-0.0864,2008.0000,0,0,,0,False
PI,sst,1,4,0.0425,-0.0080,0.1860,2011.0000,0,0,,0,True
PI,sst,1,5,-0.2492,-0.3454,-0.1436,2015.0000,0,0,,0,False
PI,sst,1,6,-0.5636,-0.6052,-0.4867,2015.0000,740,0,2015.0000,740,False
PI,sst,1,7,-0.4136,-0.5036,-0.3784,2013.0000,0,0,,0,False
PI,sst,1,8,-0.5190,-0.6141,-0.4059,2015.0000,422,0,2008.0000,422,False
PI,sst,1,9,-0.3693,-0.4685,-0.2936,2004.0000,424,0,1999.0000,424,False
PI,sst,1,10,-0.3914,-0.4584,-0.2446,2015.0000,0,0,,0,False
PI,sst,1,11,-0.2921,-0.3850,-0.2102,2007.0000,0,0,,0,False
PI,sst,1,12,-0.6652,-0.7062,-0.5890,2015.0000,530,0,2015.0000,530,False
PL,viento850,0,1,,,,,0,0,,0,True
PL,viento850,0,2,,,,,0,0,,0,True
PL,viento850,0,3,,,,,0,0,,0,True
PL,viento850,0,4,,,,,0,0,,0,True
PL,viento850,0,5,,,,,0,0,,0,True
PL,viento850,0,6,,,,,21,5,2022.0000,15,True
PL,viento850,0,7,,,,,0,0,,0,True
PL,viento850,0,8,,,,,0,0,,0,True
PL,viento850,0,9,,,,,42,0,1999.0000,42,True
PL,viento850,0,10,,,,,0,0,,0,True
PL,viento850,0,11,,,,,50,22,2020.0000,27,True
PL,viento850,0,12,,,,,0,0,,0,True
Q,viento850,0,1,,,,,73,0,1998.0000,73,True
Q,viento850,0,2,,,,,0,0,,0,True
Q,viento850,0,3,,,,,154,0,1999.0000,154,True
Q,viento850,0,4,,,,,0,0,,0,True
Q,viento850,0,5,,,,,0,0,,0,True
Q,viento850,0,6,,,,,0,0,,0,True
Q,viento850,0,7,,,,,0,0,,0,True
Q,viento850,0,8,,,,,519,135,2010.0000,364,True
Q,viento850,0,9,,,,,0,0,,0,True
Q,viento850,0,10,,,,,0,0,,0,True
Q,viento850,0,11,,,,,0,0,,0,True
Q,viento850,0,12,,,,,0,0,,0,True
PI,viento850,0,1,,,,,0,0,,0,True
PI,viento850,0,2,,,,,0,0,,0,True
PI,viento850,0,3,,,,,0,0,,0,True
PI,viento850,0,4,,,,,0,0,,0,True
PI,viento850,0,5,,,,,0,0,,0,True
PI,viento850,0,6,,,,,24,1,2015.0000,23,True
PI,viento850,0,7,,,,,6,0,1998.0000,6,True
PI,viento850,0,8,,,,,425,101,2010.0000,279,True
PI,viento850,0,9,,,,,129,50,2010.0000,73,True
PI,viento850,0,10,,,,,51,0,2002.0000,51,True
PI,viento850,0,11,,,,,0,0,,0,True
PI,viento850,0,12,,,,,20,2,2018.0000,18,True
PL,q850,0,1,,,,,0,0,,0,True
PL,q850,0,2,,,,,0,0,,0,True
PL,q850,0,3,,,,,0,0,,0,True
PL,q850,0,4,,,,,0,0,,0,True
PL,q850,0,5,,,,,0,0,,0,True
PL,q850,0,6,,,,,119,0,2022.0000,119,True
PL,q850,0,7,,,,,0,0,,0,True
PL,q850,0,8,,,,,0,0,,0,True
PL,q850,0,9,,,,,157,5,1999.0000,152,True
PL,q850,0,10,,,,,15,0,1998.0000,15,True
PL,q850,0,11,,,,,5,0,1998.0000,5,True
PL,q850,0,12,,,,,1,0,1998.0000,1,True
Q,q850,0,1,,,,,0,0,,0,True
Q,q850,0,2,,,,,0,0,,0,True
Q,q850,0,3,,,,,139,0,1999.0000,139,True
Q,q850,0,4,,,,,0,0,,0,True
Q,q850,0,5,,,,,0,0,,0,True
Q,q850,0,6,,,,,0,0,,0,True
Q,q850,0,7,,,,,0,0,,0,True
Q,q850,0,8,,,,,34,0,1998.0000,34,True
Q,q850,0,9,,,,,0,0,,0,True
Q,q850,0,10,,,,,0,0,,0,True
Q,q850,0,11,,,,,52,0,2012.0000,52,True
Q,q850,0,12,,,,,0,0,,0,True
PI,q850,0,1,,,,,0,0,,0,True
PI,q850,0,2,,,,,0,0,,0,True
PI,q850,0,3,,,,,0,0,,0,True
PI,q850,0,4,,,,,0,0,,0,True
PI,q850,0,5,,,,,0,0,,0,True
PI,q850,0,6,,,,,0,0,,0,True
PI,q850,0,7,,,,,0,0,,0,True
PI,q850,0,8,,,,,365,82,2015.0000,256,True
PI,q850,0,9,,,,,250,41,1999.0000,189,True
PI,q850,0,10,,,,,0,0,,0,True
PI,q850,0,11,,,,,0,0,,0,True
PI,q850,0,12,,,,,0,0,,0,True
