altura_m,fraccion_area_encima
1114.0,1.0
1146.1515,0.9992498373856358
1178.303,0.9979987750509208
1210.4546,0.9955975425052582
1242.6061,0.9919594912188243
1274.7576,0.9866133956253175
1306.909,0.9785883174042475
1339.0605,0.9688029683649778
1371.2122,0.9575054244353602
1403.3636,0.9455621709136316
1435.5151,0.9319346124080695
1467.6667,0.916957473376349
1499.8181,0.899082949943263
1531.9697,0.880454702997327
1564.1212,0.8590940599465391
1596.2727,0.8383553871646227
1628.4243,0.8136261341461678
1660.5757,0.7844054011708235
1692.7273,0.753253474249956
1724.8788,0.7191127665332516
1757.0303,0.6846349604265481
1789.1819,0.653246827239449
1821.3334,0.6241412299818156
1853.4849,0.5960136928416445
1885.6364,0.5708417014447752
1917.7878,0.5472388793140285
1949.9395,0.5256776389818679
1982.091,0.505147872244458
2014.2424,0.48624543611510723
2046.394,0.46900356564635054
2078.5454,0.45420091064043944
2110.697,0.4410101556824818
2142.8486,0.42933040864871025
2175.0,0.41882694508144963
2207.1514,0.4085656226112306
2239.3032,0.3993523912620299
2271.4546,0.3908513396100104
2303.606,0.3823348573978853
2335.7576,0.3737162960958309
2367.9092,0.3651345307447975
2400.0605,0.3563960858603843
2432.2122,0.3477977029830834
2464.3638,0.3394877528831408
2496.5151,0.3311255762720716
2528.6667,0.3227016774205801
2560.8184,0.3143561183357785
2592.9697,0.30594052824742074
2625.121,0.2969884294538531
2657.2727,0.2881348488517289
2689.4243,0.2790866057990419
2721.5757,0.27021996856913605
2753.7273,0.26128686123415995
2785.879,0.25226354447087423
2818.0303,0.24312271805755362
2850.182,0.23437833834233054
2882.3335,0.22566719367964258
2914.4849,0.21723498606501726
2946.6362,0.20918379458838388
2978.788,0.20117177299509545
3010.9395,0.19342681878825
3043.0908,0.18562014234098215
3075.2424,0.17818973416705836
3107.394,0.17095398844369744
3139.5454,0.1639318966294909
3171.697,0.15712227175827673
3203.8486,0.15056547067956186
3236.0,0.14426268035950832
3268.1516,0.1382459488844892
3300.303,0.13264228163383518
3332.4546,0.12733891682215923
3364.6062,0.1220308041458354
3396.7576,0.11676304831901853
3428.9092,0.11161992393920835
3461.0605,0.10644831237151091
3493.2122,0.10153308549479871
3525.3638,0.09652052739280509
3557.5151,0.09130618504327678
3589.6667,0.08583071013811538
3621.8184,0.0800288195384126
3653.9697,0.07365718518096485
3686.1213,0.0665591275323923
3718.2727,0.0592699683317428
3750.4243,0.05119622449803201
3782.576,0.04271653823692794
3814.7273,0.033864144600965713
3846.879,0.025440245749474174
3879.0303,0.017789061869424225
3911.182,0.011853044093418984
3943.3335,0.007287972234487539
3975.4849,0.004452310073544423
4007.6365,0.0028059880068938997
4039.7878,0.0017555229535516402
4071.9395,0.001154918075595501
4104.091,0.0007382929527445032
4136.242,0.00045104714154808873
4168.394,0.00026231952179507265
4200.5454,0.0001281923454926147
4232.6973,4.273078183087157e-05
4264.8486,9.495729295749237e-06
4297.0,1.1869661619686546e-06
