ruta,bytes,sha256
data/camels_col/00_CAMELS-COL  Description.docx,63552,0d61ddf386831f97fe5b38d7c953fc73fafa040e0c140473f48b0a01d352047a
data/camels_col/01_CAMELS_COL_Attributes.zip,17920,853a26d165a6bffc7627071a9839bd4bc53dcb9c4bf782cac3b32eafec6c46b7
data/camels_col/02_CAMELS_COL_Catchment_information.csv,27028,0987e4e29f98e6a5d5fccc76e8216796707972ebdd951a1daf777a9b2b1ef111
data/camels_col/03_boundaries.zip,13888313,ca4baafeb0c51fab2c03c355aa5580d9a51293fb9fd2f777913bac45dd6a908a
data/camels_col/04_hydromet.zip,184567201,e204b898b6e5d44308057d7f1234ebea37a9af08d2d19f0e71448a3ebf413bcb
data/camels_col/05_CAMELS_COL_Geologic_characteristics.csv,12956,3cb4b010722e192d450ae00f5b255604fe2c99bf0eb5e89e93d2c7fae4ba4c9a
data/camels_col/06_CAMELS_COL_Land_cover_characteristics.csv,13390,11ebedf42173ab3a21f5fff1cb027dd78bfbc9d10d476c414be1781735a44060
data/camels_col/07_CAMELS_COL_Soil_characteristics.csv,22783,1a7c1705ab047d98bbce5e367fc324d930856ff6a5ccd22da9047841cfb04c35
data/camels_col/08_CAMELS_COL_Climatic_indices.csv,13333,86bd037a76d91c4dc337b954d20bcdf97619ddca2d575451dec7f7eed8d8125e
data/camels_col/09_CAMELS_COL_Hydrological_signatures.csv,19179,c7898bdfd7532e2f4949d9f89b5f70fa8c0ce6369bada01de5dda26caf441a64
data/camels_col/10_CAMELS_COL_Physiograpic_characteristics.csv,36140,045c9df9e3c6b7d4db2f7e045d6f3bc657cc12e3645af2b471c6d2eac9f4199d
data/camels_col/11_CAMELS_COL_Land_use_capability.csv,215300,89cef908ab0f7c26922d31891111fe6ae4b37c3cd138e7dd5f733ec0fbea85de
data/camels_col/attrs/01_CAMELS_COL_Attributes/01_CAMELS_COL_Attributes.xlsx,18231,b75bf135b1d8ae8c9de350cf2a4dcdfda32f9e2d64efbc36208ee506e3d6760d
data/camels_col/attrs/01_CAMELS_COL_Attributes/CAMELS_COL_readme.txt,6118,507257017efa934dab7c0764f5ccf38dabb06ca62608e8d23b7df969cce9bf2a
data/camels_col/boundaries/03_CAMELS_COL_Basin_boundary/CAMELS_COL_catchments_boundaries.cpg,5,3ad3031f5503a4404af825262ee8232cc04d4ea6683d42c5dd0a2f2a27ac9824
data/camels_col/boundaries/03_CAMELS_COL_Basin_boundary/CAMELS_COL_catchments_boundaries.dbf,3180,72383098d54ef62550604a82de84838e4ce9dd0490848d67cc1cfb283f0b1053
data/camels_col/boundaries/03_CAMELS_COL_Basin_boundary/CAMELS_COL_catchments_boundaries.prj,354,cff1c1763dd47707d0f59447c952f2c850b2cf31446d81b3bacd06f76574f794
data/camels_col/boundaries/03_CAMELS_COL_Basin_boundary/CAMELS_COL_catchments_boundaries.qix,9100,b2eb3311b87dce5ba9b1e1f8e05e511f8326c6cf59d082e0bca6dafad84d4f45
data/camels_col/boundaries/03_CAMELS_COL_Basin_boundary/CAMELS_COL_catchments_boundaries.qmd,667,085357005cc010ab64e1f6ba4d01527a59b36c897028a8531e500773228bb69c
data/camels_col/boundaries/03_CAMELS_COL_Basin_boundary/CAMELS_COL_catchments_boundaries.shp,42879080,32a3fdc06a7d98e27600ff36f6aab847ba8bb8409817a15471776316dfca4359
data/camels_col/boundaries/03_CAMELS_COL_Basin_boundary/CAMELS_COL_catchments_boundaries.shx,2868,535acc4f5ff059878e1469732371c589e2ca2650cfbaef6ebd955784077cdf5d
data/camels_col/boundaries/03_CAMELS_COL_Basin_boundary/CAMELS_COL_GAUGING.cpg,5,3ad3031f5503a4404af825262ee8232cc04d4ea6683d42c5dd0a2f2a27ac9824
data/camels_col/boundaries/03_CAMELS_COL_Basin_boundary/CAMELS_COL_GAUGING.dbf,3872,ebfb357588f5b04736cf3bf4349255b9a917ed0a8b5b34835ac16ebf7e1303d5
data/camels_col/boundaries/03_CAMELS_COL_Basin_boundary/CAMELS_COL_GAUGING.prj,354,cff1c1763dd47707d0f59447c952f2c850b2cf31446d81b3bacd06f76574f794
data/camels_col/boundaries/03_CAMELS_COL_Basin_boundary/CAMELS_COL_GAUGING.qix,18956,a67c32a6de55ad653074d9650d46745ebd35293db416a56fce5efde9216a297e
data/camels_col/boundaries/03_CAMELS_COL_Basin_boundary/CAMELS_COL_GAUGING.qmd,674,cd7cf67334cf0b2067f9978621101c874cb5b5bb9ce411eaad0fc9ec05e0cf08
data/camels_col/boundaries/03_CAMELS_COL_Basin_boundary/CAMELS_COL_GAUGING.shp,9788,e6c092028208e8915e3b11e3cafa6a93426118b66e51848691b12091994486b2
data/camels_col/boundaries/03_CAMELS_COL_Basin_boundary/CAMELS_COL_GAUGING.shx,2868,d97bdf5f4f06069e6f3546a1844bc02f25f3fe0d78cbe0d9d1ba000a5a634954
data/camels_col/hydromet/3_Hydrometeorological_data/Hydromet_data_11017010.txt,671583,3ccccd71622f482600736a3da1d50e300ff4dc2db086b6cc5535a4b6917d69ac
data/camels_col/hydromet/3_Hydrometeorological_data/Hydromet_data_11027010.txt,325139,4deb9d7e97a46aa526d4f2bda77872bec7abd3177eb8c651fb945287796187ef
data/camels_col/hydromet/3_Hydrometeorological_data/Hydromet_data_11027030.txt,669703,714383cca92f5e134391e4ab39a60a593f807c58114337080785961806fdb2dd
data/camels_col/hydromet/3_Hydrometeorological_data/Hydromet_data_11035020.txt,354758,e233c96393e9e0f832fba3b288ea893cbc879213393ae97636b6def5909bd3e6
data/camels_col/hydromet/3_Hydrometeorological_data/Hydromet_data_11037020.txt,674182,403c2c31da4eb1162ee2b0fb2f870054801b7e4638b34a6315038e1fbe75c10f
data/camels_col/hydromet/3_Hydrometeorological_data/Hydromet_data_11047010.txt,663759,705a2a71f413df091a82621f2c197304afb3285654f54c1c3643816355572d5f
data/camels_col/hydromet/3_Hydrometeorological_data/Hydromet_data_11047030.txt,606473,33493778f60d11ef708743acaf34ed4c0b2144bb6f736266da6accc4682083b8
data/camels_col/hydromet/3_Hydrometeorological_data/Hydromet_data_11057010.txt,297050,d2839e36b07dea6457893124b14cf8dda1283672f5187722ae75e6bd738ee064
data/camels_col/hydromet/3_Hydrometeorological_data/Hydromet_data_11057020.txt,691236,b41f57743d880fd58841be0ad6df5e8ba1be209c0c8fcbc1e1b61aabe03b898b
data/camels_col/hydromet/3_Hydrometeorological_data/Hydromet_data_11077010.txt,725768,3d5d934be622b9a2f78c2d18c07b1597f25def83174ff1f12c3555097d9a56f1
data/camels_col/hydromet/3_Hydrometeorological_data/Hydromet_data_11077020.txt,598799,ad4896b3f61e34bb57e06b8e90d00949d90fb3444c8627675f3e111a7e37deae
data/camels_col/hydromet/3_Hydrometeorological_data/Hydromet_data_11077030.txt,319255,01b30809f11713706797cdefcdf6dd998357493ca6f308bb8e50515de3d9b3e1
data/camels_col/hydromet/3_Hydrometeorological_data/Hydromet_data_11117010.txt,605953,4cd889635072b6c8cc2c4be802cbfc1cd998d2242b871f7330f13bfdfcb6e6e2
data/camels_col/hydromet/3_Hydrometeorological_data/Hydromet_data_11117050.txt,550126,c60e5223178bfb25f7f3b9725de126ea13280812cc49f7b2bdd5c860d79c984d
data/camels_col/hydromet/3_Hydrometeorological_data/Hydromet_data_12017020.txt,666235,ca1b501563173f4e38055c48352be649625713ab752cd6ff778ac7d4c1451531
data/camels_col/hydromet/3_Hydrometeorological_data/Hydromet_data_12017060.txt,450238,22a5e952372f5a9f112cabc845b13c315227eef3155e6e85cb7a1401ce4b5a86
data/camels_col/hydromet/3_Hydrometeorological_data/Hydromet_data_12017080.txt,478070,2e659e3ae6c65228a8eebd714495ca13ef53d07e0727078ecf1599280c888330
data/camels_col/hydromet/3_Hydrometeorological_data/Hydromet_data_12027010.txt,567700,e140651e0d5f68e8c61b867d770d9e6a5d8c16f732f76c773398b45ace67b243
data/camels_col/hydromet/3_Hydrometeorological_data/Hydromet_data_12027050.txt,680558,1f7aa7d088b7db65014eb2503b40afa96a4fde843ccf7fb13814439148c01842
data/camels_col/hydromet/3_Hydrometeorological_data/Hydromet_data_12027060.txt,363546,3935e3419cabd1140389327ebc7a5aa2765238dc719d743da9cce46efcc976a2
data/camels_col/hydromet/3_Hydrometeorological_data/Hydromet_data_12037010.txt,197885,f36a2d6da8367b6ce0dcc6693fb9221ec51a5e030f0d3ef0bee5b0daececff2a
data/camels_col/hydromet/3_Hydrometeorological_data/Hydromet_data_13017010.txt,269239,e6e532c4e46b3fc1023106dd109b26e30485b20d9b870534d18900c7a78abee2
data/camels_col/hydromet/3_Hydrometeorological_data/Hydromet_data_13017020.txt,293829,621f4d68584daeb12fdd321172392bcf6d08cd5a0972c2cca3bd015f0ed573d9
data/camels_col/hydromet/3_Hydrometeorological_data/Hydromet_data_13037010.txt,238052,0145453b7b5c76a89c11a68afefcc467b021c700dd9c8f4b7b446f0a454117ec
data/camels_col/hydromet/3_Hydrometeorological_data/Hydromet_data_13037040.txt,442432,27e520234daf4a4448ce53d9f374b27f0fdd66c00a92f238afcb9c0c7fd522ad
data/camels_col/hydromet/3_Hydrometeorological_data/Hydromet_data_13047030.txt,279487,f444075d087c97f31a476fdacf6bc662fd2c4671b175c601e1d2ad370751ec72
data/camels_col/hydromet/3_Hydrometeorological_data/Hydromet_data_13047040.txt,300709,32bc8708a73ab84c1af46e7a9a20eca1667c1ae427110af7f51ed535279f6129
data/camels_col/hydromet/3_Hydrometeorological_data/Hydromet_data_13067020.txt,703864,5badf80bc47154f96cff2827536dfb071c2050f6cae5581c1096e628d067f54e
data/camels_col/hydromet/3_Hydrometeorological_data/Hydromet_data_15017020.txt,556707,d9d2edf1c6712028ee10cd0ef2cc17d829298dd667c0f436c95614136c624775
data/camels_col/hydromet/3_Hydrometeorological_data/Hydromet_data_15037010.txt,606021,86e61f24d694c8154854ff1dc9c4c7505d375c9809a0a5f022083f4f438ae948
data/camels_col/hydromet/3_Hydrometeorological_data/Hydromet_data_15037020.txt,661480,32c6b7505f948e448ddf072d62f93897ef6b8e8696974d9a7eb04cdd1b65b7ec
data/camels_col/hydromet/3_Hydrometeorological_data/Hydromet_data_15037030.txt,413162,a0882ce14a816f7f445d61c1d9439e13de000953434bde1ca36d450701d148ec
data/camels_col/hydromet/3_Hydrometeorological_data/Hydromet_data_15067150.txt,196271,89db6640887b271c287045cc195c7f0da735151befca4de03074e534007e6a74
data/camels_col/hydromet/3_Hydrometeorological_data/Hydromet_data_16017020.txt,677302,2b497675703204bb7a2f7445ab88b7e9b2e510ad077efc5b84991e0580f4f434
data/camels_col/hydromet/3_Hydrometeorological_data/Hydromet_data_16027010.txt,513812,df4d4d8da6f7c29e54286e3923f721a1b3c5410dc4af503ed9b7ad47bb71196e
data/camels_col/hydromet/3_Hydrometeorological_data/Hydromet_data_16027020.txt,219616,daeb4cf2b078cd1e08575e674b5d9c633e812706e667dedfd1f20ef1baf76b86
data/camels_col/hydromet/3_Hydrometeorological_data/Hydromet_data_16027100.txt,659272,3a5e5b56de4838a670c24d4582d29f5223462275d26acfc5d5662fe8fe30e195
data/camels_col/hydromet/3_Hydrometeorological_data/Hydromet_data_16027120.txt,482649,b826451fd591ef1f14b56d21dbb28442a136a5b39218d09400799bf2929f0fe4
data/camels_col/hydromet/3_Hydrometeorological_data/Hydromet_data_16027280.txt,429615,1f072bc3adf2d114adf1e899adcb05979b637ea4fbee9f914bce3a10f2d237de
data/camels_col/hydromet/3_Hydrometeorological_data/Hydromet_data_16027300.txt,286313,c3e584e7e72604e3d39837527df8400734edb4898e86afe6dc4f6a6c9720eab1
data/camels_col/hydromet/3_Hydrometeorological_data/Hydromet_data_16037010.txt,666221,421af7256afcf748a61d3241ab014b9792785abc9d486430c5977954850acb8d
data/camels_col/hydromet/3_Hydrometeorological_data/Hydromet_data_16037020.txt,665473,839577d58835f73572726b76f4a3898cc67a753664856f96262d66b3fea60aa3
data/camels_col/hydromet/3_Hydrometeorological_data/Hydromet_data_16037030.txt,659381,fbe234a9565427e446e9b99d45f2280e87c5a3c432e95f3ebd097524dfa0a6f2
data/camels_col/hydromet/3_Hydrometeorological_data/Hydromet_data_16037040.txt,494157,ca8f11d376ed6cc0134f8c1b6ec64bef48903939b780b8d6b49279acaae90a1e
data/camels_col/hydromet/3_Hydrometeorological_data/Hydromet_data_16037050.txt,618440,702356727feea16d49f667c2fb569a1eaa2f8aed307a34cc08a2231fb828bf9f
data/camels_col/hydromet/3_Hydrometeorological_data/Hydromet_data_16047010.txt,678992,3601acd855640f57cbe150ce3428478f4d640afe43bae058cde34e88d736167a
data/camels_col/hydromet/3_Hydrometeorological_data/Hydromet_data_16047030.txt,295747,6da2bc6ae3a1318a292c895a3e61bf1763bd9b4b71eba1c2cd942c9029bfa845
data/camels_col/hydromet/3_Hydrometeorological_data/Hydromet_data_16057020.txt,409117,b1e20466be77b9e03674d8295a6f87432e1fab9c54d1cb11645cd69424e2ed00
data/camels_col/hydromet/3_Hydrometeorological_data/Hydromet_data_16057030.txt,591216,df4e6ec07f3cf371f13df32e36efcc0584075d1fa61f97c1ce3b73bbea218a3a
data/camels_col/hydromet/3_Hydrometeorological_data/Hydromet_data_16057040.txt,583958,0e25c465d63f6992c76633f9153840b04510761ab9b7579ae13be41ac5281557
data/camels_col/hydromet/3_Hydrometeorological_data/Hydromet_data_16057050.txt,290935,15995d746c59584035511baf516e50e810a13b73cfc0c923366a11d6222335dd
data/camels_col/hydromet/3_Hydrometeorological_data/Hydromet_data_16067010.txt,548576,6eb9d5e2ebeee5a8fb33ba0bd2b58f3c2886f0bafd28bea8401cc786c67af8a7
data/camels_col/hydromet/3_Hydrometeorological_data/Hydromet_data_16067020.txt,322567,8529df4443f6abdd294a02fea97aa2a39cdc5f416123058412a6f17b6a65b11c
data/camels_col/hydromet/3_Hydrometeorological_data/Hydromet_data_21017020.txt,673258,5ab77d85573218bce868fca6c353d33bf922f53cbcb0d4b63b4e83d151cfc277
data/camels_col/hydromet/3_Hydrometeorological_data/Hydromet_data_21017040.txt,698785,13506dc7b8d1981eb7edb2826f522b1a950e934f9fd9e4099482099e8c137c11
data/camels_col/hydromet/3_Hydrometeorological_data/Hydromet_data_21017050.txt,665210,cf7459f663738e0cbd99d1c13add6d9603509f1f0ef5193570e8dad1b9c027c1
data/camels_col/hydromet/3_Hydrometeorological_data/Hydromet_data_21017060.txt,488421,9615bcfa50135c15a5c670a9b4045689b0a39b64c88268072f7a49122fe101f3
data/camels_col/hydromet/3_Hydrometeorological_data/Hydromet_data_21027010.txt,699153,9a16bd5ed9df387aea3ec46171fbfacc7f5ae3642935c8a3a04be4a21d68cae9
data/camels_col/hydromet/3_Hydrometeorological_data/Hydromet_data_21037010.txt,664532,0f80e8babdc4a4da10c4c1fadd6df934988da2691c54f5023a0be57358565036
data/camels_col/hydromet/3_Hydrometeorological_data/Hydromet_data_21047010.txt,573398,8bfe40b63174706db6f2d263fa8466d0faba5b5bd6f807cb5429f6db4926d162
data/camels_col/hydromet/3_Hydrometeorological_data/Hydromet_data_21057040.txt,210849,29f3b094f1c24e4c7efcc4c3ac667847e669bb2e9d5a8ef4d4303491d1f05c91
data/camels_col/hydromet/3_Hydrometeorological_data/Hydromet_data_21057050.txt,667483,49373fc81458e3799c1e3c9eee97fe4c4cb2bc7890423714615b690ecdfb8ead
data/camels_col/hydromet/3_Hydrometeorological_data/Hydromet_data_21057060.txt,659385,e4cfd6ea4c31841d3c01b3e1884446e5e8e3457ad72035c1f6371c995e9c89d4
data/camels_col/hydromet/3_Hydrometeorological_data/Hydromet_data_21057070.txt,212330,ca142739b8eaea41cc6544e41ce4781d4938d279847965c4042530013b0d217d
data/camels_col/hydromet/3_Hydrometeorological_data/Hydromet_data_21057080.txt,667915,72933efa4c7b53c649b0f0f6ee5e589946a7e5dff28b8a3d572b3a2419e31191
data/camels_col/hydromet/3_Hydrometeorological_data/Hydromet_data_21057110.txt,450313,2285319b0b5be4e29b6c77e6f1ef4cde670dbdb6ecc5486a06682d7994f27651
data/camels_col/hydromet/3_Hydrometeorological_data/Hydromet_data_21057120.txt,304326,3c43b21772523ef06b60e53828d17e21cdf2a7584a9c31ad7745d9ab90750db9
data/camels_col/hydromet/3_Hydrometeorological_data/Hydromet_data_21087070.txt,642215,c325477d3def2d4f8d28bd898c39e4b15aaf982bd4079b3ac86b23bd70555d91
data/camels_col/hydromet/3_Hydrometeorological_data/Hydromet_data_21087080.txt,625598,ee7c57cb45eea6f66f35a6430859e925e734ae0e61a4c449a6a576eb9c8b38ac
data/camels_col/hydromet/3_Hydrometeorological_data/Hydromet_data_21097070.txt,676839,c95b5949680f8d5cbdc205afc40192c2d4e28fc05837437178a2209e4440c00a
data/camels_col/hydromet/3_Hydrometeorological_data/Hydromet_data_21097120.txt,452566,83cb67a430346446fc23b8e47364bb582d1810386e0c0b531f84f6b03316dad2
data/camels_col/hydromet/3_Hydrometeorological_data/Hydromet_data_21107020.txt,604357,542fffc3db9927add5362e8b30b655e21f7fb8cc7c6469206f732a3a158256b2
data/camels_col/hydromet/3_Hydrometeorological_data/Hydromet_data_21127020.txt,599182,35a25901b0b01ec7fc2c4b29fc8aaf2dea7ff011f4a80b7413275a3d3a4b8019
data/camels_col/hydromet/3_Hydrometeorological_data/Hydromet_data_21137010.txt,713283,f1d58935429679c3938e4af72ad8d26f823fbcc5e8414fca6c484010ebde7dfe
data/camels_col/hydromet/3_Hydrometeorological_data/Hydromet_data_21137020.txt,623579,d6319baee3efa073e60ac11b69e2cc8dda306f3a09f03de236e7f43ed8b26536
data/camels_col/hydromet/3_Hydrometeorological_data/Hydromet_data_21137030.txt,656166,20b57309fad1fefd7eeee0c7ddaa45f07d68cd93ba7c71dd7a541b33a6a85204
data/camels_col/hydromet/3_Hydrometeorological_data/Hydromet_data_21137050.txt,672004,2eb4c32901f6ca30b937dcf383205b7c73fcef534d128d5783c39122a6559bed
data/camels_col/hydromet/3_Hydrometeorological_data/Hydromet_data_21147010.txt,667339,00af6d6c93eb8b8a8c32d23e4b11dc6c4450fad5826de46fdff736e5ace26d9a
data/camels_col/hydromet/3_Hydrometeorological_data/Hydromet_data_21147030.txt,663103,2d748d4b040eaf8ecd19fe8ee701290f42bd7df652a006024c16c195817fdc0e
data/camels_col/hydromet/3_Hydrometeorological_data/Hydromet_data_21167020.txt,342528,7a4918aaab2851f99770d75c971389952b4b01b40ade3f4154235849b507a009
data/camels_col/hydromet/3_Hydrometeorological_data/Hydromet_data_21167050.txt,667704,9846a51474e47540cfaf4a305cbcc3fdf170f69ea32ba6b218960432718ea264
data/camels_col/hydromet/3_Hydrometeorological_data/Hydromet_data_21167080.txt,471374,f9b700c7b389727f46c27c16946431ee6d3adc45e10c744eb8614e4dd8238ee8
data/camels_col/hydromet/3_Hydrometeorological_data/Hydromet_data_21167090.txt,439976,9cc4b2c5f8a76eb1a75d5a2fdb54bb1a010a8ab893538e2652eae7bc79df8920
data/camels_col/hydromet/3_Hydrometeorological_data/Hydromet_data_21167100.txt,189295,c47ce4cac41746b30345d2a310b469794e331b763a5e7274602577a9afc9fbd9
data/camels_col/hydromet/3_Hydrometeorological_data/Hydromet_data_21187020.txt,640504,b71c9e79a452f05b9a113bf8cedf279bab46e69a8710d564d745210ef8aa7068
data/camels_col/hydromet/3_Hydrometeorological_data/Hydromet_data_21187030.txt,620554,3c8a933d0e04f0882ff27f8e74fdfc0d5ffd4d145e0445db5f402f97397f5bb8
data/camels_col/hydromet/3_Hydrometeorological_data/Hydromet_data_21197010.txt,656621,3084b8ff4af4fd51f2a3bdf2871a616112c1fc57375fdf471219a8909e5d2bf9
data/camels_col/hydromet/3_Hydrometeorological_data/Hydromet_data_21197030.txt,605371,6c4bd3ee4dd6d78ba659d4e471e91a97e91c7bda53b852c3a0b4fe595a5a9865
data/camels_col/hydromet/3_Hydrometeorological_data/Hydromet_data_21197110.txt,662115,86d5f957038262fb29960bd447afb4a36e0e9424641ba76f9745c0dd4a0b7475
data/camels_col/hydromet/3_Hydrometeorological_data/Hydromet_data_21197150.txt,593201,938aa72f139a0028625aaf80ed5223d450bcfc91f6d28b394a270a40018655d1
data/camels_col/hydromet/3_Hydrometeorological_data/Hydromet_data_21207960.txt,520943,1cff6ff07f7abbf3bd29874f688ff59121cbf23d7dc0be59029ce933387307e5
data/camels_col/hydromet/3_Hydrometeorological_data/Hydromet_data_21217180.txt,614174,e14cbd7b431e23d7aaec89c0dbfeb8b2895e771f9632f8062bdf0c31922a79c8
data/camels_col/hydromet/3_Hydrometeorological_data/Hydromet_data_21217200.txt,580399,d956c70c9cc9c181eb376b2e0496e3732da5e81f6a4bd0024ede273250097cac
data/camels_col/hydromet/3_Hydrometeorological_data/Hydromet_data_21217280.txt,359412,58890d9134de8e622dc7670ae0154a9e49603793fbfa6754f3b527d4ac88c360
data/camels_col/hydromet/3_Hydrometeorological_data/Hydromet_data_21237010.txt,719476,b267546f07eaeaf8f9f0009766f0ae4c148943576c4db5fbaa7b8b6da9a32cd2
data/camels_col/hydromet/3_Hydrometeorological_data/Hydromet_data_21237020.txt,581516,f24c7d598919c179f31ac5e860739787d7058dcca3a6c617cffdefab7dc9462b
data/camels_col/hydromet/3_Hydrometeorological_data/Hydromet_data_21247040.txt,221098,8a45ec50aefa18b6ac25c631e75aae163433f2cbd85a571ea1108b4b16aab357
data/camels_col/hydromet/3_Hydrometeorological_data/Hydromet_data_21247050.txt,428268,4328c16271f5331816cae17511520192a0120b76ea9134c2c9d30b08afe295d3
data/camels_col/hydromet/3_Hydrometeorological_data/Hydromet_data_21257070.txt,646377,d74d5ac4ee430439b92f033c4f29060e9c6baca5db7e6fc6b8dc1c10ab36db78
data/camels_col/hydromet/3_Hydrometeorological_data/Hydromet_data_21257100.txt,623560,c557215c133c000e62763b8069134be17c79e60bc7ba9301d3d4ee22373d8092
data/camels_col/hydromet/3_Hydrometeorological_data/Hydromet_data_21257110.txt,483514,1c60afccc7e868b19ec04ea58d04b4daf06e4844ce96f6af92ac93a13f973ba4
data/camels_col/hydromet/3_Hydrometeorological_data/Hydromet_data_21257120.txt,475265,00e89cd91114d9879cf7032e5c35c5dbe3c71075cd36dc6afd3cf9005102cf15
data/camels_col/hydromet/3_Hydrometeorological_data/Hydromet_data_22017010.txt,589413,b6416ae3828114e6958a3b53c6407ae59d7827f37a40508a7e1303516146da0d
data/camels_col/hydromet/3_Hydrometeorological_data/Hydromet_data_22017020.txt,613522,5acb0891557a9914760110e72a68f304d34cbf28c6e9d35ace49f57a58b2b6d6
data/camels_col/hydromet/3_Hydrometeorological_data/Hydromet_data_22017030.txt,552105,d1764638c4a2de3b3457c0da0f9f58f20c6eed9d7cd7b0a4b875e79346ec779c
data/camels_col/hydromet/3_Hydrometeorological_data/Hydromet_data_22027010.txt,651567,f01f47474984d9f92b90c4ffaf499e7fe67a7bc5f9e16a30bca9ee5153c48d29
data/camels_col/hydromet/3_Hydrometeorological_data/Hydromet_data_22027020.txt,666080,d0f707630a88fdcedd43c3410ffd130cf740cdc23311db485ac2d8505b0940b4
data/camels_col/hydromet/3_Hydrometeorological_data/Hydromet_data_22057010.txt,652354,f2d0c2767a0ae166aab2a69cbe131b2e722a3d676dbe9aa9a0e9ece03132d00f
data/camels_col/hydromet/3_Hydrometeorological_data/Hydromet_data_22057040.txt,658236,4bc068fc7578bb74e5913a2a32b840103e61848cab60071e5939ee45978d0cb6
data/camels_col/hydromet/3_Hydrometeorological_data/Hydromet_data_22057050.txt,646169,6b707e1797f1abbb0a7523015bad0187785164b8aae6873290cc4bf53572fc69
data/camels_col/hydromet/3_Hydrometeorological_data/Hydromet_data_22057060.txt,618030,caff954544d81b786d4dc6379df21789bcbf0a382ab716903d86647e22d58505
data/camels_col/hydromet/3_Hydrometeorological_data/Hydromet_data_22057070.txt,604175,8cac937d878beeb1a4bb58342f48451d384f229ec3f6784d9cbc18d582289eeb
data/camels_col/hydromet/3_Hydrometeorological_data/Hydromet_data_22057080.txt,290733,a0e1567c801a2d7c88cfa45f6e8e14a0d8a6b44ce840e78c14408f5c5fb96bbc
data/camels_col/hydromet/3_Hydrometeorological_data/Hydromet_data_22057090.txt,405090,f469fe73f8a715c2c98449c1ae7f93217628766c3ac15268bb0dedba5a5639a9
data/camels_col/hydromet/3_Hydrometeorological_data/Hydromet_data_22067010.txt,512145,e8c8d0e29e1b7d4fb64df1c6f9ae3d5fec433e8633f7dea0a21eaaa01827564b
data/camels_col/hydromet/3_Hydrometeorological_data/Hydromet_data_22077050.txt,423712,d72e4ee5d87502d4a40cbbdaab43ec0b13600a9aa8f9cdebd5ccdcd874013caf
data/camels_col/hydromet/3_Hydrometeorological_data/Hydromet_data_22077060.txt,591144,8b8cf4b1b69a48f8bf97f14217c5c1ab9f4d2d7cc91ab40b6696197424ae9fff
data/camels_col/hydromet/3_Hydrometeorological_data/Hydromet_data_23017020.txt,661946,ac0718cd3494951d5baa3690c91ba343b0cad4a55eaf2d8c5e6a20f41e11ed7e
data/camels_col/hydromet/3_Hydrometeorological_data/Hydromet_data_23017030.txt,378089,511287b1ffcb250702214d308ade094f51e526c2cf6125b28b6ca81d7a7380d9
data/camels_col/hydromet/3_Hydrometeorological_data/Hydromet_data_23017040.txt,537426,fb3c85f550844ea010524c2095dcccfe01398511c826f1a51e7ebd9e2d97a24c
data/camels_col/hydromet/3_Hydrometeorological_data/Hydromet_data_23037010.txt,721416,2b5c61c6ad697f05218048d07b46ce65e15849a6d6ff7af34f4ef3c138123e42
data/camels_col/hydromet/3_Hydrometeorological_data/Hydromet_data_23057140.txt,716679,70e473c488f5f325c255a3ea567058bac1ac9d98d16a00cfb25f6f65b242e2ba
data/camels_col/hydromet/3_Hydrometeorological_data/Hydromet_data_23067020.txt,615149,280cacafeee7b27c1c76877b4916ff6ad64726921ef42a07a5a27522da9f9b6d
data/camels_col/hydromet/3_Hydrometeorological_data/Hydromet_data_23067040.txt,647185,b7bf57e2a40d95f9416d253e7a5f981fbe2d1b3ec9c8d44e427f586e943def01
data/camels_col/hydromet/3_Hydrometeorological_data/Hydromet_data_23067050.txt,618593,5ec771357576903223c8fc25e9e26d2781451a9819b1a3548034709bd9ac6f93
data/camels_col/hydromet/3_Hydrometeorological_data/Hydromet_data_23067060.txt,656386,b7f4ffe1edaa04c2dfdcda540ae99cf608c9ef51b420bcd9592e02a1fe36738b
data/camels_col/hydromet/3_Hydrometeorological_data/Hydromet_data_23067080.txt,571532,aa34516ce129363ff55a8a3412479224217f2bb650b366e1e6f5182a2124cb59
data/camels_col/hydromet/3_Hydrometeorological_data/Hydromet_data_23077020.txt,449497,afdffc72454e09bd2e7b936b476fc651b919da76443dec538eb4be795cba2be2
data/camels_col/hydromet/3_Hydrometeorological_data/Hydromet_data_23087150.txt,597700,5b5d963ad5eafcd272ed5e5997a46e554700515eafe2abfda0ae9ab7a71fba0d
data/camels_col/hydromet/3_Hydrometeorological_data/Hydromet_data_23087160.txt,631909,e4919ab08031ef5b636d553a433be93cec831c2ce74f847daec8490a33c4d5f4
data/camels_col/hydromet/3_Hydrometeorological_data/Hydromet_data_23087180.txt,499724,935487d34a4556d7d3bd00068f605d8b4d589d982f51e1b89358143c310b4e5f
data/camels_col/hydromet/3_Hydrometeorological_data/Hydromet_data_23087200.txt,653005,d2987fc679e407c3958b44e4aa0a7098d4d4cb07c4a1525468104eb059a3e652
data/camels_col/hydromet/3_Hydrometeorological_data/Hydromet_data_23087210.txt,670167,129bdf46bc55f944e04795db78feed80b27f1a12fba58870396060a8aa3686e8
data/camels_col/hydromet/3_Hydrometeorological_data/Hydromet_data_23087260.txt,469972,4155f8fa8eae1173b03adcf502ba6e09cf8cf04c6bf0f29f3b15c27dd94c7038
data/camels_col/hydromet/3_Hydrometeorological_data/Hydromet_data_23087300.txt,277469,bf9b55cea7f864172d6a970189c3c571fd048617972a1baf253b93ecea0709df
data/camels_col/hydromet/3_Hydrometeorological_data/Hydromet_data_23087660.txt,287768,8d3edcb2f2fe41a47497421d4919c4160910c7cfea2cd54575ba5beac450e43c
data/camels_col/hydromet/3_Hydrometeorological_data/Hydromet_data_23087670.txt,469869,55373a8ac34ae5c3f0c85a89df48ddc832fcff3704b2bfef2a0f3f016d15f345
data/camels_col/hydromet/3_Hydrometeorological_data/Hydromet_data_23087830.txt,346889,33bfb433d61b9a8f61ad3112153d5b8d69ad492caff5ddabed31dc29fb737627
data/camels_col/hydromet/3_Hydrometeorological_data/Hydromet_data_23097030.txt,724245,29ef4dc54df3df5b4bcd94f73725dd0ebaf68485b402ef0f4b75c544f483b524
data/camels_col/hydromet/3_Hydrometeorological_data/Hydromet_data_23107020.txt,689698,c2987aa13572b98fa44fe5809fd49df6fedc3968a79131af643d61b07cab029e
data/camels_col/hydromet/3_Hydrometeorological_data/Hydromet_data_23107030.txt,684003,ccd52ef4747b10b8b6498fc26d1cb0bdbf0731ad8d782850c30f3b26f469dc16
data/camels_col/hydromet/3_Hydrometeorological_data/Hydromet_data_23107040.txt,665522,b1ce22c507a216f9817786b4daaaf6d4a304b816f9aadca7a597bb543db31ac3
data/camels_col/hydromet/3_Hydrometeorological_data/Hydromet_data_23127010.txt,630776,fcf894b1331029092b9b1a88b4fe7be8dce30df58f350013c0988546a8ed4c06
data/camels_col/hydromet/3_Hydrometeorological_data/Hydromet_data_23127020.txt,674437,864f81c876c2bf0edfab091e32d548ed136a602876dd97c8e270ed195509bade
data/camels_col/hydromet/3_Hydrometeorological_data/Hydromet_data_23127060.txt,678000,b467ca5ea2e25701c8e617f117fce86935ee1eea2c8bacdea226515b819ea128
data/camels_col/hydromet/3_Hydrometeorological_data/Hydromet_data_23147020.txt,687817,231f64e919c613299b1b2889665a9b9b6709f08eb1667a02794dbafad882ef43
data/camels_col/hydromet/3_Hydrometeorological_data/Hydromet_data_23157080.txt,298054,d63d493300806fb796636acf23721777fc2d63d9bf772d76ca62ae6bf35e01b3
data/camels_col/hydromet/3_Hydrometeorological_data/Hydromet_data_23187040.txt,240605,6a434cc5f5c53f86c12c64ea2dab1d980a26aa3dd837db83c4993f6d0cccd615
data/camels_col/hydromet/3_Hydrometeorological_data/Hydromet_data_23187240.txt,187014,939da0cc266819db92fb105d12672bd8ecbc7f4f0762f2568f37bd00265126c9
data/camels_col/hydromet/3_Hydrometeorological_data/Hydromet_data_23187250.txt,220478,07da2770a54e051f73241c666b34a980c16ad6a5582cd5b9885728cf07d7b674
data/camels_col/hydromet/3_Hydrometeorological_data/Hydromet_data_23187300.txt,239742,7dfcf6e6be52bda931e8debd20e70e523cb074c417ea7f14b1b7319fa7c0c816
data/camels_col/hydromet/3_Hydrometeorological_data/Hydromet_data_23197130.txt,671507,31513f894a18d70ca1cf89d5715898a8b369e443eebbd8c1534184ac65d93e29
data/camels_col/hydromet/3_Hydrometeorological_data/Hydromet_data_23197290.txt,477576,e078ae40da86749c3f95fefe1e59667f37227ac3bba84dbcee7b8a01577bd8f7
data/camels_col/hydromet/3_Hydrometeorological_data/Hydromet_data_23197410.txt,626386,691a5b7e56e389f323a68a3770f2e94b457983f6ed42ec2d31d7f43707d03222
data/camels_col/hydromet/3_Hydrometeorological_data/Hydromet_data_23197690.txt,313519,616ed4f91c4df1e2b37131a9df00aa7fb81819620b9055ebe79170cbf6856d37
data/camels_col/hydromet/3_Hydrometeorological_data/Hydromet_data_23197700.txt,304097,3498fefb8e4131ba5223fa95da19aceffdafc7c026a021aac13f28abd5d6c461
data/camels_col/hydromet/3_Hydrometeorological_data/Hydromet_data_23207010.txt,192142,52b213bb429918e563e9f809797d923f46d6a98384df1e1d6bc2583b21deecae
data/camels_col/hydromet/3_Hydrometeorological_data/Hydromet_data_23207060.txt,213605,11afba2b3997df6bc59d2bfba027b4c6fe833dd22519b3974b30a4788d0bc1a7
data/camels_col/hydromet/3_Hydrometeorological_data/Hydromet_data_24017150.txt,645839,8fed5384a14759f5d2bddc60a3c13435e2ae8467b06e6df5a869540cd4e795ca
data/camels_col/hydromet/3_Hydrometeorological_data/Hydromet_data_24017570.txt,667477,cf8088ba52a13a57fbdae7eb7f39ae2806077cc2e9ea13061a1e2e5c64eaadd2
data/camels_col/hydromet/3_Hydrometeorological_data/Hydromet_data_24017590.txt,642227,f9dac91a9f6aa7f165c0c6063c268ea1c813276b0fefc8716c868a6ea4823d0d
data/camels_col/hydromet/3_Hydrometeorological_data/Hydromet_data_24017600.txt,644987,f67bf719f617755446ca0996bcd18c76c3bf4ca329e57e4bc0a5f64373c6d1bf
data/camels_col/hydromet/3_Hydrometeorological_data/Hydromet_data_24017610.txt,606619,f3a75c8bf11a730433089c459e391bfdbae8886f2593de42bb64bc9d046fa009
data/camels_col/hydromet/3_Hydrometeorological_data/Hydromet_data_24017740.txt,532944,357a81b24f8b38dbdf6a4e7ad40e0681387c18c60fbdaea6c84e813efeb350da
data/camels_col/hydromet/3_Hydrometeorological_data/Hydromet_data_24017820.txt,399158,2dd62e94ad99c2f120fe80657672314a69f353df45768fb22c82ac18fe3e20f2
data/camels_col/hydromet/3_Hydrometeorological_data/Hydromet_data_24027010.txt,660366,64d7eca93ebe27d9ca4213f441fa3be27d2150fe71fd89e6536168e8776bf3b3
data/camels_col/hydromet/3_Hydrometeorological_data/Hydromet_data_24027030.txt,637904,188ced556add7e91c5bf2352955e3a1264f4d6e8231116a21ffe8a798f39720b
data/camels_col/hydromet/3_Hydrometeorological_data/Hydromet_data_24027040.txt,683103,29eb6438bc9e36056211db8be111336f233bef01e35b75d87a1eb25f16fb9719
data/camels_col/hydromet/3_Hydrometeorological_data/Hydromet_data_24027050.txt,655692,2dfa930291d11b371af87b11b7483779495cb44758784b255ea209fba403a7b8
data/camels_col/hydromet/3_Hydrometeorological_data/Hydromet_data_24027060.txt,676996,433f4552a3135bb97ea15c7c4954819bfaec5f423bb7392ab0d5397f0cb75d9d
data/camels_col/hydromet/3_Hydrometeorological_data/Hydromet_data_24027070.txt,663902,ad2f8b746952220a55b99021d9c35e73886c8db911bade0f84656390f3f82928
data/camels_col/hydromet/3_Hydrometeorological_data/Hydromet_data_24037010.txt,347000,e98578cc6d14f24ccbb6601fa26a50ab1234ee59b61d835d4e8d89a886bb745b
data/camels_col/hydromet/3_Hydrometeorological_data/Hydromet_data_24037030.txt,610479,52307829cfaf4de7283d9a9b7df72546deb464873464a8b06d1d78b07d21cccd
data/camels_col/hydromet/3_Hydrometeorological_data/Hydromet_data_24037040.txt,557895,0d1d8f38d354f0d97402fba52755c96cfae9c97a53b97254e3f46cfd7307302d
data/camels_col/hydromet/3_Hydrometeorological_data/Hydromet_data_24037070.txt,564508,3871c532d31f009a321b01c64321cc50b22a8f6b51d9fa9cdc363084a531e4bf
data/camels_col/hydromet/3_Hydrometeorological_data/Hydromet_data_24037130.txt,607155,d835ae98ce7d8300993e5e3ad6950e7295edacb38524c3c251a7ca6cdfd0bd4c
data/camels_col/hydromet/3_Hydrometeorological_data/Hydromet_data_24037290.txt,660931,9758f2734eabbd3aadde61a50b98c906d2a06f6dd8992e5ce9c3d3bdcc1ea6a9
data/camels_col/hydromet/3_Hydrometeorological_data/Hydromet_data_24037370.txt,638153,6499c2cd47bce72e7fa6fdbec239f08cff3e5163e4239eb3f5bf78b51b8642f0
data/camels_col/hydromet/3_Hydrometeorological_data/Hydromet_data_24037390.txt,540696,74e82b6c5a5e995ec99bc6d7467e5ca1750ec0461fc1a7eb2b0385fa0648a111
data/camels_col/hydromet/3_Hydrometeorological_data/Hydromet_data_24037410.txt,624633,5f72f8e16f7e2960d98e95edda743279849f0ea3ff20c948dcd98fbf0cb0a101
data/camels_col/hydromet/3_Hydrometeorological_data/Hydromet_data_24037460.txt,315053,d7b1fb8791368968d77a2e42f914ef85a6a9eafedd778a40839b8d3f7a283257
data/camels_col/hydromet/3_Hydrometeorological_data/Hydromet_data_24037580.txt,448663,2f9ff3699d8311b0c8be11398817a4743a8226e9c72e25b2d9be381951887fa7
data/camels_col/hydromet/3_Hydrometeorological_data/Hydromet_data_24040060.txt,419126,27a991631c96dd376a7ac9d14be73df1649f5f7c4785f561143ca0f3f8030046
data/camels_col/hydromet/3_Hydrometeorological_data/Hydromet_data_24067010.txt,423485,f171ed02f76860b07cfb12094982409b47066a36ff4f12c5a17fe8bf15ed8dec
data/camels_col/hydromet/3_Hydrometeorological_data/Hydromet_data_24067020.txt,497250,889de1777eff4720efc733167e6c52d7999be169164c095583ead09cc9b964f7
data/camels_col/hydromet/3_Hydrometeorological_data/Hydromet_data_25027050.txt,671264,83490672e0fcaefd20be44481fd88f5b92aaf254d679ce7a7f0416c6bfc99566
data/camels_col/hydromet/3_Hydrometeorological_data/Hydromet_data_26017020.txt,408267,724e5f7036dd51c36a9654eaeb2122de290cc86ab91e94c7b9503b276c57d383
data/camels_col/hydromet/3_Hydrometeorological_data/Hydromet_data_26017040.txt,659101,2ad32ac2d99dbac563911582d17ca388f82d5e2dcd30e24b2d16cd1be0d6f429
data/camels_col/hydromet/3_Hydrometeorological_data/Hydromet_data_26017060.txt,636130,4d129852175c5fadf88548670f6843d3bc695d7c5a7bac3965d0ddf0b577d5f3
data/camels_col/hydromet/3_Hydrometeorological_data/Hydromet_data_26017070.txt,616747,7d0a2ea24bc2827d1d549c796b99e2d4a08b7c2b3e93fc0c72c79ce3f8091ee6
data/camels_col/hydromet/3_Hydrometeorological_data/Hydromet_data_26027090.txt,653090,e850270e06aaca27fd1d7b053608c42c7d56dc2b0667fc9fe0f622b21cb2cc88
data/camels_col/hydromet/3_Hydrometeorological_data/Hydromet_data_26027100.txt,662579,ed08de0e6b1d0ab1b5ba6d5fdfab36edf0f52571ce526344a709e1a091dc4c1f
data/camels_col/hydromet/3_Hydrometeorological_data/Hydromet_data_26027200.txt,605664,7d0fb4e44f4bb25b03bfd98a99a49b2bd2ace8f159c251646073be5381c5d5f9
data/camels_col/hydromet/3_Hydrometeorological_data/Hydromet_data_26027210.txt,589192,280e246bb6eff173fcf18001b3a675fa04a182366da027d70dc99422d034bfae
data/camels_col/hydromet/3_Hydrometeorological_data/Hydromet_data_26027250.txt,612736,959679c47d698f3e6efca6f92c3ffdfa1ff2b742da07fdbcc41f8830efa876bc
data/camels_col/hydromet/3_Hydrometeorological_data/Hydromet_data_26037010.txt,641870,edf9a36dcb51695cd99a194c4cfa863287f0b6b28d3644bdbed3d5cd54b9496d
data/camels_col/hydromet/3_Hydrometeorological_data/Hydromet_data_26047020.txt,596032,82964459c1f512579851355ed5489b7adb90939b92a0f62030eb1e858ee47ec3
data/camels_col/hydromet/3_Hydrometeorological_data/Hydromet_data_26057040.txt,690221,9f2be7868c6bb4af2813936e531d7f9e42fe490c67710ad78e3f725c77e14301
data/camels_col/hydromet/3_Hydrometeorological_data/Hydromet_data_26127040.txt,690781,7d20f87b39bf197a969af77783f9b7d8ca96d3b23796216b7e54ffc31414be7d
data/camels_col/hydromet/3_Hydrometeorological_data/Hydromet_data_26137110.txt,566569,aa2d68f3c811f85640859a56d4958c303857f97eefcad5593a724f712c0147ce
data/camels_col/hydromet/3_Hydrometeorological_data/Hydromet_data_26137120.txt,223135,520530394ccd55e39a80bc060b63204da4ca536819a389029488efe0ae3596ba
data/camels_col/hydromet/3_Hydrometeorological_data/Hydromet_data_26147130.txt,590231,d1b98771b1717505056d73d4d59f39cd79aa85ba958bb4d8a7ef8fb13e47298b
data/camels_col/hydromet/3_Hydrometeorological_data/Hydromet_data_26147140.txt,585410,1e2e87484c2f6bbeb8abd53bc6a951224fd4b9f229cfe9b277b29c7520026e76
data/camels_col/hydromet/3_Hydrometeorological_data/Hydromet_data_26157020.txt,521199,f737e8e0369245b622cd5fcd79f87963f4df76a92bcbf661108ceb48229c1c63
data/camels_col/hydromet/3_Hydrometeorological_data/Hydromet_data_26157100.txt,230924,2d762f9da31ba93a5b4e7d5295352fc83fa55e4ecdd3872f9f7af061f3ad2f40
data/camels_col/hydromet/3_Hydrometeorological_data/Hydromet_data_26167070.txt,673367,f372deaea05d5d5254160a0163e1d5d6e0a54fc616e5d3a0c05f2c2baf9d9a9e
data/camels_col/hydromet/3_Hydrometeorological_data/Hydromet_data_26167080.txt,310992,9db700b0936b2cc780b0c85323791bb8bf7779575822654bcc75d0b2e67b104c
data/camels_col/hydromet/3_Hydrometeorological_data/Hydromet_data_26167090.txt,337050,f735097b5668de1009fd33ff7348cfae199a9ff222ca034a84663854cbfae702
data/camels_col/hydromet/3_Hydrometeorological_data/Hydromet_data_26177010.txt,443051,0b14358542cce3d20600675bcbb5587ab91f1d0b8ca21e15b0ff2ec1ea4df66b
data/camels_col/hydromet/3_Hydrometeorological_data/Hydromet_data_26177030.txt,709929,0d4aa9c7cf99c9be6af4933c777ac9ab88abc3f8f562e1fbe36d39ee94a8a1e2
data/camels_col/hydromet/3_Hydrometeorological_data/Hydromet_data_26187110.txt,707439,f61e9507c15af37ae11b441eca6471a73fd3ab183bef01c651ce159bdfaf3465
data/camels_col/hydromet/3_Hydrometeorological_data/Hydromet_data_26197010.txt,543921,00ccc364e2c4d73f399f12fcccd0e2b90adb8ad1e3f160e7b536695600159966
data/camels_col/hydromet/3_Hydrometeorological_data/Hydromet_data_26197030.txt,547576,e3b39116bafdee2020262d887207102a5e4fa203848433a6f5d4495b8229bacd
data/camels_col/hydromet/3_Hydrometeorological_data/Hydromet_data_26207030.txt,622133,7f79fac4f74ff8a8760a998678be02a54493abdab25367201dc8569cb4d9b328
data/camels_col/hydromet/3_Hydrometeorological_data/Hydromet_data_26207080.txt,678640,81c5c8b7442a85f60483dfefb06cf47b99dd80377ae3c9bc96cab040306874e6
data/camels_col/hydromet/3_Hydrometeorological_data/Hydromet_data_26217010.txt,635279,9335ff94668db69699a16ad32cdf8df41883719d3fed38cdee877381e6e46de3
data/camels_col/hydromet/3_Hydrometeorological_data/Hydromet_data_26237020.txt,573534,6704ed65eb8407ce1f435c7747924bd344a9a4e725257a6758c23aa378357d49
data/camels_col/hydromet/3_Hydrometeorological_data/Hydromet_data_26237040.txt,657544,afdf91509ac4ee693a9e47507e2acf3d82a8bccd9aa45cf6220d43e9e5e0e7d6
data/camels_col/hydromet/3_Hydrometeorological_data/Hydromet_data_26237100.txt,249007,c4429a4e3ecd30b265d4936bda4f3c7276449d5c9b418974b837400e83da27b2
data/camels_col/hydromet/3_Hydrometeorological_data/Hydromet_data_26247020.txt,717671,58a14df7853266143744889301ef14b5498d328f1bdf53662ab1b0d756cef0a6
data/camels_col/hydromet/3_Hydrometeorological_data/Hydromet_data_26247030.txt,655969,36f9ed9de6d5de315c89a94708f16d3406865bf8c64dbe975de841d0f9823a6c
data/camels_col/hydromet/3_Hydrometeorological_data/Hydromet_data_27027060.txt,649900,683a823c1c2fae3a95daded3c96b186c6cdfa5ebcd49301795500427a7449be2
data/camels_col/hydromet/3_Hydrometeorological_data/Hydromet_data_27027080.txt,371381,7cb9fba0e0ea3b8cc484e1186bd75442e9653fdff021eb3c7fde76e627aae3f1
data/camels_col/hydromet/3_Hydrometeorological_data/Hydromet_data_27037010.txt,707596,19f55e46080e21d9a76fbff62b525bfb6f043b2a651aa164f5479b63d59c173e
data/camels_col/hydromet/3_Hydrometeorological_data/Hydromet_data_28017080.txt,608748,080bcba64f7da58452a788351c3eecaad4f9a3c300f3d5d2efede31d1df473d5
data/camels_col/hydromet/3_Hydrometeorological_data/Hydromet_data_28027160.txt,476858,1e84509193d3313f4008da315468d0babbbb1035acedeee6f69cf903c618d218
data/camels_col/hydromet/3_Hydrometeorological_data/Hydromet_data_28037030.txt,633681,f7c6dec826b0f9c4b31b3199d0cdc2f7991da5805744f51414df960aefddeae4
data/camels_col/hydromet/3_Hydrometeorological_data/Hydromet_data_28037060.txt,643122,d066e6eb18d894cbfc699cdbde5fa0d09917aaed88d6f44386768f44d986070f
data/camels_col/hydromet/3_Hydrometeorological_data/Hydromet_data_29037020.txt,730059,a1467bb05bd8bef99d292f50b63fdd836c72669a52f955ba2d82ce17a183f382
data/camels_col/hydromet/3_Hydrometeorological_data/Hydromet_data_29067040.txt,592047,a97030faf6fa053a757f38f19b10447fee7ee764702946eebff450912ab1c389
data/camels_col/hydromet/3_Hydrometeorological_data/Hydromet_data_29067060.txt,324146,14db2674a2e8a52f546508da23bf8568b36e9f737f1a3bad3a8a5f31b349a81e
data/camels_col/hydromet/3_Hydrometeorological_data/Hydromet_data_29067070.txt,578841,fb1cdaf23cba56911a33de3cc43d01f8f9926ff81a98950f98047c35f771a196
data/camels_col/hydromet/3_Hydrometeorological_data/Hydromet_data_29067120.txt,574199,02b00444d41607bc7beb3060dad53f73713c41a9a6998d3d1d3ae154a88b06ee
data/camels_col/hydromet/3_Hydrometeorological_data/Hydromet_data_29067130.txt,633452,9b7ab33f222d73c0efad441d3c35af847686542074aa61d181aba3deb848cc8f
data/camels_col/hydromet/3_Hydrometeorological_data/Hydromet_data_29067150.txt,629872,ad976d1d8ecf6ba39301223b31f9cd80d55feb0a094f807fdbbf99e2dd154280
data/camels_col/hydromet/3_Hydrometeorological_data/Hydromet_data_31097010.txt,613292,dc63c738761f86279bf2b898a61874447fe5a19d59db766ec784fe63b66abef6
data/camels_col/hydromet/3_Hydrometeorological_data/Hydromet_data_31097020.txt,615155,b7290c72312ab885b14cf17dd73cb9a0881efc72705c26790efa6ef1415cfdc0
data/camels_col/hydromet/3_Hydrometeorological_data/Hydromet_data_32037030.txt,658582,f6e99126e55ed1cf5b1af62e6c9adaaa0c5baeb8a9eb66d4dd89c79f4ecb8abb
data/camels_col/hydromet/3_Hydrometeorological_data/Hydromet_data_32067030.txt,346573,5d9faaf7bc0df4d1f7542f107b787da9f0f4c58ec332c2dea4c252296de90041
data/camels_col/hydromet/3_Hydrometeorological_data/Hydromet_data_32077070.txt,671449,d4115b6cb23b8b745604512d5719e8e13237df343fc179f04b577563825a532c
data/camels_col/hydromet/3_Hydrometeorological_data/Hydromet_data_32077080.txt,691492,39be873720872801c98af2fd9b20effde9a1eaa99b740b56cc7bbe644aea6e62
data/camels_col/hydromet/3_Hydrometeorological_data/Hydromet_data_32077110.txt,557957,7264bbbb60c48f09eadd6ac4f2f3aca0d7d172bbdbe13e0829c4d4994a6e94fd
data/camels_col/hydromet/3_Hydrometeorological_data/Hydromet_data_32107010.txt,639029,cf67249c3f8dd10a0b9c1be54fefaa5791097b2f8ad94c6e5c4af5fa81b2994b
data/camels_col/hydromet/3_Hydrometeorological_data/Hydromet_data_32157040.txt,465392,a5842384364d42d534849c0006e5584eb0434792d82b01de6b1e624f2177335f
data/camels_col/hydromet/3_Hydrometeorological_data/Hydromet_data_32157060.txt,629623,7b7a003570b4e40ec6f145e9a47cfbc2b5eccb5cbdc7582fd981507dea2da8f7
data/camels_col/hydromet/3_Hydrometeorological_data/Hydromet_data_32207010.txt,560281,9e430e5d6bc11b68ecac0a8b42fd3ea65f1bafd7a443e62b8a2f94215bac6f89
data/camels_col/hydromet/3_Hydrometeorological_data/Hydromet_data_33077010.txt,462671,f3515a660a0a458236d1702339ba559fed8ac2bdd3bd3d900c86d6eaf99c731a
data/camels_col/hydromet/3_Hydrometeorological_data/Hydromet_data_35017020.txt,539933,95e57691d1b915f91ab8130321dfd2f0a3b21a65abce08feaa772f268c212725
data/camels_col/hydromet/3_Hydrometeorological_data/Hydromet_data_35017040.txt,627199,8f384fa3a89e07fd954c7d8338cdb8a15e153f982bb653a5559754223c855ea5
data/camels_col/hydromet/3_Hydrometeorological_data/Hydromet_data_35027100.txt,558931,d5e7f570e1402467ce8ae54ef86d88ecbb3963069c0409ef4a6bbfad653be5cf
data/camels_col/hydromet/3_Hydrometeorological_data/Hydromet_data_35027130.txt,219539,b5ca09c31eb375753f84f7bcf324553726ca9ca321d1f17e8d4b2e8f1c636b22
data/camels_col/hydromet/3_Hydrometeorological_data/Hydromet_data_35027140.txt,221475,a5bc71cf0c795945f3c049c89ce66a70902b5370e4fce04347c42ce4adee6ad8
data/camels_col/hydromet/3_Hydrometeorological_data/Hydromet_data_35027190.txt,493195,6cf34fc35ae6392b45c125031e474b99c201861a5064e68bde04c5a87f14becb
data/camels_col/hydromet/3_Hydrometeorological_data/Hydromet_data_35027200.txt,345847,4e3bfc41062b37e2944b7a0b403a199845c01f0503c5d1aae37e2a2dd39612cb
data/camels_col/hydromet/3_Hydrometeorological_data/Hydromet_data_35027210.txt,443655,1623489283259fc28f1c32c24330c478e1ce36bf102eb829df66be3ff17fadc1
data/camels_col/hydromet/3_Hydrometeorological_data/Hydromet_data_35057010.txt,447656,bdaf68fd2f47e73ed043c81a1d210723a42461bd265b8bee8943fd30f9c4a887
data/camels_col/hydromet/3_Hydrometeorological_data/Hydromet_data_35067010.txt,660783,fe6e6b8cb8a5a01e86a4ed781e1c83d96d57d1b0e073954e84353cc45d0733b2
data/camels_col/hydromet/3_Hydrometeorological_data/Hydromet_data_35067040.txt,185451,55069db7b86c181d0de65917e6dba4eb633bb1c77946c2313a3df3b2550bbaa0
data/camels_col/hydromet/3_Hydrometeorological_data/Hydromet_data_35067050.txt,242128,259e9a8c51a0c968305b4a063f6d2c42c491b2a366a0a5dfd77c5f986a635972
data/camels_col/hydromet/3_Hydrometeorological_data/Hydromet_data_35067090.txt,624291,3d0d0d61e906784931ba6ecb1142f7310cd71303bc87efc64bfa202188f56ac7
data/camels_col/hydromet/3_Hydrometeorological_data/Hydromet_data_35077080.txt,660716,9129b5b30836d5a819c531d3fa4a89169c87f42f8ad2e6465f0767afa5383081
data/camels_col/hydromet/3_Hydrometeorological_data/Hydromet_data_35077090.txt,477603,a53877816cc6acaa2cb7ab3b6ef52d5287ac0838f522a9de7fe5abe1a8bc6dbc
data/camels_col/hydromet/3_Hydrometeorological_data/Hydromet_data_35077120.txt,593626,81b7d28779597fb535636b657d0d349641771d503f54ca6578ee420193b75f2e
data/camels_col/hydromet/3_Hydrometeorological_data/Hydromet_data_35077140.txt,541083,d21b18b6455f3b51f7b708ca939017f1f1a121233b9fc76d1e467b39c412763b
data/camels_col/hydromet/3_Hydrometeorological_data/Hydromet_data_35087010.txt,588170,412de2aed0c6094c9e21bccd97c288cde1391b18e49c1c64deb17ffa7cfac08c
data/camels_col/hydromet/3_Hydrometeorological_data/Hydromet_data_35087020.txt,625405,ef70da8e69737f678fd0d99d2b5ef5797cd9511f071ad021a1b8f41174b0c734
data/camels_col/hydromet/3_Hydrometeorological_data/Hydromet_data_35087030.txt,618459,e8bce84873571a8811740d45d9283dc84f47251ba6ea844becdf3858bf063c26
data/camels_col/hydromet/3_Hydrometeorological_data/Hydromet_data_35087040.txt,587650,823e58ca86eb339015757dfb69f8f412a9708a3d3da3f42526eb863265f947d1
data/camels_col/hydromet/3_Hydrometeorological_data/Hydromet_data_35097010.txt,492247,ed382b1dc039e0561cf76c9722f58e4baec29631d8e63fba028e53a189b00baa
data/camels_col/hydromet/3_Hydrometeorological_data/Hydromet_data_35097080.txt,551154,666c955ab0a47db8b67e43a5f4e212621a6bb039bfb4427303c9b7c4003089a5
data/camels_col/hydromet/3_Hydrometeorological_data/Hydromet_data_35097090.txt,529415,c37ddfa49bc3057dc65b0610f768b4fcc3229b9fe7e7733e134fb54fc01c7c6d
data/camels_col/hydromet/3_Hydrometeorological_data/Hydromet_data_35097100.txt,242633,3c4ac335efb038cc25dc5fb1f4503bf3bbe4a1bbefb974e9c1ccb968e05eb20d
data/camels_col/hydromet/3_Hydrometeorological_data/Hydromet_data_35107030.txt,680452,2905d17941aa4a1b6601af580c4880c1716de8b03cb703ca934ee28c5ed0fdf4
data/camels_col/hydromet/3_Hydrometeorological_data/Hydromet_data_35117010.txt,717508,518357a935fe0c6c6ccfac4b8741717d83816ffb355d0b29253a19fff4942cfe
data/camels_col/hydromet/3_Hydrometeorological_data/Hydromet_data_35127010.txt,648981,282dfc6d3a162625922f6d1c120de7eb6aad0221f17473003cfbe26549bba9f4
data/camels_col/hydromet/3_Hydrometeorological_data/Hydromet_data_35127020.txt,621335,2f1a201a6afbb6f364f65ceb8277c51125a513503881606f00e63f5899e3f01f
data/camels_col/hydromet/3_Hydrometeorological_data/Hydromet_data_35197020.txt,620371,f7e111ea20766c0f83e0b901d736f418667682b2574788aeb8832b1f682023fe
data/camels_col/hydromet/3_Hydrometeorological_data/Hydromet_data_35197030.txt,569137,1cf591d7111a9a2ff9a7f385e752e5d5c8ace12471bb57bdbcc29a36fae46783
data/camels_col/hydromet/3_Hydrometeorological_data/Hydromet_data_35197040.txt,552679,a5217cafd93824aaa283e9d756ecb9a1f9e60cfbda7742494c75e1d0d9e27896
data/camels_col/hydromet/3_Hydrometeorological_data/Hydromet_data_35197050.txt,630396,dff627b3ec46e5537c834efa66eaeb7b25eca0429de70d1cdb07a003ec0a2ee8
data/camels_col/hydromet/3_Hydrometeorological_data/Hydromet_data_35197190.txt,326911,63b46fcb6b4a8a479da68fc3280d80c57bace5d853756af67dfcb327d5a8e3b3
data/camels_col/hydromet/3_Hydrometeorological_data/Hydromet_data_35217030.txt,548774,566a25d8d3814f0f4208141ae068cc3a9bca26be9560fc3d7eb709193a86f90c
data/camels_col/hydromet/3_Hydrometeorological_data/Hydromet_data_35217060.txt,618783,461748fd3e9069770f4a9a604f2640a6957b5b0a1fef23ddbd0b89d022236f82
data/camels_col/hydromet/3_Hydrometeorological_data/Hydromet_data_35257040.txt,634719,8d9d4c8e2a49daebacb1cf72a2b9a7fb3c7b3ecbfaca81e23087d49f7a193f68
data/camels_col/hydromet/3_Hydrometeorological_data/Hydromet_data_35267030.txt,375917,92eecfb145b6db17ac2f7cfd22f5af3b38bda6c6a6f6f87d1b4496eeda8ebf62
data/camels_col/hydromet/3_Hydrometeorological_data/Hydromet_data_35267080.txt,623686,4bc1671ce571ddf3773a2e5ceb28a1f0033ed924bef3de0c46f8a445a676d3f8
data/camels_col/hydromet/3_Hydrometeorological_data/Hydromet_data_36027050.txt,462119,10d86118185c07178864d6ef7433381fbe7d05ac7b4963382d135709147efc24
data/camels_col/hydromet/3_Hydrometeorological_data/Hydromet_data_37017040.txt,559889,d4e9952e39dd16ef581c9d0385c261eb64bb978975d8dd30fd3be5f3f75f63ab
data/camels_col/hydromet/3_Hydrometeorological_data/Hydromet_data_37017050.txt,542543,19d451cb0246811dadeccd2b04652494012647b0052f954e9135289c88d59067
data/camels_col/hydromet/3_Hydrometeorological_data/Hydromet_data_37027010.txt,549903,759f9101b10d5a2d86ad3d78709ab38f4f32f2143c298a82cc86134889e5c2bf
data/camels_col/hydromet/3_Hydrometeorological_data/Hydromet_data_37037010.txt,605785,0365b687d75faa0fcb9682bb534a4ddbc19d24acf1bde26c13ba0a0c040b8d0e
data/camels_col/hydromet/3_Hydrometeorological_data/Hydromet_data_37057020.txt,310630,3e4782c36c38b3f14fbb4a1d15fcb71b48a417870085d9b580b8cb1c4c6c7c11
data/camels_col/hydromet/3_Hydrometeorological_data/Hydromet_data_42067010.txt,491230,eb1047dd6d340311b0d52c1ad810655d4b1fc95c927bb18316310f616f86c125
data/camels_col/hydromet/3_Hydrometeorological_data/Hydromet_data_42077010.txt,513519,7d2180c6bab2701d51eecc9604a939c209c6d6ed648230c640609965376e6ea5
data/camels_col/hydromet/3_Hydrometeorological_data/Hydromet_data_42077020.txt,530532,84e5ab5fa669f98b0fa0b93e81d49bbd0d4f77d6d32b230a8464f33a9782f1c0
data/camels_col/hydromet/3_Hydrometeorological_data/Hydromet_data_44017050.txt,629495,59adea085ba6b06285e29c0f8905eb30a802b2643b920ccfccd37bb1d7ff4fd0
data/camels_col/hydromet/3_Hydrometeorological_data/Hydromet_data_44017060.txt,632229,0f05f4dfeec44d37f287a6299d1a52c59af9c8f55a0813fe7e5cacfc86d25067
data/camels_col/hydromet/3_Hydrometeorological_data/Hydromet_data_44017090.txt,640331,fe3ce24a7c3795dc6ccbcc43b94c2cde9191e27f0b227debbbf03eff9ba1aded
data/camels_col/hydromet/3_Hydrometeorological_data/Hydromet_data_44017110.txt,662475,86c5474e925c5de8cb3d9441ad48c024cac4d32350f501575aa838c405fcf522
data/camels_col/hydromet/3_Hydrometeorological_data/Hydromet_data_44017140.txt,273713,74c14677e5e2f017e67a289fde7d122e48c69dfdb7d2c4ae319e5edaf4dfdb7e
data/camels_col/hydromet/3_Hydrometeorological_data/Hydromet_data_44037050.txt,677559,bd13237abc366341bd4a7bcd88c38fb61b8611b696748ce13852d6f79dc07332
data/camels_col/hydromet/3_Hydrometeorological_data/Hydromet_data_44037060.txt,569088,c5c177dde0e3e3651f05e0b900add4e776cd501ae995a0dc054d073bc9b0e158
data/camels_col/hydromet/3_Hydrometeorological_data/Hydromet_data_44037080.txt,606012,025fc8915c0af3b24450245015c64f932d380814d2f1ea5077c832768a2b05c0
data/camels_col/hydromet/3_Hydrometeorological_data/Hydromet_data_44037090.txt,504272,2df50fe07eb8db6bb14d66eeacf2941f61d9170d0aea305c4d7788478601f250
data/camels_col/hydromet/3_Hydrometeorological_data/Hydromet_data_44037100.txt,671781,87c3bae8f84c1b15cc7074a71537aeae50f7ece7e5c9e74edae2f46986f2b1dc
data/camels_col/hydromet/3_Hydrometeorological_data/Hydromet_data_46017010.txt,536733,06426a1ab9af81cd1b538444f5948ee3a593f8ca9621adeb0959820d9c21625b
data/camels_col/hydromet/3_Hydrometeorological_data/Hydromet_data_47017020.txt,642482,d1197a02552839ac1c2be8d534a26593af920c66991baea24ab99cd0f3c8ce8a
data/camels_col/hydromet/3_Hydrometeorological_data/Hydromet_data_47017100.txt,602522,f40ab4aa2bba33ea7005cad65f997de1df1966a96d741d92f39dc17c210e683f
data/camels_col/hydromet/3_Hydrometeorological_data/Hydromet_data_47017110.txt,450141,c2007e8f94174da6204d2d23d71a9ebd1590ab35324747c9f5aad61a44e9988e
data/camels_col/hydromet/3_Hydrometeorological_data/Hydromet_data_47017130.txt,207046,3548c4d4d864802ae86ca3da3d230e9791e75f4a513eb7c9e0cafc6ff38fde77
data/camels_col/hydromet/3_Hydrometeorological_data/Hydromet_data_47017150.txt,607438,c85a7589fa6cebd2b9c7ec2b7de643663b431392ce3664b64aa193df47a0a8d9
data/camels_col/hydromet/3_Hydrometeorological_data/Hydromet_data_47017160.txt,663863,55d8125857a10b41acd86a1b8b2969d0bbc6b584a696f64fbbbfce62b5d49352
data/camels_col/hydromet/3_Hydrometeorological_data/Hydromet_data_47030010.txt,264339,ff5ab083357f53a4a833fb29b2eaf702a28ae114c410714ba434f04b15a5a2b9
data/camels_col/hydromet/3_Hydrometeorological_data/Hydromet_data_47077010.txt,345162,75419976e0a20906c72183287f13639af8b2964bb0689bf7424b5fd554b861d3
data/camels_col/hydromet/3_Hydrometeorological_data/Hydromet_data_51027020.txt,654650,4793c1b16de8ced4bd2d17dd5d7d235bbb060e70ca66794d6f913030ba04279d
data/camels_col/hydromet/3_Hydrometeorological_data/Hydromet_data_51027030.txt,359888,8d157b76136872d1e80219cc59234965ae858a6136a4f33e3aa1f52896b6ecde
data/camels_col/hydromet/3_Hydrometeorological_data/Hydromet_data_51027060.txt,685054,d73f7f73ec015879da63009ef30c2fd3cbe8b764a3639127d60fd787e92173f0
data/camels_col/hydromet/3_Hydrometeorological_data/Hydromet_data_52017010.txt,399657,3f6d436db755b3e534fe9009d2e71d6fe37cc4e9fde5c67a5c5af97907635c0c
data/camels_col/hydromet/3_Hydrometeorological_data/Hydromet_data_52017030.txt,530573,c3ade33f006f45d38adff504561ee0ad58d892bddf57389011a600fda8327d61
data/camels_col/hydromet/3_Hydrometeorological_data/Hydromet_data_52017060.txt,233721,a527f987cc770b92d2c5bfcb674815ba7f03d6603aa8374302aab39ff2b05d39
data/camels_col/hydromet/3_Hydrometeorological_data/Hydromet_data_52017070.txt,413104,cf0070f7df15356bc6a159c723e9fa435ab4c76f8e0e41528848ce86af069cdb
data/camels_col/hydromet/3_Hydrometeorological_data/Hydromet_data_52017080.txt,419248,68edf7bb49e6739673498e735c0a709ff6697e6ca4c0ab6c432f463c45d52221
data/camels_col/hydromet/3_Hydrometeorological_data/Hydromet_data_52017100.txt,370369,581678c24ded81c1743b74b229594969753a2f56ca8ba6f03bb1dba32dc2a3d5
data/camels_col/hydromet/3_Hydrometeorological_data/Hydromet_data_52017110.txt,346045,bda9ee70025ffe3ab2bda3e87e83b4714ac25defb3b9fceb93332382e6636f21
data/camels_col/hydromet/3_Hydrometeorological_data/Hydromet_data_52017120.txt,410604,4a213c29ea3c95fb8886a07d145cc33aaab490affb1832415d6da38121978e91
data/camels_col/hydromet/3_Hydrometeorological_data/Hydromet_data_52017130.txt,427602,f7f8c26d501103ce2a382beb738bc84e119c4cff083300c2d54174b5d98d3e63
data/camels_col/hydromet/3_Hydrometeorological_data/Hydromet_data_52027010.txt,483335,a5ed986b3c78d3d3e114a8d98a97ff9bdf41f5ad277b1ac06d8e36ea76931e00
data/camels_col/hydromet/3_Hydrometeorological_data/Hydromet_data_52027030.txt,420234,1eb997636c0dab1a4de87303c862651d6220904457a3f3df83161874a4de3b0c
data/camels_col/hydromet/3_Hydrometeorological_data/Hydromet_data_52037010.txt,620843,1f48b1d919126ef06427561cf4bed639f32b2f671d05bd9798425a769698c3b0
data/camels_col/hydromet/3_Hydrometeorological_data/Hydromet_data_52047010.txt,619787,bff3bb0238e64e09391d40a47742e7e6d822daebb4aecf49d1868249ed4a4f36
data/camels_col/hydromet/3_Hydrometeorological_data/Hydromet_data_52047020.txt,553927,47c12f7ac73732a78cef9d3d7eb2a1fc6fb52f11fa62190db9754aece6c4b84d
data/camels_col/hydromet/3_Hydrometeorological_data/Hydromet_data_52057030.txt,407264,9babe4ec1744d0952681abd72b528086efa56b3218323938339cf114aaba0d9d
data/camels_col/hydromet/3_Hydrometeorological_data/Hydromet_data_52057040.txt,641774,83e11f18bb7cf4103b28ab494d72e36655398930eb353ec9cbd4df190ef7a437
data/camels_col/hydromet/3_Hydrometeorological_data/Hydromet_data_52057050.txt,645941,379eaeb6e0a08255b90510cb7ec8552349ca56f6051ddb2eb4fcf6a2937cb1e3
data/camels_col/hydromet/3_Hydrometeorological_data/Hydromet_data_52057060.txt,623037,183bbafc5c52e2d81a9cd8f88947f1654b46202ead806f99e639e7db99d6b341
data/camels_col/hydromet/3_Hydrometeorological_data/Hydromet_data_52067010.txt,419019,6462e247fb2b03f4e9ff8e69f1e64efb6df5e4a80d84c0e1a5ec94d131b63081
data/camels_col/hydromet/3_Hydrometeorological_data/Hydromet_data_52067040.txt,355487,b7d662606856ac7bd54e4ddef55ddd2989586bc457fd3180c2f71414f8ad15eb
data/camels_col/hydromet/3_Hydrometeorological_data/Hydromet_data_53047010.txt,537440,9892b2b543ad85d8133891c757d9f55e62e4cee8868d993206c781200333bed4
data/camels_col/hydromet/3_Hydrometeorological_data/Hydromet_data_53077010.txt,530118,2df245bd611f3125b9a2ba72bb5b091e0f602c6cf55e1f50ffcf1ded9b95df5f
data/camels_col/hydromet/3_Hydrometeorological_data/Hydromet_data_53077020.txt,520043,c64deb9fcd0383e118dcee2c580785ff92146436f320620eb3498cba8db28d33
data/camels_col/hydromet/3_Hydrometeorological_data/Hydromet_data_53077060.txt,427348,b0904c12376ba200b2991083c1eb5c15c46cafc958e611b58708fae5df3eac67
data/camels_col/hydromet/3_Hydrometeorological_data/Hydromet_data_54017040.txt,635183,d28ee50d4086ff5e146ebf326b303c7c33d967bf4719fe6543c9a20fe12b5374
data/camels_col/hydromet/3_Hydrometeorological_data/Hydromet_data_54027030.txt,436115,11b66951e89981a4d5b0e88cdfe0bc79f44e040c97e1909fb3fe078cbce9fe45
data/camels_col/hydromet/3_Hydrometeorological_data/Hydromet_data_54057010.txt,512927,1588fdbb0bd05d2ccd6bea27379ce8076f8ccf4e08bc491d9801f945eed7f0b6
data/camels_col/hydromet/3_Hydrometeorological_data/Hydromet_data_54077010.txt,606197,6c66fa6ef3fe553b6c83673d590369e5179789278022635f19d72efce2f1fb6f
data/camels_col/hydromet/3_Hydrometeorological_data/Hydromet_data_54077030.txt,300000,d93de50e4e2d66187edba464762912a78240e55cf74e596f21ac9d2c68155c98
data/ideam/cne_ideam.csv,3427740,fcc325062afc127844ef80521f354daced3850fbc1ef4bb60f38e0c830b6a045
data/imerg/imerg_mensual_col.npz,11903008,67f27fea0959f1f47ba06f65202471255288c8b915d49f14d4e7f2b421176a4f
data/imerg/mensual/199801.txt,166678,b67b7ef859dfaa5cc2798acde7d7482ad53870f4efab04fee2c31d5cbd6fbcf6
data/imerg/mensual/199802.txt,168262,a612897440b8d4766b2c01adc7e6861d6d8862af4b40bc2d744786ff22505348
data/imerg/mensual/199803.txt,170737,4c2b6473770e5573ed5c874e4485902e5c26ef66f566cd6d308c9fb97c21abaf
data/imerg/mensual/199804.txt,172290,99966a9b62f78b69fad25c57d5f93a100117e0d0f7319de95b1ae20ca496517f
data/imerg/mensual/199805.txt,172421,d2875d8e415977bea7ac0484fbb61e71756f66cb5a2168634fe2b3d9eec9fa86
data/imerg/mensual/199806.txt,172459,5a40e1332b41af8c0ee8702d86c77ac5fa6cd408b1e97c210625b67737788a54
data/imerg/mensual/199807.txt,172487,09610bf75061568ae4220da9165e54697fcb63f2073f68577be9f3f07f1c0dfe
data/imerg/mensual/199808.txt,172419,3e49ef7c71fc1510cfc62f074071a4784198358f47bf7a6b79b2c45575a53fb8
data/imerg/mensual/199809.txt,172398,83227c2aff6a65de938c3dd7f3f8770ccf2720afd05306ea57387f6e4c7c2bdc
data/imerg/mensual/199810.txt,172356,de083c0a84c5563547195f8c7e0528e2b299332bceba707c52a96ae0aec377db
data/imerg/mensual/199811.txt,172454,c5b0448c00e1c05ab4e8f7948ff48bb2eeff0b83818b4c133daccc23aea38300
data/imerg/mensual/199812.txt,172551,3514c40a86c12282865eb34c2e98b39526601a7c84c65929d4e2fc364f4c8181
data/imerg/mensual/199901.txt,172373,2003046f7041a43085fea437ab98128f1b5ccd70d4bc1d311da640e9101b039e
data/imerg/mensual/199902.txt,171739,c150fdc7c249786ea7a7c9a6e93b17e1ad088e5ab02a96f5cd974d51fe8725c9
data/imerg/mensual/199903.txt,172210,5e2d6cc7850d75df5e7fb0143bb70aac601a287d84330ad10aac749c57951e01
data/imerg/mensual/199904.txt,172451,b4b566427bb5ab266d4f40dcd19c4dd1786e4522eb81eee9ec4525e136212e70
data/imerg/mensual/199905.txt,172408,915215658e7783dd9619fb2fb8096683916dab81f075b817d3f81e2531b881e7
data/imerg/mensual/199906.txt,172326,5953c9bf486021927876bf17112053baee2958294ad7c46296880fdbdb4844f5
data/imerg/mensual/199907.txt,172458,b6110a9697a153f483e20e236e2a6e7e8af73dabb7c0a8231377cb0cdea8d457
data/imerg/mensual/199908.txt,172406,72d0293545b347c12e9a0f9e2b449d97cc496ad2869e26a38d6d75f7bd61ef81
data/imerg/mensual/199909.txt,172310,eb8c6261d6668557021c47571240a606e29efe4802296f30dd2562d6b72ae67e
data/imerg/mensual/199910.txt,172359,8366d0eb4dbc1a385734a8578235350e00bda343d558c5fb0208c46f7c3ff6fe
data/imerg/mensual/199911.txt,172396,2f1451986f9d0de9388aec5161fa8691a39601a23c2359e40bc17f89bc6f27af
data/imerg/mensual/199912.txt,172479,35d9c6c25b8cfab5cd8c5a8c60f97cbc99fecc711928535d8c92b95029336f84
data/imerg/mensual/200001.txt,172298,55e46a46602d4852f8f2f87e0c456ab0396e87d9f787cfe2df4c5fdc831d2797
data/imerg/mensual/200002.txt,172567,62a35c653aff1a66a600d59a5cb43d26fa0fbef550d2e3ed1092c83b07defe8c
data/imerg/mensual/200003.txt,172537,2622d53aede8ee6a61b02d00b875fe3ba45a550477fad8c45813f722094d7ff0
data/imerg/mensual/200004.txt,170938,3ebb8923c1818543baef86fbf40857d89c4778a10adc62e9551a1e1d78041000
data/imerg/mensual/200005.txt,172426,17568110d2a8b69129ec0754f02239ff7b4d3be1b1812a22b112152e9edd1da7
data/imerg/mensual/200006.txt,172431,057a3e0d34807a977d8241f2ad15169651c2538e7b6485a64437bf30fc2e3554
data/imerg/mensual/200007.txt,172460,e10d8ca98ed723f6d199eaf715b56d8b299a9a1d8961835473b07bd598ee8d45
data/imerg/mensual/200008.txt,172053,55d1b560e7f9388c076ac25dfd15aebb2d5c0c07f1d104d4ca22f4eff5e60fd6
data/imerg/mensual/200009.txt,172426,be54a0033307ce53b2dec80cfe1f83433d067861774fc757378f98c7d22d9e26
data/imerg/mensual/200010.txt,172328,cec50ae5d9176f14d813f79516cc1ebb565224a240d552dde9bdff0e4e7767c6
data/imerg/mensual/200011.txt,172445,ad135d7cd2efffdadd84b5943663c5146ca7710a2748aaa4901db5a8a1c18dea
data/imerg/mensual/200012.txt,172471,c883ccc9da91d4414155c26b6c3ce3ce4f9c5da3e7432463a14a8cd45b0376cd
data/imerg/mensual/200101.txt,170398,ebe568a7f4eaee84b26790b55761367ddbe0fbf1e303dd97748d1c1c5ec25442
data/imerg/mensual/200102.txt,171136,b5b741aa356355cc070da3991f477d38f24c83a32be04091b7f43ad61ea0a71c
data/imerg/mensual/200103.txt,169907,8db55e8cffed1dd947ac3f2be1d5fa7e1a105c823322e111a130f668f7d65657
data/imerg/mensual/200104.txt,170360,57845f1c7d07e734f512485e7270e971887e5969285380aaeea471feda19f545
data/imerg/mensual/200105.txt,172671,2702f8427c96d73bf3ac3fd3f2f5d69aa6ddf9f428a8c85292439e971b6b877e
data/imerg/mensual/200106.txt,171891,518a823ba7ba5c027b4649f0233c8d229478f20cf7c966a61ca10f7ed4ab9f96
data/imerg/mensual/200107.txt,172455,4dcb17bf1db83f7f9e6caecb9390c421ec82c9fd987e164bd8595ea779b2af81
data/imerg/mensual/200108.txt,172116,6e723949e76a9fa38ba2b35fdad3723d4c47f2cb319a6012d9b03537552e0165
data/imerg/mensual/200109.txt,172420,6046b2d42c4d485765e6a9f4d78791f9adf161cc1b3065eabb8db1c5e508a2cf
data/imerg/mensual/200110.txt,172368,c14887f7b005788b32855d9dafc6c9bf2d0e2bb418062c8cc87095dcf5bfa69b
data/imerg/mensual/200111.txt,172461,d06785142dd7762c54532b7ec3833ab071ca1d7acebd5be66023219e3566cafe
data/imerg/mensual/200112.txt,172489,1a0016b44a30671b86a99d6b994fef7e6d619063b415192db67052b2e068faa8
data/imerg/mensual/200201.txt,171893,bc6b76fd8fe8f05707ee90344b981c131eedfb85d976dd429cc06f800cf1aaea
data/imerg/mensual/200202.txt,171651,cbdcf6a4f0cb35dfee0a971d4156d9e2a26b26f75dd59751fa4760d19e845007
data/imerg/mensual/200203.txt,170617,45e0743cd69208bd96d706374b4957bedd7f00ece251cc05c1c8410b66a98329
data/imerg/mensual/200204.txt,172512,d5a4a13434cdaac5f7dc464c042839f3bc79d541b07f3ce37fd3a392335454f4
data/imerg/mensual/200205.txt,172508,5b1e568c1a3ff60c7d0ceb017fd1b418211e33984cb556972ed8a5a7fbb865ea
data/imerg/mensual/200206.txt,172450,14bbaf8fadc159e88596af4f08510e21344e6b8d3d7568d406d52a82a302227f
data/imerg/mensual/200207.txt,172471,f50448cf0b2c503d757f1960061d895a0115b999292e4f53489c5d01e95e0794
data/imerg/mensual/200208.txt,172493,bc016d75ec851ed1b1bbc2151441486cd1cb7859661b348704e5dbfee2d44dac
data/imerg/mensual/200209.txt,172471,b06249134c9da9a4a0f15cd392c419605c10652677915f362d64a00313c55b0a
data/imerg/mensual/200210.txt,172380,ee96533d97aa9068cba7d697b2f86b23ce720c4d8d97b593e1bb9a066416a56f
data/imerg/mensual/200211.txt,172521,9689fe0674f624f280c5fe0e795ae47b7f0407f9e7beaad40aad0b84fb9b6f23
data/imerg/mensual/200212.txt,172429,7cc79bb06dae7ecaeceda97c97af6091acb9f59a6a8264c58a8332463b65b374
data/imerg/mensual/200301.txt,167040,c8b55808bbb3a24e3d6cee6a1bca2f0d9becab3068a7b728d63570c89c0d07d1
data/imerg/mensual/200302.txt,169818,5297b5ad6fe4e4934b12d8dc76be92a19b11fdd325a44e7c24b79464e041ba94
data/imerg/mensual/200303.txt,168227,127e77109c062bcc7a0159beabc4d47543da92ffd9a3d8cb6c7325814e99cec9
data/imerg/mensual/200304.txt,171663,7cb9598c4d09e5b6b4458a9c1085efa2c91da9a4ea1ec81076767471f10085b0
data/imerg/mensual/200305.txt,172278,dfe15b9633dde300715b64b7f3e86d9031b1691db9691e727a1ef8bb77bb9326
data/imerg/mensual/200306.txt,172511,35a7d8f5ef03d568e1ccb0f655a14dcc819ccfa7dd686fa9110e4517d0226a4a
data/imerg/mensual/200307.txt,172430,b04b02f50d3b3342d3cc010c5a5115ebdc92c2393f836a035ca327b68f64aa4a
data/imerg/mensual/200308.txt,172415,c43a75eee644cec9dc57116efb41b0f324cdced42fa3f58cb1c27a80c79611ea
data/imerg/mensual/200309.txt,172461,ae3f362e4ac305be3e879e49aa7cc7e4bd0b38eeb7188a0f1f85ac6f6c194097
data/imerg/mensual/200310.txt,172412,c20749c91630b471b73f8ebfd4d76f8eae7c9806ec00baef554b6ddd2e2c5286
data/imerg/mensual/200311.txt,172350,704f348f4be16c1e6c3b1b3640c0503d6e3ccaee9c1ac9b3ea07209f12f670ed
data/imerg/mensual/200312.txt,172420,ef266d52a68a16c1ccf7b275ac53f47b0c4d48ddc2b951a5d82b08308e72623b
data/imerg/mensual/200401.txt,170805,b9ee6bbdd35795e818347a947d16662885685fe60f49cba6091b2f62e7816f73
data/imerg/mensual/200402.txt,170109,c3cba18594be848a4875583efb9fa62eee85e6178e33338fda8c2ca586afb208
data/imerg/mensual/200403.txt,171800,fc760f815cc0a5d0ee3c1e9493837e3504d05cc7a24098c04020b463b821f262
data/imerg/mensual/200404.txt,172389,bc3f093e97ec5820beb7c3eb72070e77978ad0a6c593e9abf201696a7e236a31
data/imerg/mensual/200405.txt,172436,959c7a2496603149436d10b97797817a38410228d88130e63f4afe1b04668c76
data/imerg/mensual/200406.txt,172314,5468b4c25a638417c3912f0adfc204fa29ff451bd26b6edb9125a94760e618d7
data/imerg/mensual/200407.txt,172068,b8efaeb0034b05cd029baf6cb455f9c56183beb78afd4f72833239dd32b3f34d
data/imerg/mensual/200408.txt,172537,2b05316b3eda28e33a947e1401f8d916ca0620d42bcc2573f18a2c49f0bf4746
data/imerg/mensual/200409.txt,172436,0691f804136c1746e903df9b8da4bcc99674ac431192e32aa674117ba3033c92
data/imerg/mensual/200410.txt,172435,ff9ab247f6f093aba7b998fabba9c03d9d19ee39a4fbb1513c15c861a29a96b1
data/imerg/mensual/200411.txt,172393,de77450b3a2b7390bf5b774b2564cf4f455f67fffdbcfd8129c10cd02fc05ae8
data/imerg/mensual/200412.txt,172529,fcce716143847860fbd654564a3becd2a02b42eecfccd157844722fa61f3a3e1
data/imerg/mensual/200501.txt,172464,7f9b04470a658ac89acec454ddc6d9117711799d84f052e484fa0aeccdd9aa6a
data/imerg/mensual/200502.txt,172150,86fb43fa186aeb7519bdd28058f7c4e9137fa3fc764ebe5c18d697b6bf802160
data/imerg/mensual/200503.txt,169656,0eef095c43dc415cb89e68b62ef959c656846a44d2018a0c7b52ba15c5f7e606
data/imerg/mensual/200504.txt,171986,29f59a3ae648902302ca2460e77d1d530ef993d2e600ea20a9db336bad75b29d
data/imerg/mensual/200505.txt,172416,558c0a602a7a4ca5dfe9a533a8a2c9918cfeff9e71ec0beaee39617cdd268b8f
data/imerg/mensual/200506.txt,172413,2ac7b2206f218dad529e8ee41e7f1894f0a9950ccb4114efea72c33fd8c11903
data/imerg/mensual/200507.txt,172467,289a3c470ddd56208b2ee1d4f064b09e349de7a77f2bd566658d08256a5ca274
data/imerg/mensual/200508.txt,172441,9476e11cc3784745a3ac8c957f7bc3e8784605c116d23ca20a47f84f263822f4
data/imerg/mensual/200509.txt,172448,5651de34539e174190d3781f3b7b8008e1c22eeb8ab560ae27d90ea0fa6b1a8a
data/imerg/mensual/200510.txt,172388,a66661382ee6824822374bd4d20c58ca40481adefb5d539babc40b858c445a57
data/imerg/mensual/200511.txt,172336,68a437683ae26e2d8092d07f8ef4f516c3581c6161ec6b4d56c9d52e996182eb
data/imerg/mensual/200512.txt,172517,565f2f00b50c8c682ffaad060b6e48c6322eecd0bfd2dcd6a2355cf2421726c5
data/imerg/mensual/200601.txt,172447,0ad35279d1787d7c4831785471ddc8abff27c0f62fbacde3e3d4eb4aa726b318
data/imerg/mensual/200602.txt,172429,f3d529b05d25e29baa87d5e03a8305c54d5b73c1220e2e365c423da1f239f717
data/imerg/mensual/200603.txt,172421,d027f31db4aaecb533dfbfaf53b51212206f2f221c23007cc91a3808985bb28c
data/imerg/mensual/200604.txt,171265,4979697d8c03de8a07eacd2c591223ab1e43de46d227608b08d425b22eed3fdc
data/imerg/mensual/200605.txt,172431,0489a4024d6aeee0a7cad6b3b97cf16505b363ccf2893cc0df1233bdb722d60a
data/imerg/mensual/200606.txt,172415,eeba0cc0b666aec1d8a249e401c91f12ff86664f733bacd9b1954697209f2631
data/imerg/mensual/200607.txt,172438,fdb69a1fff63804837e47cde5b3b8b1792ebbe25c566357a075ff3315ce39c36
data/imerg/mensual/200608.txt,172515,c1879927d7d2bcb9aff3b0fb24186cacc2c5b2eeffcfc3f167ebc94c811b92b6
data/imerg/mensual/200609.txt,172466,6b20d272f29d236c2e96fb5b3463f0d9738e645b0acd255c93e46904ff880e26
data/imerg/mensual/200610.txt,172424,ea64d76b8fb04eea04644d1558c12b43102f7a607c2a8fe35f7c41c334b2a7e5
data/imerg/mensual/200611.txt,172388,07b5a2f20eda81fac2a12463762d69673b8081fb4cd8640b26db32906aab2c9c
data/imerg/mensual/200612.txt,172535,35540a721992c87fa95f800d168a116b8448608a1ff6734b4e06288f0de5b8ad
data/imerg/mensual/200701.txt,171571,825ffb899917259b7330bf6cfc3b41dd798623f59a1eb5589b684a14686762fa
data/imerg/mensual/200702.txt,170846,313e3a520d6602ec4671395204dc52d43a16b575783b47b050985795ad300660
data/imerg/mensual/200703.txt,171514,d41a28425ad44dd8bed10321b30b461312910a22929e09897cf74270b7865a99
data/imerg/mensual/200704.txt,172519,f96a194a8ff8fa7e1d6507039167ff632a464531b378df4f71d9609667ac2eb0
data/imerg/mensual/200705.txt,172010,37ee5df0b841143a358bd28d04fa1956177dc90abc3ff4f55ea3f9d862ae1d13
data/imerg/mensual/200706.txt,172463,3157c2c0c4feb0a6263a20bda3505444b852588613d943570fde9049b6046aba
data/imerg/mensual/200707.txt,171508,1cf490450b63713cebb3687fa96aad4e550503368faf84c7251946a6adc3ad2d
data/imerg/mensual/200708.txt,172453,16f57644ce9551bcbe4d47916a1c9091f540a12948e8cde06f3b918a33839835
data/imerg/mensual/200709.txt,172375,d5a9b91096518f64674a228ff294e49f59027a66a53cd58184e828c84248a553
data/imerg/mensual/200710.txt,172497,5707ec63ac8b3880890b70ad814a3b3ceff4497db3e47ab66cb9bb676299d9a6
data/imerg/mensual/200711.txt,172470,03f537a0c68c680dc089bce93cf02a1585168a8e227a0ac1a6eaa93dbde73676
data/imerg/mensual/200712.txt,172413,4adf30349e073eed5bb35ef9ca470fe7a8a6aa5ae8f4bb29eabe0af79400f131
data/imerg/mensual/200801.txt,171470,f5799a2c9c750fdf628312dde64e087398721035c8bff709b05f237c0a3a26a2
data/imerg/mensual/200802.txt,171558,ff5895771e10e021d76b91fac1863880382394dda53337f98b2557494da1ce2c
data/imerg/mensual/200803.txt,170994,8c84d93d699a7a7778d54a9d97f0e9f6cf501ec69638b44a1ced5d0b9ce59167
data/imerg/mensual/200804.txt,172277,8afdc6d99797b8faaad39efedee48390aaa13f22ed51ed6df3ee6e48d789846a
data/imerg/mensual/200805.txt,171073,53dfd43481b0150d253d43fce20ea9482aa4df181cb616c71c86e091781a0c43
data/imerg/mensual/200806.txt,172476,7f1eb4c1dd516643f18a6d0bdfd33adbf9f16904f4434498f79b2d75df1150aa
data/imerg/mensual/200807.txt,172379,e0dad3445fc012ddb98cf72c5d064416ae65a529a758007c4103b703945b0109
data/imerg/mensual/200808.txt,172403,326d6f24f1565e279c9074ac4e645c160af4407a0521477fe3be096ab40a813d
data/imerg/mensual/200809.txt,172426,691927a46d147b37f5eff7cda58cffc87c00d39ce56f39c55ae8d11e6693f3c4
data/imerg/mensual/200810.txt,172367,124842e50b3e220f39d357da8c5aeeae999957977ed5832656ef4913b8f16250
data/imerg/mensual/200811.txt,172396,855fa3534db3d62096fb01cbfc03b64ef8f427710e9af74185fca44296824835
data/imerg/mensual/200812.txt,172454,b5991362bc889140a22b25c467c70043ad78a4566c8a6f9bc8b8e7a05e44ccc1
data/imerg/mensual/200901.txt,172426,567a5827a0bf8d38b769e82cf3c5ca96568ebe99b85c4814e7f79b1f70f31051
data/imerg/mensual/200902.txt,172449,29f296bb41f2a8b6b22bc61b31ce620bf182f1fd17a25cf41d417ea3c0c469c9
data/imerg/mensual/200903.txt,172311,a22f0e0f3f51f6cfdc79a62e50a3d1a9127b84d8afdff19c935efa4889e13f39
data/imerg/mensual/200904.txt,172364,460ddbdd748ed90eec53e4ba9b5c863109b0f41013b8e1de4cd0b37c9bcce899
data/imerg/mensual/200905.txt,172521,78b519c619855b9e398360496b2812e245e51ddb4ab4b50b7c103b6628ab75d6
data/imerg/mensual/200906.txt,171304,15389f9002a7befe52ef9ce40b44511cc986b49799c5615984f447d6c23ba434
data/imerg/mensual/200907.txt,172425,1522470ca904ee2e790e19525a44b3507c369ec4ebb0f0fe2f5fbde2329fdfb5
data/imerg/mensual/200908.txt,172484,4b52635fbc28ae882d82bd8aec1dcf59eac719b6a4e56f4e4c8bcdf59bda0625
data/imerg/mensual/200909.txt,172501,c400954f5fffc1f06549fb77936d2645d0eb8e107eeff53cdab5b90fcae8d5cd
data/imerg/mensual/200910.txt,172411,94fba5a3f199514d37c371a19016b70995a39ecfb0ce326a2d4d8ad817f3c036
data/imerg/mensual/200911.txt,172475,53f7631bd8aec73789e91b467784b812f1c7675cdf207c7606657322bd8103a9
data/imerg/mensual/200912.txt,172534,7f02f4e9ca7c44fb1d4188154f1149ecfdcfb9225964e6163142c100c53805bc
data/imerg/mensual/201001.txt,169314,d0b56ebbdd0f5ec8cb8510f2cb5573fa07f951ba6ec48d25731c86c030fe1382
data/imerg/mensual/201002.txt,168310,33a79c5093bda573d902fc733086df4c0ce5a8f0ce3da134eff300bd405bfbb7
data/imerg/mensual/201003.txt,171763,7d74b1e44964aa3102ac4dd34bd1a923c2ca634afd3d7f4e4811acc0fc5e1005
data/imerg/mensual/201004.txt,172455,c6a5d386df5889ee2905e8b24c286601523bd01ec495793db263e35690d91c61
data/imerg/mensual/201005.txt,172413,097e338ed09a6e34c56aae417085a9d8285ec2c7208f9bb1da2e3cc7d29f802e
data/imerg/mensual/201006.txt,172447,c8fafe3aeec429bca288b70a4e1d21534f685fffced97f8a9cdd18a72db9ec5f
data/imerg/mensual/201007.txt,172489,634829b8e2a81c22a939c832d6f00377c37f896612c42eb57ab71aa2e05a6b85
data/imerg/mensual/201008.txt,172453,dec62d3049a597d5bff234284f0c67354e6d3771bf6f222564b9accc3e1d7134
data/imerg/mensual/201009.txt,172475,b8a58f9c8fd30c27d072b05267d2f395bac11128575d79fa8307720661c93365
data/imerg/mensual/201010.txt,172361,623b9f3b0e9f91493e1e833741a5ed55f5c008c7bd6385ef01fe1b03cec9f365
data/imerg/mensual/201011.txt,172387,9198c468f72195e4c37611b05f1385b2e10bd60883c8ef24be785ab29ccd8854
data/imerg/mensual/201012.txt,172399,99c176b8ecb9495788ab4968bcd4e75111e133ff275138061c22a8b5979b0aac
data/imerg/mensual/201101.txt,172316,8ae3f63097289f59f07ff974916fdbac53083547ec25de850e628fb96a59af73
data/imerg/mensual/201102.txt,172187,a13bb96f92d6c921eeba274e6de387efc70eb4e8939fb5e816385b907e2ecef7
data/imerg/mensual/201103.txt,172393,b23d226f072b6cfcfc0bde52678048c6e1ab2854beb4fc01f8224714efcf72d2
data/imerg/mensual/201104.txt,172429,c48c6d48b1c11f43b1bd20625e20f5c8477d78f93c9d574d5cb138b60afd0b7d
data/imerg/mensual/201105.txt,172378,2f533f78977049e27857a1a25c5d26ff6dbb51a340186e4a18df3a195c8d93f4
data/imerg/mensual/201106.txt,172420,02ec2f57849fc192df7bfcc02ca7defb70cb1cb159d2d69dce8604d983285ab4
data/imerg/mensual/201107.txt,172450,60a5a53941050fe3c5b3c833ef1e03433b88d6ba9b72de3a49c008a4a47ac3d6
data/imerg/mensual/201108.txt,172498,f9fa84ce3f94a0353983095329c1f1479145edc8fd2efc94f903845b34748299
data/imerg/mensual/201109.txt,172419,4c3b0cdb6090a4e7fc144cf41d5810e3c1e3bd0023d34e7421a98ba556200b7c
data/imerg/mensual/201110.txt,172407,ef0b492596545a7ada286d48194b99b34a13fb0760ec73d103861e81dd821569
data/imerg/mensual/201111.txt,172388,5b22eafba508f7ad264c71e085175fb33eb69828175ef5a1a2a6ffdf9bcfa746
data/imerg/mensual/201112.txt,172490,a8704a8df310b8a407105d9028e43864a62da27386e334649c43a5df2cddc75a
data/imerg/mensual/201201.txt,170537,69175c50bb43cfbbc855dd2b690c4f35024707e9b46e7dfc9541243a0a39e5fa
data/imerg/mensual/201202.txt,170682,e671347bde2fb7883d5488876f252ff6b2f769b3f22f83661959c2f1cdbbc4f6
data/imerg/mensual/201203.txt,170924,9efcc20f20aa17775af9d769a16237af5c2956cf30724a2a0ba083a96cda395c
data/imerg/mensual/201204.txt,172384,4c946c8860018e0fe0d52929dedd50891efec065c4f30a8fd501446e37828bc1
data/imerg/mensual/201205.txt,172467,6d1a18128f69e11540a447dc0614399ae2e9900eaa2f4a4b4dacad29dae0f69a
data/imerg/mensual/201206.txt,172568,6d81f68ffc8663acf2dfdcf22f0bec8979845a38a4d0c9ff49b9a2f23d051a1b
data/imerg/mensual/201207.txt,171887,acb6bf4bb0d521752170c07b73518e982c3fe87e4f55b36458adbdb51c9d4542
data/imerg/mensual/201208.txt,172453,f8dc3e5f572ae827678fd479aef7d8c618d8583cce0d9bf909704e76cbc3563f
data/imerg/mensual/201209.txt,172430,e91c372b8edf2ff87cda1f61b460af52577d31877ebc97f3e60fe21796d88b84
data/imerg/mensual/201210.txt,172366,1c8fd9f8ca1f6c48fbc0dd12c0129944e8bd2721bcd484a527bd3b8f6c1a1521
data/imerg/mensual/201211.txt,172381,8b48e326fd58db46c9b3febe3cf1e0b3167643815a45a16c22ae13d401d01f33
data/imerg/mensual/201212.txt,172441,9c1a17519bcb50d36585b3e7330e845a85894d7d1eeab49e6c89dcb056e6083e
data/imerg/mensual/201301.txt,169176,6c9de1e9f98d719feada1d04958dc8276f1d4129172b85e4da2b195a4f411946
data/imerg/mensual/201302.txt,170955,8cd5425181d49a89e7597a7ad1741430cf2af4b3ab632cd20c5f01e01577002f
data/imerg/mensual/201303.txt,172472,49e18d96e916b650246a5eb4f4a5bdde1a687d05f15e255fe6d3bdac88340519
data/imerg/mensual/201304.txt,170709,717694b8981e7940356dd78c6052078b7f0be02944d973b7a5eff28b65e4dc51
data/imerg/mensual/201305.txt,172384,829727311de6905f2c68513465be735247cc9b442e22b483608ab83bf018be10
data/imerg/mensual/201306.txt,171998,b05498a64f10c43091d44635cbe22ec3ff1e290d66fe405b2dcc6f5a5dd49f47
data/imerg/mensual/201307.txt,171155,0b1eb7183874583378f919e4e52eef198c7bd06096973924f8f77aae05018a6a
data/imerg/mensual/201308.txt,172428,ae6b3bc9c67de985e3d14606d633637166dd9c216ba4b2ff0dbfec65096cb13d
data/imerg/mensual/201309.txt,172381,f6f49e75b1f91a16e8630cb6e2a8cc48fca29bc2ebb690defc4350d9c1320200
data/imerg/mensual/201310.txt,172480,33a635e6596dc3b845bde4ac10296129cb4078a6a28d2cddf7dbdc2038fb6635
data/imerg/mensual/201311.txt,172449,87531542b2b0716e4236f227308665878ab37cab830a7619f6bacefe26a9943e
data/imerg/mensual/201312.txt,172473,e399da3465df6a1bf627d45c6c0a68aa12d14eccd151a86f3784e980720a4055
data/imerg/mensual/201401.txt,171058,fdf28c5f0806fccc52ab3a8ae277635e54dfc2035f63760bcfe06f4ab4f3fd1e
data/imerg/mensual/201402.txt,169841,0c44d82a342a3347a121b6554aa752881f225f22a896e3592b842c1fdae76beb
data/imerg/mensual/201403.txt,168412,752c0d6888d3252b9834897bb3c33b6ccc8eb895734cd423df8c1426cfd5df56
data/imerg/mensual/201404.txt,169975,d1478ecdeff964cc98d217b06bbd369a301b905e95e95594f62cf3516218adcc
data/imerg/mensual/201405.txt,170998,8cfefa107f8ac8be17b63fb5256b74501667b7f51f3df47e96aafa775ae512ce
data/imerg/mensual/201406.txt,170148,2557b2d2b89030a647a2e25ae4f4e469ca7d7518bf72e47f58b908777fcd6771
data/imerg/mensual/201407.txt,169981,ced30657a3aed1491616034f66a96fabd515140f1e7934ab7a53b18e633cf6bc
data/imerg/mensual/201408.txt,172046,a824a832ee8c0986d28ad83574926f3cb0596de53fd5424b67b376f15f44239d
data/imerg/mensual/201409.txt,172388,1251c2cf9b39752a97c7382cd5f2a58236ae0fbf1b857fc67520e79b2c8c4e4b
data/imerg/mensual/201410.txt,172512,547ac6197e6355ce93a28d7521435b55a7dad3ee96ca3d4b3e6fbfb250ad083f
data/imerg/mensual/201411.txt,172395,bf0459db528ee0f6bba7b0add782f18792b8f5396c4aa6b6d319a0e0beb033eb
data/imerg/mensual/201412.txt,172373,af6a40fa515b586549803d47da4ca3ffe212d561e87131c50cb5fc82f1e5a018
data/imerg/mensual/201501.txt,170579,fb7be670cd9126f956d3ee656287b86d6d53d73227b5b4122e74215e7ab82b7c
data/imerg/mensual/201502.txt,171098,0eb39d798afa8de1b6cbe0f5814e6955b46742d0b595abed1751748e03d337bb
data/imerg/mensual/201503.txt,170608,31fadf9f8f183ac2d2f48da184a27cc4b3ddcce2092b07a39d3fe7bf436b7c5c
data/imerg/mensual/201504.txt,167909,f221dcfcd4fc7beda106627d8e3aae9cf7ffc135f348c360c8801db3e9fa845a
data/imerg/mensual/201505.txt,171341,43a88922de1f7612fc5a016f2a4ace0d491bf8d083f27f90bb9450bb8cb24efa
data/imerg/mensual/201506.txt,170532,3f5dbbb95823d77fb31c5be550abcf03504279d9a5ca0e4f88c6b5e420ef5353
data/imerg/mensual/201507.txt,170881,58faf1850cc9882e97f1ac964555b210ce1a0e83187901bd57d8853b19308532
data/imerg/mensual/201508.txt,169869,115a89d56e687a7b862d2aa1b6b936f3313af460dcaab0cbb12a3c910bc61a8f
data/imerg/mensual/201509.txt,172359,5934fb98b0fb93672818acba84dfd97dbfee5c06065bd7cc137c0bc20e7161fb
data/imerg/mensual/201510.txt,172432,730a77e63695c4099d326124b9b9e3fcf697177e875f12fb6fe2a31c71bb01b6
data/imerg/mensual/201511.txt,172436,17b634d6ab2f9d3da5a4208dbe67bcc326d6c5bfa49aa42e8663d706391d636d
data/imerg/mensual/201512.txt,171642,98d48597faa105849aea5c27c41daab8acb09a02f2b8bdb2db2e17d36373bdd4
data/imerg/mensual/201601.txt,168992,b70d2157e403cacf57ef3651b70c6b839ba437fce71b46266d67add269c0bdcc
data/imerg/mensual/201602.txt,168055,f67cac1585527837ab70eff5365b8c9658c2b9fc23c9efe0343ce681efe7a479
data/imerg/mensual/201603.txt,171209,9270184cb700f0322def911de90f530551ee77eee0ab6e81fe9e20a2cd4eff13
data/imerg/mensual/201604.txt,172499,f3a6ea79ca7ab47f240f842e1968260c14770cbe29c6e611e9a000064eba4020
data/imerg/mensual/201605.txt,172473,c1a60dec6bb63677ebf056a39f81a26df2dc99ac2a2ad36f8cec2d29558be48b
data/imerg/mensual/201606.txt,172142,b5ee473d69ff3098b9f8c607fe65ed0a9976fd14ddc3d150501ee86bdc82031e
data/imerg/mensual/201607.txt,171102,ebd58f4ecfcacf29adfcc6befa04261b50360c09c90c840df51ec70206fb83e1
data/imerg/mensual/201608.txt,171625,122807ad52498e9397c9dc9fa7fe5a5d92d0cf85cacb3aad9bcb3678590685ed
data/imerg/mensual/201609.txt,172399,6bbf298ea8c9518710d5fed27f462ff5029069a456df4306748674c59a49138b
data/imerg/mensual/201610.txt,172462,d4532be1d8ef1a25387e7e9f455f0d55eafb83ed5a8b626db72c02908660537a
data/imerg/mensual/201611.txt,172301,f135a8e3eaa903ce10baf5420161da6729a5cf8041b39a252e553c26e42992b6
data/imerg/mensual/201612.txt,172451,26c680d441a21f4ce6ba2a5a66b1086d498bbe844fbddf318357853de0662beb
data/imerg/mensual/201701.txt,172048,8c06ad684a3805a3f8b5fea589d007b3a712734dcc4bcb3ccb9be2255a741bd0
data/imerg/mensual/201702.txt,169407,2d57eef8d8b508b31694f915f809e011f5ac2e090e70e1bc1a1ec9cd942d606f
data/imerg/mensual/201703.txt,172400,16ee313471d1756ee606fb2c327ef0a5e5accbc9b044aa281a3f5de9f3e95251
data/imerg/mensual/201704.txt,172428,d29b1648c5baadffa837536d236f39992cdfba4ae8a7c067a8746e58fff7fa14
data/imerg/mensual/201705.txt,172430,38ebc0842a2ba9b3ee3caab4facab5b593a967708b44b5824f41d14a8187e70a
data/imerg/mensual/201706.txt,172538,957e08facfe8e1de3019e5bc2796ddbeb93a1b4f2578bad573fb86460bcedc0a
data/imerg/mensual/201707.txt,172066,68f3a5d7199ba5409da2078991d88f83fd5068b12c25a9ce3eae72bbeae81d73
data/imerg/mensual/201708.txt,172477,b0d95f376dd15207315c95fe00e498cab0b605b9e4564fc9d12b0e4e279e95fd
data/imerg/mensual/201709.txt,172453,9937157a6c45ea2b4bfe7272b2b569222477e7496d8537b25e2c771b30f3525f
data/imerg/mensual/201710.txt,172441,099c3cc682b0273dd47bb9f5462bef11ad306a28b4763ac0692def0bee8d5611
data/imerg/mensual/201711.txt,172136,bac036c568856b5036772554460106ff22b52256cdbca2d453cc4a0be8bd3f29
data/imerg/mensual/201712.txt,172400,53564cc56204001d398cc754a172fde67945fe9ceac74186fa1996c315817eaf
data/imerg/mensual/201801.txt,172411,924197e265bb8f06c0dc54ab9232c5bc862d030d6db63476d6b63f4fde98aafd
data/imerg/mensual/201802.txt,168724,42e278bb9bd66e29f12e37c8a62b72a6e97d691a1f38987e0fd6c6c9bb8b5c56
data/imerg/mensual/201803.txt,170951,4a607398944ebfe26b57d22ee803d22e3000fb240a83629e6513d7b8f8d8f148
data/imerg/mensual/201804.txt,171472,494575fb32b9dbfe8f1460676495f3a2a491837d299a7086296b33df96430a5a
data/imerg/mensual/201805.txt,171525,edeca3dbafff46151379ae11863a35a964503eebcf49a24bde8c548477c572fd
data/imerg/mensual/201806.txt,171107,28a11c9c822f110fda6672e1d0ad5a7ec580ab5107610afbd62bf3d77f4ba02e
data/imerg/mensual/201807.txt,171793,e6d90c44071c35626f5375c45d593546b87cb1acfe5873935ef5f21ae22c0937
data/imerg/mensual/201808.txt,170846,cdc122f647f72295ad867895d2191bb5c7244ac260d06fb8b44af379a9b162ec
data/imerg/mensual/201809.txt,172471,4bb6856e86cb39a8abcd1f975b3f1c00a7adabfe2cdde6caf4295941b23df9d8
data/imerg/mensual/201810.txt,172375,083396e92c08a5fed834e94b3830d46b2fe4daf8a6bc2e47c6e8c2d03f6f31ad
data/imerg/mensual/201811.txt,172383,5352ef879c472ebfa113cf2fb9ee969d5189e6e518d74259646f7677ea4658d7
data/imerg/mensual/201812.txt,170574,c1b191faf65a217d7c14f2d7a934ef13c39190c76e0937fef215916d3e4b7199
data/imerg/mensual/201901.txt,168777,c3d626655f63d0fa3dae13eec9cb42fdefc23363b76dd09159c5e0c256db6bd0
data/imerg/mensual/201902.txt,169110,4f9e1f2060ff312987635611d92b12f0019577426d90130714c16eb14723eb30
data/imerg/mensual/201903.txt,166749,e146db3299507911568dca2dba14a2dfaf74f8df495823c263f1d9b6ede7a3a4
data/imerg/mensual/201904.txt,170887,89739ccaec876bafc2356033d981ab83b5fb36f3971e609b17872f7e1d2d1756
data/imerg/mensual/201905.txt,171873,2c7ee94cad8cf707ef8a602500dec781dccc66ae2c60c538c5a960579dc625b4
data/imerg/mensual/201906.txt,171864,780f6e674c921135cd5152fca54cc32c0fa253b5e1c2e5e05b7ae0670781bb07
data/imerg/mensual/201907.txt,170041,f681026af475e04b82eee1eb7f699b18c9be7d09e5dd258e26c428df966cf3a7
data/imerg/mensual/201908.txt,171074,ec43758df9eb78012dc9fe61cb100dff4dd962fba06884baebecdf5700d32810
data/imerg/mensual/201909.txt,172367,4473078ef30290c6d351ba012a3187bfd02122215515116925c5481c76938f00
data/imerg/mensual/201910.txt,172503,000b45cfd8a101e8a6bf36e244330e62a177038d383d81519637fd6e6596ec84
data/imerg/mensual/201911.txt,172430,c0a7ad635d876ed51a56cb94150bbf6918ec5003d6af48f790a92c0be4f430c3
data/imerg/mensual/201912.txt,172395,1412374abddfa455dabad67cebabc10eea519ab92b453aebdbb8894769aac28a
data/imerg/mensual/202001.txt,171505,c0c1ec37a016dc50f1d704df15c22a805e732099b78fc7c90521851f4e25bfb5
data/imerg/mensual/202002.txt,170207,1fdab7c984da98984d95aba0fec1219a0aaacd05b8e24746050ea3c01ad21ea4
data/imerg/mensual/202003.txt,167951,e413d909c53bd853194d89483cd356924ed9f586ac3a49d80edcba1d36166bea
data/imerg/mensual/202004.txt,170170,0a7283487975cc46a25dc291f166d436420a312266228c4a9dc8f311012e3309
data/imerg/mensual/202005.txt,170819,898a7e211552ab2d48834624c11eb7f8dfbb4e6eb49b3211ef2afca850be0519
data/imerg/mensual/202006.txt,172268,b16ef65aaa87bcb19a8f8bd4939484949dd974d43fee11b035a827cb73bf3247
data/imerg/mensual/202007.txt,171474,00af38cf78bac9f94c1244436d9c3520b8b44034a6df3b78c178a47b8fe43d4b
data/imerg/mensual/202008.txt,172400,e2f05aac6382dc7e938dce7448ff0e906bdacaeb3076c376e22c09de6af5ace8
data/imerg/mensual/202009.txt,172502,a248da2a1761ddcd47db8eda35e8f6bfebd2918416357ecc156601eaf1083d40
data/imerg/mensual/202010.txt,172402,31f5ce6107fe3a74a5a91b587ab5a92b4ac3cacb906a9ee5c0d3d2eec3b548be
data/imerg/mensual/202011.txt,172585,f6486478e83ce398d17fcf46823aec476cbc6328b632071746351110223c2ea0
data/imerg/mensual/202012.txt,172272,00aea3275729cc41ca929568734608e4de3f5e22844b2ef5a1798f5c0dd26766
data/imerg/mensual/202101.txt,172470,1f292b3df218e13d908d72beb1ae68d8e3c5085b82a55ad0f742acb420301f7f
data/imerg/mensual/202102.txt,171273,8b4d0b6d317d74392761404fd3f38774e7a6369c79c13db5de0d61a75e1c1365
data/imerg/mensual/202103.txt,171597,96df58744d76c58584052c8d9daa9882f25ebba152cc2bb8fe18868b59551521
data/imerg/mensual/202104.txt,172460,e2039f86165b806f9c4aa48fe68626f24d10c7cf64cfaaa73fb228aa4472ee66
data/imerg/mensual/202105.txt,172532,120a99f225174e5b4a0d525f6e1326331e9f6e7be79c0baf92a4be2292c6725f
data/imerg/mensual/202106.txt,172365,8de1a48aad0f6f4c18033b329dcc2240ae04e744b07c805a9121d70100c29f1a
data/imerg/mensual/202107.txt,172416,593cc12ce57a7917de21dbc5ca8cdf2132e1bc0b4866ae3aa96c44d73cb13e6d
data/imerg/mensual/202108.txt,172433,35b453027d3604842758382b85ee4314c4b634057aeec0e2d9dea7a117899f80
data/imerg/mensual/202109.txt,172367,72577bac525ab0989d4e3c08a78d6ea86cbad8aca22455a431bffa64bdd3bc9a
data/imerg/mensual/202110.txt,172384,1147bf7f679bf61b29b47b5f850243a0d9451fbf9e6db1456ab4a849f173e0ca
data/imerg/mensual/202111.txt,172369,264c5633be6511e6cf285071e56288408b07b2e5e51025a795595e09155c3609
data/imerg/mensual/202112.txt,172142,adbe0a7a172489480cce7035390d0e108e9e42040c595832d2cbf3d50b35eaf7
data/imerg/mensual/202201.txt,170608,45d1c8efa1ed447dbfbd38b23b3e2eab56d3e15f0b7415e151b31b4e4fbde6a6
data/imerg/mensual/202202.txt,171646,763bbab80f768ef38c92116c70c0367bb4ac5c19a0f776931b67a7b77af0a91f
data/imerg/mensual/202203.txt,171882,8abbfdcbc4ce95df8c6f7c5111d31c29c482a2993c957d0eed8c8afd39dc9ef7
data/imerg/mensual/202204.txt,172468,c81569b40b359aaf69d22ec83682cb394c8ccd18f78d4f904c4e229c8efcc92e
data/imerg/mensual/202205.txt,172531,986ff3ced211ff12cf962476c0cb80719366339d58821c775fd32e2b84b6b255
data/imerg/mensual/202206.txt,172350,41269c16f3f2363b44e9a7b352a87b77447626cea7681dedf90b4e2c2873d8a1
data/imerg/mensual/202207.txt,172004,b3fc032e064f0b9ff1bb427f747260332b5f508b0b3fda795304c8ac30fb3ca4
data/imerg/mensual/202208.txt,172351,b92958a83643a85646649aa229f920db3315807c626a390c67863495267bf2fa
data/imerg/mensual/202209.txt,172389,e52e3d7a5a0a0108121005ab384f86a4966e5144c46b67f1e2e024247a1e2758
data/imerg/mensual/202210.txt,172404,87ba8b7af23171fefa999d8dc2cb471d409d595ba2a3cf0edb1834a92a4a7dd8
data/imerg/mensual/202211.txt,172445,b772cb09dd67cbd3dd8fcc3432fdcc1263dae5b745557b7da995492ae2df026b
data/imerg/mensual/202212.txt,172022,558a2b2daf2a27d5ca887981b395e5a850f28c45f0b6a309125a29874d88bb5d
