mes_central,nino34_ersst_C,oni_total_C,anomalia_ersst_9120_C,oni_anom_C
1998-01,28.866,28.85,2.226,2.22
1998-02,28.78,28.76,1.909,1.91
1998-03,28.676,28.64,1.38,1.4
1998-04,28.586,28.63,0.9,1.03
1998-05,28.159,28.13,0.329,0.4
1998-06,27.394,27.46,-0.259,-0.08
1998-07,26.418,26.57,-0.875,-0.63
1998-08,25.791,26.08,-1.166,-0.83
1998-09,25.438,25.73,-1.326,-1.02
1998-10,25.324,25.56,-1.389,-1.12
1998-11,25.141,25.32,-1.533,-1.31
1998-12,25.011,25.12,-1.608,-1.47
1999-01,25.077,25.12,-1.562,-1.51
1999-02,25.551,25.6,-1.32,-1.25
1999-03,26.165,26.31,-1.13,-0.93
1999-04,26.616,26.8,-1.07,-0.8
1999-05,26.682,26.94,-1.148,-0.79
1999-06,26.488,26.7,-1.165,-0.84
1999-07,26.103,26.3,-1.19,-0.9
1999-08,25.799,25.97,-1.157,-0.94
1999-09,25.583,25.75,-1.181,-1.0
1999-10,25.412,25.55,-1.302,-1.13
1999-11,25.157,25.27,-1.517,-1.35
1999-12,24.928,25.06,-1.692,-1.53
2000-01,24.961,25.17,-1.678,-1.47
2000-02,25.442,25.59,-1.428,-1.26
2000-03,26.166,26.26,-1.129,-0.98
2000-04,26.784,26.79,-0.902,-0.81
2000-05,26.996,27.06,-0.834,-0.67
2000-06,26.884,26.92,-0.769,-0.62
2000-07,26.647,26.73,-0.646,-0.48
2000-08,26.399,26.52,-0.557,-0.4
2000-09,26.198,26.33,-0.567,-0.42
2000-10,26.047,26.14,-0.666,-0.54
2000-11,25.876,25.87,-0.799,-0.76
2000-12,25.809,25.78,-0.811,-0.78
2001-01,25.882,25.82,-0.758,-0.76
2001-02,26.258,26.25,-0.613,-0.54
2001-03,26.763,26.79,-0.532,-0.43
2001-04,27.253,27.34,-0.433,-0.29
2001-05,27.494,27.59,-0.337,-0.19
2001-06,27.465,27.53,-0.188,-0.08
2001-07,27.197,27.24,-0.096,-0.05
2001-08,26.857,26.86,-0.099,-0.13
2001-09,26.631,26.67,-0.133,-0.15
2001-10,26.476,26.52,-0.237,-0.26
2001-11,26.369,26.4,-0.306,-0.33
2001-12,26.311,26.32,-0.308,-0.32
2002-01,26.44,26.46,-0.2,-0.15
2002-02,26.809,26.86,-0.062,0.07
2002-03,27.291,27.34,-0.004,0.11
2002-04,27.798,27.78,0.112,0.15
2002-05,28.178,28.08,0.347,0.3
2002-06,28.238,28.05,0.585,0.45
2002-07,28.064,27.85,0.77,0.57
2002-08,27.851,27.62,0.895,0.63
2002-09,27.827,27.6,1.063,0.78
2002-10,27.974,27.77,1.261,0.99
2002-11,28.028,27.92,1.354,1.19
2002-12,27.761,27.72,1.142,1.08
2003-01,27.508,27.51,0.869,0.9
2003-02,27.405,27.39,0.534,0.59
2003-03,27.582,27.61,0.286,0.38
2003-04,27.556,27.62,-0.13,-0.01
2003-05,27.484,27.6,-0.346,-0.18
2003-06,27.421,27.47,-0.232,-0.13
2003-07,27.349,27.38,0.056,0.09
2003-08,27.196,27.13,0.24,0.14
2003-09,27.077,27.05,0.313,0.23
2003-10,27.054,27.0,0.341,0.23
2003-11,27.073,27.02,0.398,0.29
2003-12,26.969,26.93,0.349,0.29
2004-01,26.955,26.95,0.315,0.34
2004-02,27.079,27.06,0.208,0.27
2004-03,27.434,27.41,0.139,0.19
2004-04,27.764,27.72,0.078,0.1
2004-05,27.91,27.9,0.08,0.12
2004-06,27.869,27.83,0.216,0.22
2004-07,27.741,27.67,0.448,0.39
2004-08,27.631,27.53,0.675,0.54
2004-09,27.521,27.4,0.757,0.58
2004-10,27.44,27.38,0.727,0.61
2004-11,27.38,27.37,0.706,0.64
2004-12,27.304,27.34,0.685,0.71
2005-01,27.224,27.23,0.585,0.62
2005-02,27.357,27.35,0.486,0.55
2005-03,27.648,27.62,0.353,0.4
2005-04,28.021,27.99,0.335,0.37
2005-05,28.033,28.05,0.202,0.27
2005-06,27.693,27.7,0.04,0.09
2005-07,27.215,27.24,-0.079,-0.04
2005-08,26.851,26.85,-0.105,-0.14
2005-09,26.713,26.71,-0.051,-0.11
2005-10,26.482,26.5,-0.232,-0.27
2005-11,26.147,26.16,-0.528,-0.57
2005-12,25.81,25.86,-0.81,-0.82
2006-01,25.803,25.83,-0.837,-0.86
2006-02,26.104,26.11,-0.766,-0.8
2006-03,26.727,26.71,-0.568,-0.63
2006-04,27.313,27.28,-0.374,-0.45
2006-05,27.694,27.69,-0.136,-0.19
2006-06,27.624,27.63,-0.029,-0.05
2006-07,27.396,27.45,0.103,0.12
2006-08,27.26,27.32,0.303,0.33
2006-09,27.299,27.34,0.535,0.54
2006-10,27.477,27.47,0.764,0.71
2006-11,27.618,27.6,0.943,0.88
2006-12,27.563,27.55,0.944,0.88
2007-01,27.297,27.3,0.657,0.62
2007-02,27.089,27.1,0.218,0.19
2007-03,27.175,27.22,-0.12,-0.12
2007-04,27.365,27.41,-0.321,-0.32
2007-05,27.45,27.54,-0.381,-0.34
2007-06,27.18,27.27,-0.473,-0.41
2007-07,26.737,26.84,-0.557,-0.49
2007-08,26.148,26.22,-0.808,-0.77
2007-09,25.69,25.75,-1.075,-1.05
2007-10,25.369,25.38,-1.344,-1.38
2007-11,25.174,25.15,-1.501,-1.57
2007-12,25.022,24.95,-1.597,-1.72
2008-01,24.998,24.92,-1.642,-1.76
2008-02,25.353,25.29,-1.518,-1.61
2008-03,26.008,25.97,-1.288,-1.37
2008-04,26.672,26.69,-1.014,-1.05
2008-05,26.991,27.03,-0.839,-0.85
2008-06,27.043,27.13,-0.61,-0.56
2008-07,26.92,26.99,-0.373,-0.33
2008-08,26.727,26.78,-0.229,-0.2
2008-09,26.519,26.55,-0.245,-0.25
2008-10,26.359,26.4,-0.354,-0.36
2008-11,26.119,26.15,-0.556,-0.57
2008-12,25.884,25.87,-0.735,-0.79
2009-01,25.793,25.79,-0.846,-0.89
2009-02,26.079,26.07,-0.792,-0.84
2009-03,26.682,26.71,-0.613,-0.63
2009-04,27.356,27.38,-0.33,-0.35
2009-05,27.837,27.91,0.006,0.03
2009-06,27.936,28.03,0.283,0.34
2009-07,27.745,27.82,0.452,0.5
2009-08,27.53,27.55,0.574,0.56
2009-09,27.474,27.46,0.71,0.66
2009-10,27.719,27.68,1.006,0.92
2009-11,28.031,28.02,1.356,1.31
2009-12,28.184,28.16,1.564,1.5
2010-01,28.137,28.15,1.497,1.47
2010-02,28.09,28.11,1.219,1.21
2010-03,28.139,28.22,0.844,0.88
2010-04,28.042,28.11,0.356,0.38
2010-05,27.659,27.72,-0.171,-0.16
2010-06,26.997,27.03,-0.656,-0.66
2010-07,26.247,26.34,-1.046,-0.98
2010-08,25.608,25.74,-1.348,-1.24
2010-09,25.21,25.37,-1.554,-1.43
2010-10,25.073,25.21,-1.64,-1.54
2010-11,25.03,25.14,-1.644,-1.57
2010-12,25.026,25.14,-1.593,-1.48
2011-01,25.226,25.28,-1.413,-1.29
2011-02,25.688,25.72,-1.183,-1.06
2011-03,26.373,26.37,-0.923,-0.85
2011-04,26.958,26.95,-0.728,-0.68
2011-05,27.282,27.29,-0.549,-0.5
2011-06,27.215,27.29,-0.438,-0.34
2011-07,26.814,26.92,-0.479,-0.37
2011-08,26.337,26.45,-0.619,-0.5
2011-09,25.938,26.0,-0.827,-0.76
2011-10,25.708,25.77,-1.006,-0.94
2011-11,25.582,25.63,-1.093,-1.02
2011-12,25.586,25.64,-1.034,-0.92
2012-01,25.774,25.84,-0.866,-0.71
2012-02,26.153,26.22,-0.718,-0.56
2012-03,26.7,26.79,-0.596,-0.44
2012-04,27.208,27.29,-0.478,-0.35
2012-05,27.563,27.62,-0.267,-0.18
2012-06,27.634,27.66,-0.019,0.03
2012-07,27.535,27.57,0.242,0.28
2012-08,27.317,27.35,0.361,0.39
2012-09,27.129,27.13,0.365,0.37
2012-10,26.975,26.99,0.262,0.28
2012-11,26.725,26.78,0.051,0.13
2012-12,26.41,26.53,-0.209,-0.03
2013-01,26.21,26.3,-0.43,-0.24
2013-02,26.443,26.5,-0.428,-0.28
2013-03,26.959,27.0,-0.337,-0.23
2013-04,27.386,27.43,-0.3,-0.2
2013-05,27.471,27.49,-0.36,-0.3
2013-06,27.245,27.24,-0.408,-0.38
2013-07,26.891,26.84,-0.402,-0.45
2013-08,26.637,26.61,-0.319,-0.34
2013-09,26.509,26.45,-0.255,-0.32
2013-10,26.539,26.57,-0.175,-0.14
2013-11,26.506,26.53,-0.169,-0.12
2013-12,26.349,26.45,-0.27,-0.11
2014-01,26.208,26.31,-0.432,-0.24
2014-02,26.398,26.57,-0.473,-0.21
2014-03,27.017,27.21,-0.278,-0.02
2014-04,27.719,27.88,0.033,0.25
2014-05,28.03,28.14,0.2,0.35
2014-06,27.802,27.84,0.149,0.22
2014-07,27.328,27.36,0.035,0.07
2014-08,27.011,27.03,0.055,0.07
2014-09,26.988,27.0,0.223,0.24
2014-10,27.196,27.22,0.483,0.51
2014-11,27.3,27.35,0.626,0.7
2014-12,27.273,27.36,0.653,0.8
2015-01,27.19,27.28,0.55,0.73
2015-02,27.346,27.43,0.475,0.65
2015-03,27.832,27.95,0.536,0.72
2015-04,28.384,28.49,0.698,0.86
2015-05,28.761,28.83,0.93,1.04
2015-06,28.834,28.82,1.181,1.19
2015-07,28.809,28.73,1.515,1.44
2015-08,28.812,28.69,1.856,1.73
2015-09,28.922,28.79,2.157,2.02
2015-10,29.134,28.99,2.421,2.28
2015-11,29.248,29.1,2.574,2.45
2015-12,29.263,29.15,2.644,2.59
2016-01,29.129,29.05,2.489,2.5
2016-02,29.015,28.99,2.145,2.21
2016-03,28.887,28.92,1.592,1.69
2016-04,28.633,28.74,0.947,1.11
2016-05,28.231,28.37,0.401,0.57
2016-06,27.596,27.72,-0.057,0.09
2016-07,26.943,27.1,-0.35,-0.19
2016-08,26.425,26.62,-0.531,-0.34
2016-09,26.145,26.34,-0.619,-0.42
2016-10,26.033,26.2,-0.681,-0.51
2016-11,26.015,26.16,-0.66,-0.49
2016-12,26.063,26.19,-0.556,-0.37
2017-01,26.306,26.47,-0.334,-0.08
2017-02,26.714,26.86,-0.156,0.08
2017-03,27.347,27.5,0.051,0.27
2017-04,27.883,27.95,0.197,0.32
2017-05,28.129,28.15,0.298,0.35
2017-06,27.968,27.94,0.315,0.32
2017-07,27.44,27.43,0.146,0.14
2017-08,26.849,26.89,-0.107,-0.07
2017-09,26.383,26.54,-0.381,-0.23
2017-10,26.063,26.27,-0.65,-0.44
2017-11,25.837,26.04,-0.837,-0.61
2017-12,25.644,25.8,-0.976,-0.76
2018-01,25.723,25.83,-0.916,-0.71
2018-02,26.019,26.11,-0.852,-0.67
2018-03,26.601,26.68,-0.694,-0.55
2018-04,27.187,27.28,-0.499,-0.35
2018-05,27.617,27.72,-0.214,-0.07
2018-06,27.655,27.76,0.002,0.13
2018-07,27.397,27.49,0.104,0.2
2018-08,27.202,27.25,0.246,0.3
2018-09,27.268,27.28,0.504,0.52
2018-10,27.487,27.53,0.774,0.82
2018-11,27.585,27.69,0.91,1.04
2018-12,27.444,27.61,0.824,1.05
2019-01,27.398,27.54,0.759,0.99
2019-02,27.603,27.72,0.732,0.94
2019-03,28.018,28.1,0.723,0.87
2019-04,28.355,28.45,0.669,0.82
2019-05,28.382,28.5,0.551,0.71
2019-06,28.114,28.21,0.461,0.59
2019-07,27.584,27.67,0.291,0.38
2019-08,27.109,27.16,0.153,0.2
2019-09,26.962,27.07,0.198,0.31
2019-10,27.072,27.22,0.358,0.51
2019-11,27.193,27.37,0.519,0.72
2019-12,27.175,27.31,0.556,0.75
2020-01,27.141,27.25,0.501,0.71
2020-02,27.357,27.44,0.486,0.66
2020-03,27.701,27.8,0.405,0.57
2020-04,27.877,27.97,0.191,0.33
2020-05,27.749,27.83,-0.081,0.04
2020-06,27.351,27.45,-0.302,-0.18
2020-07,26.887,27.0,-0.406,-0.29
2020-08,26.387,26.52,-0.569,-0.43
2020-09,25.877,25.99,-0.887,-0.77
2020-10,25.55,25.71,-1.164,-1.0
2020-11,25.403,25.54,-1.271,-1.11
2020-12,25.432,25.5,-1.188,-1.06
2021-01,25.589,25.55,-1.051,-0.99
2021-02,25.936,25.92,-0.935,-0.85
2021-03,26.454,26.48,-0.842,-0.74
2021-04,27.025,27.07,-0.661,-0.56
2021-05,27.342,27.39,-0.488,-0.4
2021-06,27.273,27.31,-0.38,-0.31
2021-07,26.888,26.95,-0.405,-0.35
2021-08,26.46,26.49,-0.496,-0.46
2021-09,26.085,26.13,-0.679,-0.64
2021-10,25.897,25.94,-0.817,-0.77
2021-11,25.688,25.74,-0.987,-0.91
2021-12,25.631,25.73,-0.989,-0.83
2022-01,25.668,25.79,-0.972,-0.76
2022-02,25.928,26.09,-0.943,-0.68
2022-03,26.297,26.46,-0.998,-0.77
2022-04,26.614,26.77,-1.073,-0.86
2022-05,26.831,26.96,-1.0,-0.83
2022-06,26.791,26.9,-0.862,-0.73
2022-07,26.477,26.59,-0.816,-0.7
2022-08,26.034,26.18,-0.923,-0.78
2022-09,25.744,25.89,-1.02,-0.87
2022-10,25.717,25.82,-0.997,-0.89
2022-11,25.751,25.83,-0.924,-0.82
2022-12,25.79,25.86,-0.83,-0.7
