gauge_id,gauge_department,region,area,mean_ele,n_years_obs,missing_pct,end,runoff_ratio,baseflow_index,aridity,q_mean,forest_perc,agricul_livestock_perc,urban_perc,cn_catchment,tc_representative,score,lat_wgs84,lon_wgs84,nombre,categoria,estado,tecnologia,municipio,corriente,area_hidrografica,zona_hidrografica,subzona_hidrografica,fecha_instalacion,fecha_suspension,altitud,latitud,longitud,q_missing_pct,max_gap_days,flatline_pct,zero_pct,n_full_years,rr_cv,rr_med,r_pq_monthly,r_seasonal,step_pct,q_p99_over_med,q_gap,q_flat,q_signal,q_seas,q_stable,q_step,q_len,qc_score,final
23147020,Santander,Magdalena-Cauca,1785.57,885.82,40.88432580424367,2.653,2022-12-31,0.54,0.61,1.2,4.38,38.69,60.75,0.01,71.72,43.37,0.8482143294710083,6.773326291554725,-73.93911004574363,PUENTE FERROCARRIL OPÓN - AUT,Limnigráfica,En Mantenimiento,"Automática con Telemetría, Convencional",Simacota,OPÓN,Magdalena Cauca,Medio Magdalena,Río Opón,15/08/1971,,90,6.773611111,-73.935,2.653194263363755,82,0.0,0.0,33,0.1296112388738305,0.519665347345737,0.7720665356202587,0.8932691602880087,1.53383392260982,4.682634049210639,0.4755244755244755,1.0,0.614523341500924,0.7730766411520351,0.8113750529817595,0.923308303869509,0.25,0.6948785025519154,0.7638796246655073
26057040,Valle Del Cauca,Magdalena-Cauca,396.15,1800.39,41.84804928131417,0.359,2022-12-31,0.65,0.73,1.06,4.93,61.15,36.95,0.0,67.22,194.82,0.9108132142857142,3.117111088839496,-76.62402773509098,TIMBA,Limnigráfica,Activa,Convencional,Jamundí,TIMBA,Magdalena Cauca,Cauca,Río Timba,15/08/1946,,1024,3.117111111,-76.624027778,0.3585397653194263,18,0.9421000981354268,0.0,40,0.1885526046082828,0.6498324438453191,0.6637001908007631,0.7537508834153676,10.422913616424651,3.377263581488934,0.9230769230769231,0.8115799803729147,0.227500681431297,0.2150035336614704,0.5307018828177009,0.4788543191787674,0.8333333333333334,0.5563142380145433,0.7158387773365702
21017050,Huila,Magdalena-Cauca,268.6,1835.75,40.67898699520876,0.781,2021-12-31,0.5,0.76,1.84,2.6,43.02,56.35,0.29,71.14,25.69,0.776598084237802,1.84883334634293,-76.0524444521764,PITALITO 2,Limnimétrica,Activa,Convencional,Pitalito,GUARAPAS,Magdalena Cauca,Alto Magdalena,Alto Magdalena,15/05/1972,,1250,1.848833333,-76.05244444,0.7813021702838063,62,0.6259254273791897,0.0,39,0.1559331611188918,0.4988190632285932,0.6894539661283768,0.8876603925189511,7.164080085815209,4.928325227963529,0.6153846153846154,0.874814914524162,0.31947845045848877,0.7506415700758047,0.6860325661005152,0.6417959957092395,0.75,0.6347184405789539,0.6985642802254355
24027040,Santander,Magdalena-Cauca,185.08,1859.94,41.782340862423,0.515,2022-12-31,0.5,0.8,1.58,3.04,24.27,71.47,0.13,73.42,63.14,0.852075749294281,6.529005079140176,-73.00794974972239,PUENTE CABRA,Limnigráfica,Activa,Convencional,Mogotes,MOGOTICOS,Magdalena Cauca,Sogamoso,Río Fonce,15/06/1971,,1700,6.529166667,-73.00777778,0.5149934810951761,30,1.9526898630496037,0.0,40,0.1708283264619615,0.4927157121471868,0.6469594295761324,0.7858031862796667,-3.319768971431513,3.1171525423728794,0.8391608391608392,0.6094620273900793,0.16771224848618718,0.34321274511866706,0.6151032073239928,0.8340115514284243,0.8333333333333334,0.5721746472546284,0.698130143172472
21197110,Cundinamarca,Magdalena-Cauca,160.12,2321.65,40.89253935660506,2.634,2022-12-31,0.51,0.55,2.47,1.72,19.25,77.81,0.14,74.62,33.48,0.7478237416026211,4.403055540468102,-74.38530558298554,SILVANIA,Limnimétrica,Activa,Convencional,Silvania,SUBIA,Magdalena Cauca,Alto Magdalena,Río Sumapaz,15/11/1971,,1480,4.403055556,-74.385305556,2.633637548891786,68,0.5021424745581147,0.0,38,0.234759571974785,0.5305375586900644,0.7264436023605684,0.924558795487724,4.148661171575017,10.120604324042718,0.5734265734265734,0.899571505088377,0.4515842941448871,0.8982351819508962,0.3106687048819762,0.7925669414212492,0.6666666666666666,0.6276154147755323,0.6817091618477222
23107020,Antioquia,Magdalena-Cauca,2448.55,906.83,40.84052019164955,2.757,2022-12-31,0.35,0.74,1.48,2.67,28.77,69.02,0.05,73.27,74.36,0.7139088760071735,6.7287924344264445,-74.41347180956147,LA BODEGA - AUT,Limnigráfica,En Mantenimiento,"Automática con Telemetría, Convencional",Yondó (Casabe),REGLA,Magdalena Cauca,Medio Magdalena,Rió San Bartolo y otros directos al Magdalena Medio,15/11/1974,,149,6.732194444,-74.40694444,2.757496740547588,31,0.5765234296440302,0.0,37,0.1777648371419514,0.3534833848986064,0.7252017671812845,0.854855771539013,7.77923013359581,4.814841930116475,0.8321678321678322,0.884695314071194,0.44714916850458747,0.6194230861560523,0.5820722040859456,0.6110384933202095,0.5833333333333334,0.6482094845285205,0.6777742106939144
23067060,Cundinamarca,Magdalena-Cauca,1123.81,1750.82,39.74537987679671,1.852,2021-06-30,0.58,0.63,1.78,2.77,13.7,85.87,0.25,75.64,26.38,0.7145237987679671,5.125305546777122,-74.44705559595286,TOBIA,Limnigráfica,Activa,"Automática con Telemetría, Convencional",La Peña,NEGRO,Magdalena Cauca,Medio Magdalena,Río Negro,15/12/1986,,620,5.125561,-74.447149,1.8524778581569876,44,2.266308465936488,0.0,34,0.1893863707568779,0.5534481894492648,0.7201665973755115,0.7883461901608942,-2.9165520673378675,6.176420564360264,0.7412587412587412,0.5467383068127024,0.4291664191982553,0.35338476064357716,0.5267315678243909,0.8541723966331066,0.3333333333333333,0.5441027199747003,0.6207922054316704
23107030,Antioquia,Magdalena-Cauca,308.69,1394.41,41.27310061601643,1.529,2022-11-30,0.36,0.78,1.37,2.83,37.35,61.62,0.14,71.67,33.46,0.8022810714285713,6.639638857701583,-74.87544445813836,LA MASCOTA,Limnimétrica,Activa,Convencional,Yalí,SAN BARTOLOMÉ,Magdalena Cauca,Medio Magdalena,Rió San Bartolo y otros directos al Magdalena Medio,15/05/1975,,970,6.639638889,-74.87544444,1.5285126396237507,91,1.7777777777777777,0.0,36,0.2048287825293772,0.3441598702715965,0.6304050163399025,0.828189941346338,19.42689880709121,4.214749262536873,0.4125874125874126,0.6444444444444445,0.10858934407108055,0.5127597653853524,0.45319627366963233,0.028655059645439573,0.5,0.367486174894054,0.5631438783345868
44037050,Caqueta,Amazonas,1559.75,1419.87,40.309377138945926,4.022,2022-12-31,0.78,0.76,1.34,5.56,74.24,24.43,0.19,65.14,39.27,0.7604459142466022,1.5631111081709963,-75.5293055159038,VENECIA,Limnigráfica,Activa,"Automática con Telemetría, Convencional",Florencia,ORTEGUAZA,Amazonas,Caquetá,Río Orteguaza,15/02/1971,,520,1.563111111,-75.52930556,4.022164276401565,127,0.0,0.0,35,0.1858945616256363,0.7454703245523244,0.6177400239379252,0.7320105631542226,4.990011202836554,4.4799506172839845,0.16083916083916083,1.0,0.06335722834973276,0.12804225261689073,0.5433592303541128,0.7504994398581724,0.4166666666666667,0.3966191185777454,0.560341176628731
15037020,Magdalena,Caribe,695.72,2142.52,40.134154688569474,4.439,2022-12-31,0.36,0.72,0.78,3.11,54.64,11.84,0.0,63.04,42.96,0.7881690468856946,11.236142013659832,-73.56779717227064,PUENTE CARRETERA - PALOMINO,Limnimétrica,Activa,Convencional,Santa Marta,PALOMINO,Caribe,Caribe - Guajira,Río Ancho y Otros Directos al caribe,15/10/1973,,30,11.24455556,-73.56861111,4.439374185136897,122,1.7122586806739888,0.0,30,0.2921734240009888,0.3596179324717471,0.6884634647851463,0.8926962960648352,15.103722612392437,5.473956043956045,0.19580419580419584,0.6575482638652023,0.31594094566123687,0.7707851842593412,0.03726940951910096,0.2448138693803782,0.0,0.3214412884370567,0.5314687797389438
16037010,Norte De Santander,Caribe,746.1,614.64,39.65229295003422,5.587,2022-12-31,0.87,0.56,1.57,5.93,65.04,34.67,0.03,62.51,19.39,0.6680232866431993,8.517499970112967,-72.69805559053992,CAMPO TRES,Limnimétrica,Activa,Convencional,Tibú,NUEVO PRESIDENTE,Caribe,Catatumbo,"Río Nuevo Presidente - Tres Bocas (Sardinata, Tibu)",15/08/1972,,50,8.5175,-72.69805556,5.586701434159061,150,1.8228267624111028,0.0207139404819443,30,0.2222430709416571,0.8303484127793722,0.6842166139568667,0.8025179242784765,-2.325535758924893,8.711950078003122,0.0,0.6354346475177794,0.30077362127452406,0.410071697113906,0.37027109075401377,0.8837232120537554,0.0,0.3553447634401712,0.49605009888153384
23067020,Cundinamarca,Magdalena-Cauca,3140.91,1455.29,36.941820670773446,2.472,2018-11-17,0.42,0.59,1.91,2.02,11.37,87.92,0.28,76.16,37.83,0.5395700943868905,5.469499957496884,-74.59338890994772,COLORADOS  - AUT,Limnigráfica,En Mantenimiento,"Automática con Telemetría, Convencional",Puerto Salgar,NEGRO,Magdalena Cauca,Medio Magdalena,Río Negro,15/02/1952,,309,5.4695,-74.59338889,2.4719913263462234,91,0.4594975172311569,0.0,34,0.264396478261969,0.3843791576789674,0.7173370476858915,0.7906544321582246,16.551320399580728,7.503952095808382,0.4125874125874126,0.9081004965537687,0.41906088459246954,0.36261772863289865,0.16954057970490954,0.17243398002096355,0.3333333333333333,0.4017520867672011,0.46377019019606136
