simbolo,descripcion,edad,grupo,area_km2,porcentaje
b2b6-Sm,"Shales con yeso, cherts, calizas y arenitas.",Valanginiano-Albiano,Sedimentaria,823.2905,39.2131
b1-Sct,Cuarzoarenitas de grano fino a conglomeráticas con intercalaciones de lodolitas y conglomerados,Berriasiano,Sedimentaria,340.0333,16.1957
S4D1-Mbg,"Metalodolitas, metarenitas, metaconglomerados y mármoles.",Pridoliano-Devónico Inferior,Metamórfica,250.6618,11.9389
J3-Sc,"Capas rojas constituidas por arenitas, conglomerados y limolitas.",Jurásico Superior,Sedimentaria,161.5363,7.6939
T3J-Pi,Granodioritas que varían de sienogranitos a tonalitas y de cuarzomonzonitas a cuarzomonzodioritas,Triásico Superior-Jurásico,Plutónica,129.5783,6.1718
J1J2-VCct,"Arenitas, limolitas y calizas intercaladas con tobas, brechas, aglomerados y lavas riolíticas a andesíticas.",Jurásico Inferior-Jurásico Medio,Volcanoclástica,113.3711,5.3998
O-Vf,Riolitas,Ordovícico,Volcánica,106.5930,5.0770
OS1-Mbg,"Filitas, esquistos, cuarcitas, pizarras, metaconglomerados, metalimolitas y mármoles.",Ordovícico-Llandoveriano,Metamórfica,105.8622,5.0422
O1-Pf,Cuarzomonzonitas con variaciones a granitos y granodioritas,Ordovícico Inferior,Plutónica,54.9928,2.6193
D2D3-Sctm,"Conglomerados; arenitas de grano fino a medio con intercalaciones de limolitas, y arcillolitas rojizas.",Devónico Medio-Devónico Superior,Sedimentaria,12.9074,0.6148
Q-ca,Abanicos aluviales y depósitos coluviales,Cuaternario,Depósito no consolidado,0.7046,0.0336
