lon,lat,p_anual,frac_dentro
-73.25,6.15,2421.938,0.28
-73.25,6.25,2500.681,0.119
-73.25,6.35,2535.859,0.044
-73.25,6.45,2487.868,0.061
-73.15,5.95,1971.097,0.417
-73.15,6.05,2148.196,0.568
-73.15,6.15,2300.24,0.953
-73.15,6.25,2396.829,1.0
-73.15,6.35,2454.953,0.992
-73.15,6.45,2421.642,0.802
-73.15,6.55,2328.834,0.173
-73.05,5.95,1918.255,0.634
-73.05,6.05,2075.304,1.0
-73.05,6.15,2199.851,1.0
-73.05,6.25,2264.914,1.0
-73.05,6.35,2362.493,1.0
-73.05,6.45,2369.921,1.0
-73.05,6.55,2278.818,0.53
-72.95,5.95,1737.037,0.016
-72.95,6.05,1951.866,0.454
-72.95,6.15,2044.274,0.985
-72.95,6.25,2089.04,1.0
-72.95,6.35,2204.535,0.867
-72.95,6.45,2246.246,0.889
-72.95,6.55,2170.721,0.865
-72.95,6.65,2091.915,0.036
-72.85,6.15,1952.597,0.238
-72.85,6.25,1982.024,0.203
-72.85,6.35,2068.643,0.008
-72.85,6.45,2086.231,0.014
