periodo,id_estacion,p_imerg_mm
1998-01,24027010,49.89
1998-02,24027010,121.08
1998-03,24027010,158.29
1998-04,24027010,267.32
1998-05,24027010,286.9
1998-06,24027010,197.62
1998-07,24027010,230.09
1998-08,24027010,208.28
1998-09,24027010,211.26
1998-10,24027010,300.85
1998-11,24027010,188.53
1998-12,24027010,139.8
1999-01,24027010,115.56
1999-02,24027010,225.02
1999-03,24027010,143.73
1999-04,24027010,251.13
1999-05,24027010,206.66
1999-06,24027010,223.14
1999-07,24027010,174.35
1999-08,24027010,182.79
1999-09,24027010,283.38
1999-10,24027010,302.14
1999-11,24027010,257.0
1999-12,24027010,146.82
2000-01,24027010,79.34
2000-02,24027010,161.07
2000-03,24027010,157.68
2000-04,24027010,209.98
2000-05,24027010,266.13
2000-06,24027010,252.21
2000-07,24027010,211.98
2000-08,24027010,218.57
2000-09,24027010,303.82
2000-10,24027010,282.24
2000-11,24027010,207.22
2000-12,24027010,103.35
2001-01,24027010,52.28
2001-02,24027010,52.31
2001-03,24027010,151.38
2001-04,24027010,165.85
2001-05,24027010,271.04
2001-06,24027010,200.07
2001-07,24027010,238.1
2001-08,24027010,169.33
2001-09,24027010,229.21
2001-10,24027010,291.1
2001-11,24027010,185.29
2001-12,24027010,149.22
2002-01,24027010,39.23
2002-02,24027010,56.59
2002-03,24027010,208.31
2002-04,24027010,246.67
2002-05,24027010,219.63
2002-06,24027010,195.01
2002-07,24027010,147.9
2002-08,24027010,161.41
2002-09,24027010,191.94
2002-10,24027010,176.68
2002-11,24027010,149.68
2002-12,24027010,107.7
2003-01,24027010,14.8
2003-02,24027010,90.83
2003-03,24027010,168.83
2003-04,24027010,259.23
2003-05,24027010,217.41
2003-06,24027010,224.62
2003-07,24027010,165.78
2003-08,24027010,160.45
2003-09,24027010,227.05
2003-10,24027010,264.81
2003-11,24027010,203.5
2003-12,24027010,134.46
2004-01,24027010,57.53
2004-02,24027010,73.18
2004-03,24027010,131.53
2004-04,24027010,236.49
2004-05,24027010,321.45
2004-06,24027010,166.51
2004-07,24027010,178.02
2004-08,24027010,149.91
2004-09,24027010,260.38
2004-10,24027010,275.05
2004-11,24027010,207.6
2004-12,24027010,81.12
2005-01,24027010,125.31
2005-02,24027010,136.77
2005-03,24027010,95.8
2005-04,24027010,270.25
2005-05,24027010,283.07
2005-06,24027010,207.25
2005-07,24027010,151.54
2005-08,24027010,172.89
2005-09,24027010,159.56
2005-10,24027010,318.3
2005-11,24027010,253.79
2005-12,24027010,105.43
2006-01,24027010,98.43
2006-02,24027010,61.59
2006-03,24027010,214.47
2006-04,24027010,256.49
2006-05,24027010,269.8
2006-06,24027010,247.22
2006-07,24027010,173.61
2006-08,24027010,174.29
2006-09,24027010,175.22
2006-10,24027010,298.46
2006-11,24027010,224.94
2006-12,24027010,118.83
2007-01,24027010,66.1
2007-02,24027010,37.75
2007-03,24027010,222.87
2007-04,24027010,237.54
2007-05,24027010,262.49
2007-06,24027010,177.47
2007-07,24027010,180.74
2007-08,24027010,217.35
2007-09,24027010,182.22
2007-10,24027010,327.35
2007-11,24027010,158.84
2007-12,24027010,134.18
2008-01,24027010,90.81
2008-02,24027010,108.83
2008-03,24027010,134.09
2008-04,24027010,203.86
2008-05,24027010,324.56
2008-06,24027010,234.37
2008-07,24027010,196.59
2008-08,24027010,238.37
2008-09,24027010,201.71
2008-10,24027010,270.52
2008-11,24027010,260.3
2008-12,24027010,77.73
2009-01,24027010,110.16
2009-02,24027010,117.43
2009-03,24027010,239.53
2009-04,24027010,197.14
2009-05,24027010,202.72
2009-06,24027010,208.18
2009-07,24027010,161.26
2009-08,24027010,193.54
2009-09,24027010,121.16
2009-10,24027010,211.03
2009-11,24027010,174.76
2009-12,24027010,82.64
2010-01,24027010,31.1
2010-02,24027010,75.28
2010-03,24027010,138.2
2010-04,24027010,246.35
2010-05,24027010,312.81
2010-06,24027010,229.12
2010-07,24027010,300.34
2010-08,24027010,239.69
2010-09,24027010,267.97
2010-10,24027010,264.71
2010-11,24027010,278.51
2010-12,24027010,171.01
2011-01,24027010,66.72
2011-02,24027010,131.99
2011-03,24027010,207.12
2011-04,24027010,375.08
2011-05,24027010,313.45
2011-06,24027010,188.9
2011-07,24027010,163.52
2011-08,24027010,183.85
2011-09,24027010,171.55
2011-10,24027010,260.78
2011-11,24027010,283.33
2011-12,24027010,163.65
2012-01,24027010,73.6
2012-02,24027010,60.43
2012-03,24027010,236.37
2012-04,24027010,320.78
2012-05,24027010,213.61
2012-06,24027010,147.61
2012-07,24027010,186.76
2012-08,24027010,189.14
2012-09,24027010,164.06
2012-10,24027010,250.1
2012-11,24027010,114.44
2012-12,24027010,90.21
2013-01,24027010,48.45
2013-02,24027010,176.73
2013-03,24027010,188.24
2013-04,24027010,288.32
2013-05,24027010,286.17
2013-06,24027010,179.75
2013-07,24027010,102.82
2013-08,24027010,209.06
2013-09,24027010,186.28
2013-10,24027010,170.59
2013-11,24027010,210.7
2013-12,24027010,124.68
2014-01,24027010,65.51
2014-02,24027010,191.49
2014-03,24027010,148.23
2014-04,24027010,156.24
2014-05,24027010,178.99
2014-06,24027010,157.44
2014-07,24027010,168.13
2014-08,24027010,155.53
2014-09,24027010,187.57
2014-10,24027010,266.3
2014-11,24027010,230.44
2014-12,24027010,109.76
2015-01,24027010,115.48
2015-02,24027010,132.53
2015-03,24027010,179.35
2015-04,24027010,260.64
2015-05,24027010,147.89
2015-06,24027010,109.11
2015-07,24027010,146.9
2015-08,24027010,116.03
2015-09,24027010,168.85
2015-10,24027010,182.6
2015-11,24027010,217.44
2015-12,24027010,59.74
2016-01,24027010,56.69
2016-02,24027010,77.52
2016-03,24027010,141.37
2016-04,24027010,269.37
2016-05,24027010,262.39
2016-06,24027010,128.22
2016-07,24027010,166.89
2016-08,24027010,149.86
2016-09,24027010,145.54
2016-10,24027010,215.24
2016-11,24027010,179.37
2016-12,24027010,153.08
2017-01,24027010,73.79
2017-02,24027010,95.28
2017-03,24027010,251.78
2017-04,24027010,265.91
2017-05,24027010,264.5
2017-06,24027010,206.46
2017-07,24027010,137.42
2017-08,24027010,245.91
2017-09,24027010,195.01
2017-10,24027010,236.22
2017-11,24027010,200.58
2017-12,24027010,119.07
2018-01,24027010,113.33
2018-02,24027010,77.79
2018-03,24027010,256.62
2018-04,24027010,259.19
2018-05,24027010,310.2
2018-06,24027010,126.92
2018-07,24027010,190.8
2018-08,24027010,114.97
2018-09,24027010,194.75
2018-10,24027010,320.82
2018-11,24027010,203.37
2018-12,24027010,54.21
2019-01,24027010,65.36
2019-02,24027010,130.41
2019-03,24027010,246.51
2019-04,24027010,260.66
2019-05,24027010,269.29
2019-06,24027010,150.5
2019-07,24027010,128.07
2019-08,24027010,142.18
2019-09,24027010,161.14
2019-10,24027010,259.77
2019-11,24027010,231.31
2019-12,24027010,134.73
2020-01,24027010,85.99
2020-02,24027010,95.76
2020-03,24027010,219.59
2020-04,24027010,166.01
2020-05,24027010,212.78
2020-06,24027010,184.52
2020-07,24027010,178.6
2020-08,24027010,150.12
2020-09,24027010,162.79
2020-10,24027010,217.65
2020-11,24027010,253.83
2020-12,24027010,128.63
2021-01,24027010,36.76
2021-02,24027010,146.18
2021-03,24027010,200.07
2021-04,24027010,204.96
2021-05,24027010,278.68
2021-06,24027010,219.96
2021-07,24027010,182.71
2021-08,24027010,213.17
2021-09,24027010,197.38
2021-10,24027010,271.82
2021-11,24027010,185.74
2021-12,24027010,127.32
2022-01,24027010,81.59
2022-02,24027010,198.4
2022-03,24027010,202.44
2022-04,24027010,291.54
2022-05,24027010,354.74
2022-06,24027010,282.77
2022-07,24027010,184.7
2022-08,24027010,206.29
2022-09,24027010,252.3
2022-10,24027010,275.17
2022-11,24027010,249.65
2022-12,24027010,111.06
1998-01,24027070,48.27
1998-02,24027070,117.73
1998-03,24027070,157.02
1998-04,24027070,266.91
1998-05,24027070,289.01
1998-06,24027070,199.65
1998-07,24027070,233.33
1998-08,24027070,207.47
1998-09,24027070,208.57
1998-10,24027070,293.62
1998-11,24027070,185.39
1998-12,24027070,137.34
1999-01,24027070,113.47
1999-02,24027070,221.9
1999-03,24027070,141.39
1999-04,24027070,249.37
1999-05,24027070,205.33
1999-06,24027070,224.2
1999-07,24027070,173.86
1999-08,24027070,180.31
1999-09,24027070,280.63
1999-10,24027070,297.44
1999-11,24027070,250.17
1999-12,24027070,142.84
2000-01,24027070,77.86
2000-02,24027070,155.48
2000-03,24027070,158.44
2000-04,24027070,206.6
2000-05,24027070,267.77
2000-06,24027070,248.77
2000-07,24027070,212.11
2000-08,24027070,220.19
2000-09,24027070,299.33
2000-10,24027070,277.66
2000-11,24027070,202.54
2000-12,24027070,100.7
2001-01,24027070,50.61
2001-02,24027070,51.54
2001-03,24027070,149.9
2001-04,24027070,162.12
2001-05,24027070,269.4
2001-06,24027070,199.96
2001-07,24027070,234.32
2001-08,24027070,168.22
2001-09,24027070,228.83
2001-10,24027070,284.07
2001-11,24027070,183.31
2001-12,24027070,148.75
2002-01,24027070,37.34
2002-02,24027070,55.6
2002-03,24027070,206.57
2002-04,24027070,243.85
2002-05,24027070,217.53
2002-06,24027070,195.62
2002-07,24027070,149.37
2002-08,24027070,166.15
2002-09,24027070,191.45
2002-10,24027070,172.91
2002-11,24027070,148.66
2002-12,24027070,108.08
2003-01,24027070,14.59
2003-02,24027070,87.76
2003-03,24027070,166.49
2003-04,24027070,257.53
2003-05,24027070,219.7
2003-06,24027070,227.61
2003-07,24027070,166.57
2003-08,24027070,162.21
2003-09,24027070,225.98
2003-10,24027070,261.81
2003-11,24027070,203.15
2003-12,24027070,130.61
2004-01,24027070,55.46
2004-02,24027070,73.21
2004-03,24027070,129.61
2004-04,24027070,237.3
2004-05,24027070,323.4
2004-06,24027070,170.0
2004-07,24027070,180.16
2004-08,24027070,152.74
2004-09,24027070,255.32
2004-10,24027070,271.61
2004-11,24027070,204.35
2004-12,24027070,80.55
2005-01,24027070,120.09
2005-02,24027070,134.97
2005-03,24027070,94.45
2005-04,24027070,271.6
2005-05,24027070,281.73
2005-06,24027070,207.37
2005-07,24027070,149.16
2005-08,24027070,175.66
2005-09,24027070,159.48
2005-10,24027070,314.83
2005-11,24027070,246.33
2005-12,24027070,102.93
2006-01,24027070,98.6
2006-02,24027070,59.45
2006-03,24027070,215.05
2006-04,24027070,253.83
2006-05,24027070,272.16
2006-06,24027070,248.53
2006-07,24027070,173.97
2006-08,24027070,174.78
2006-09,24027070,171.63
2006-10,24027070,293.09
2006-11,24027070,224.8
2006-12,24027070,116.4
2007-01,24027070,63.65
2007-02,24027070,37.28
2007-03,24027070,219.42
2007-04,24027070,236.99
2007-05,24027070,264.85
2007-06,24027070,178.52
2007-07,24027070,178.0
2007-08,24027070,214.1
2007-09,24027070,181.18
2007-10,24027070,325.32
2007-11,24027070,156.0
2007-12,24027070,132.71
2008-01,24027070,88.72
2008-02,24027070,103.93
2008-03,24027070,132.4
2008-04,24027070,201.4
2008-05,24027070,323.04
2008-06,24027070,238.45
2008-07,24027070,199.32
2008-08,24027070,236.03
2008-09,24027070,199.45
2008-10,24027070,263.97
2008-11,24027070,258.25
2008-12,24027070,77.25
2009-01,24027070,109.64
2009-02,24027070,113.49
2009-03,24027070,233.37
2009-04,24027070,192.44
2009-05,24027070,201.07
2009-06,24027070,213.48
2009-07,24027070,159.5
2009-08,24027070,195.03
2009-09,24027070,119.36
2009-10,24027070,208.72
2009-11,24027070,171.91
2009-12,24027070,80.58
2010-01,24027070,30.86
2010-02,24027070,74.47
2010-03,24027070,141.0
2010-04,24027070,247.84
2010-05,24027070,312.43
2010-06,24027070,227.63
2010-07,24027070,302.62
2010-08,24027070,233.66
2010-09,24027070,258.95
2010-10,24027070,260.01
2010-11,24027070,274.93
2010-12,24027070,168.97
2011-01,24027070,66.42
2011-02,24027070,133.26
2011-03,24027070,202.84
2011-04,24027070,374.78
2011-05,24027070,316.53
2011-06,24027070,188.78
2011-07,24027070,164.9
2011-08,24027070,181.99
2011-09,24027070,174.36
2011-10,24027070,259.44
2011-11,24027070,282.9
2011-12,24027070,162.18
2012-01,24027070,75.16
2012-02,24027070,60.25
2012-03,24027070,232.36
2012-04,24027070,321.9
2012-05,24027070,212.41
2012-06,24027070,151.51
2012-07,24027070,191.04
2012-08,24027070,187.86
2012-09,24027070,159.35
2012-10,24027070,247.66
2012-11,24027070,110.19
2012-12,24027070,92.28
2013-01,24027070,50.14
2013-02,24027070,178.88
2013-03,24027070,180.06
2013-04,24027070,285.16
2013-05,24027070,271.13
2013-06,24027070,178.48
2013-07,24027070,100.29
2013-08,24027070,204.13
2013-09,24027070,180.65
2013-10,24027070,166.3
2013-11,24027070,205.55
2013-12,24027070,122.5
2014-01,24027070,71.6
2014-02,24027070,191.38
2014-03,24027070,158.1
2014-04,24027070,150.48
2014-05,24027070,176.0
2014-06,24027070,158.02
2014-07,24027070,159.17
2014-08,24027070,149.74
2014-09,24027070,176.65
2014-10,24027070,257.86
2014-11,24027070,228.53
2014-12,24027070,114.68
2015-01,24027070,117.76
2015-02,24027070,129.73
2015-03,24027070,183.45
2015-04,24027070,251.4
2015-05,24027070,138.93
2015-06,24027070,107.01
2015-07,24027070,144.47
2015-08,24027070,109.42
2015-09,24027070,165.31
2015-10,24027070,180.08
2015-11,24027070,218.05
2015-12,24027070,56.56
2016-01,24027070,58.24
2016-02,24027070,77.79
2016-03,24027070,155.67
2016-04,24027070,275.56
2016-05,24027070,252.87
2016-06,24027070,125.9
2016-07,24027070,159.32
2016-08,24027070,147.35
2016-09,24027070,144.36
2016-10,24027070,211.33
2016-11,24027070,184.71
2016-12,24027070,156.74
2017-01,24027070,74.21
2017-02,24027070,100.39
2017-03,24027070,241.85
2017-04,24027070,250.95
2017-05,24027070,259.95
2017-06,24027070,205.94
2017-07,24027070,127.2
2017-08,24027070,232.85
2017-09,24027070,186.24
2017-10,24027070,233.19
2017-11,24027070,203.36
2017-12,24027070,123.36
2018-01,24027070,111.63
2018-02,24027070,81.82
2018-03,24027070,248.04
2018-04,24027070,249.03
2018-05,24027070,302.24
2018-06,24027070,116.5
2018-07,24027070,176.92
2018-08,24027070,106.73
2018-09,24027070,180.92
2018-10,24027070,329.96
2018-11,24027070,205.97
2018-12,24027070,49.78
2019-01,24027070,66.04
2019-02,24027070,132.55
2019-03,24027070,255.75
2019-04,24027070,264.83
2019-05,24027070,261.88
2019-06,24027070,142.36
2019-07,24027070,119.37
2019-08,24027070,125.14
2019-09,24027070,153.49
2019-10,24027070,256.92
2019-11,24027070,235.47
2019-12,24027070,131.92
2020-01,24027070,86.39
2020-02,24027070,101.4
2020-03,24027070,219.49
2020-04,24027070,165.77
2020-05,24027070,209.57
2020-06,24027070,184.21
2020-07,24027070,166.31
2020-08,24027070,144.52
2020-09,24027070,160.42
2020-10,24027070,207.62
2020-11,24027070,255.61
2020-12,24027070,139.79
2021-01,24027070,35.13
2021-02,24027070,146.07
2021-03,24027070,201.22
2021-04,24027070,206.57
2021-05,24027070,267.61
2021-06,24027070,219.92
2021-07,24027070,176.19
2021-08,24027070,206.06
2021-09,24027070,189.95
2021-10,24027070,267.54
2021-11,24027070,185.23
2021-12,24027070,124.3
2022-01,24027070,84.94
2022-02,24027070,206.26
2022-03,24027070,203.69
2022-04,24027070,292.04
2022-05,24027070,363.84
2022-06,24027070,280.26
2022-07,24027070,182.08
2022-08,24027070,196.05
2022-09,24027070,247.01
2022-10,24027070,273.35
2022-11,24027070,249.5
2022-12,24027070,118.7
1998-01,24027030,45.19
1998-02,24027030,110.84
1998-03,24027030,151.91
1998-04,24027030,263.73
1998-05,24027030,291.15
1998-06,24027030,201.54
1998-07,24027030,237.47
1998-08,24027030,204.86
1998-09,24027030,203.19
1998-10,24027030,279.06
1998-11,24027030,180.56
1998-12,24027030,134.26
1999-01,24027030,109.87
1999-02,24027030,216.16
1999-03,24027030,137.22
1999-04,24027030,245.48
1999-05,24027030,201.64
1999-06,24027030,224.55
1999-07,24027030,170.32
1999-08,24027030,174.57
1999-09,24027030,275.46
1999-10,24027030,289.24
1999-11,24027030,237.34
1999-12,24027030,137.27
2000-01,24027030,75.17
2000-02,24027030,145.37
2000-03,24027030,158.17
2000-04,24027030,199.22
2000-05,24027030,268.29
2000-06,24027030,240.87
2000-07,24027030,210.27
2000-08,24027030,220.6
2000-09,24027030,290.38
2000-10,24027030,267.72
2000-11,24027030,193.3
2000-12,24027030,96.34
2001-01,24027030,47.71
2001-02,24027030,50.03
2001-03,24027030,146.55
2001-04,24027030,154.03
2001-05,24027030,263.84
2001-06,24027030,198.0
2001-07,24027030,225.15
2001-08,24027030,164.55
2001-09,24027030,227.41
2001-10,24027030,268.91
2001-11,24027030,179.47
2001-12,24027030,146.78
2002-01,24027030,34.4
2002-02,24027030,53.95
2002-03,24027030,202.47
2002-04,24027030,238.19
2002-05,24027030,214.47
2002-06,24027030,195.96
2002-07,24027030,149.91
2002-08,24027030,172.45
2002-09,24027030,189.62
2002-10,24027030,167.81
2002-11,24027030,145.81
2002-12,24027030,106.24
2003-01,24027030,15.07
2003-02,24027030,80.95
2003-03,24027030,160.78
2003-04,24027030,253.99
2003-05,24027030,220.98
2003-06,24027030,230.57
2003-07,24027030,167.23
2003-08,24027030,165.02
2003-09,24027030,222.48
2003-10,24027030,256.13
2003-11,24027030,203.47
2003-12,24027030,124.02
2004-01,24027030,52.27
2004-02,24027030,72.81
2004-03,24027030,125.21
2004-04,24027030,238.01
2004-05,24027030,323.95
2004-06,24027030,173.95
2004-07,24027030,182.44
2004-08,24027030,156.08
2004-09,24027030,245.38
2004-10,24027030,265.87
2004-11,24027030,198.91
2004-12,24027030,79.44
2005-01,24027030,111.18
2005-02,24027030,131.29
2005-03,24027030,92.34
2005-04,24027030,270.47
2005-05,24027030,277.4
2005-06,24027030,205.81
2005-07,24027030,144.35
2005-08,24027030,178.93
2005-09,24027030,160.34
2005-10,24027030,306.76
2005-11,24027030,233.95
2005-12,24027030,99.11
2006-01,24027030,99.92
2006-02,24027030,55.93
2006-03,24027030,213.84
2006-04,24027030,248.23
2006-05,24027030,272.98
2006-06,24027030,249.31
2006-07,24027030,173.47
2006-08,24027030,173.81
2006-09,24027030,165.38
2006-10,24027030,283.28
2006-11,24027030,224.77
2006-12,24027030,112.14
2007-01,24027030,58.52
2007-02,24027030,36.78
2007-03,24027030,210.08
2007-04,24027030,233.91
2007-05,24027030,266.47
2007-06,24027030,177.67
2007-07,24027030,172.92
2007-08,24027030,209.52
2007-09,24027030,177.74
2007-10,24027030,319.17
2007-11,24027030,150.09
2007-12,24027030,128.86
2008-01,24027030,82.38
2008-02,24027030,94.11
2008-03,24027030,128.48
2008-04,24027030,194.38
2008-05,24027030,319.81
2008-06,24027030,242.63
2008-07,24027030,202.68
2008-08,24027030,230.3
2008-09,24027030,193.76
2008-10,24027030,252.25
2008-11,24027030,254.73
2008-12,24027030,75.84
2009-01,24027030,108.76
2009-02,24027030,104.57
2009-03,24027030,219.23
2009-04,24027030,183.51
2009-05,24027030,197.13
2009-06,24027030,219.71
2009-07,24027030,155.29
2009-08,24027030,195.88
2009-09,24027030,116.01
2009-10,24027030,204.92
2009-11,24027030,165.01
2009-12,24027030,76.38
2010-01,24027030,27.27
2010-02,24027030,72.31
2010-03,24027030,143.84
2010-04,24027030,249.39
2010-05,24027030,310.06
2010-06,24027030,223.06
2010-07,24027030,304.54
2010-08,24027030,221.78
2010-09,24027030,242.3
2010-10,24027030,251.36
2010-11,24027030,267.73
2010-12,24027030,165.87
2011-01,24027030,65.04
2011-02,24027030,132.52
2011-03,24027030,196.02
2011-04,24027030,374.51
2011-05,24027030,319.22
2011-06,24027030,188.43
2011-07,24027030,167.78
2011-08,24027030,177.84
2011-09,24027030,176.43
2011-10,24027030,257.67
2011-11,24027030,279.67
2011-12,24027030,158.36
2012-01,24027030,75.32
2012-02,24027030,60.54
2012-03,24027030,224.95
2012-04,24027030,321.45
2012-05,24027030,206.93
2012-06,24027030,158.09
2012-07,24027030,196.46
2012-08,24027030,183.7
2012-09,24027030,149.44
2012-10,24027030,234.08
2012-11,24027030,97.22
2012-12,24027030,91.54
2013-01,24027030,49.15
2013-02,24027030,171.52
2013-03,24027030,156.53
2013-04,24027030,262.35
2013-05,24027030,242.53
2013-06,24027030,175.47
2013-07,24027030,93.93
2013-08,24027030,194.18
2013-09,24027030,166.57
2013-10,24027030,151.53
2013-11,24027030,189.68
2013-12,24027030,116.07
2014-01,24027030,77.67
2014-02,24027030,178.18
2014-03,24027030,163.46
2014-04,24027030,143.3
2014-05,24027030,169.51
2014-06,24027030,150.04
2014-07,24027030,143.96
2014-08,24027030,135.25
2014-09,24027030,153.91
2014-10,24027030,238.97
2014-11,24027030,208.97
2014-12,24027030,119.56
2015-01,24027030,118.98
2015-02,24027030,121.61
2015-03,24027030,182.04
2015-04,24027030,229.59
2015-05,24027030,124.84
2015-06,24027030,105.49
2015-07,24027030,138.55
2015-08,24027030,95.14
2015-09,24027030,151.95
2015-10,24027030,154.94
2015-11,24027030,219.53
2015-12,24027030,50.73
2016-01,24027030,57.52
2016-02,24027030,68.16
2016-03,24027030,161.75
2016-04,24027030,278.09
2016-05,24027030,228.12
2016-06,24027030,123.55
2016-07,24027030,152.87
2016-08,24027030,139.33
2016-09,24027030,134.42
2016-10,24027030,201.25
2016-11,24027030,183.23
2016-12,24027030,155.1
2017-01,24027030,74.06
2017-02,24027030,97.6
2017-03,24027030,229.33
2017-04,24027030,220.37
2017-05,24027030,252.98
2017-06,24027030,202.52
2017-07,24027030,111.86
2017-08,24027030,208.39
2017-09,24027030,170.55
2017-10,24027030,223.95
2017-11,24027030,200.59
2017-12,24027030,122.28
2018-01,24027030,103.69
2018-02,24027030,65.22
2018-03,24027030,214.32
2018-04,24027030,225.68
2018-05,24027030,289.47
2018-06,24027030,107.29
2018-07,24027030,159.15
2018-08,24027030,92.95
2018-09,24027030,161.56
2018-10,24027030,336.42
2018-11,24027030,191.9
2018-12,24027030,42.73
2019-01,24027030,59.55
2019-02,24027030,117.04
2019-03,24027030,241.46
2019-04,24027030,254.17
2019-05,24027030,245.29
2019-06,24027030,133.47
2019-07,24027030,110.79
2019-08,24027030,106.17
2019-09,24027030,138.41
2019-10,24027030,246.55
2019-11,24027030,220.11
2019-12,24027030,121.42
2020-01,24027030,81.59
2020-02,24027030,91.0
2020-03,24027030,195.99
2020-04,24027030,158.03
2020-05,24027030,198.69
2020-06,24027030,175.79
2020-07,24027030,154.5
2020-08,24027030,133.91
2020-09,24027030,156.7
2020-10,24027030,187.2
2020-11,24027030,243.83
2020-12,24027030,141.64
2021-01,24027030,34.23
2021-02,24027030,129.84
2021-03,24027030,190.99
2021-04,24027030,193.62
2021-05,24027030,251.79
2021-06,24027030,225.32
2021-07,24027030,170.55
2021-08,24027030,202.37
2021-09,24027030,176.96
2021-10,24027030,254.14
2021-11,24027030,176.43
2021-12,24027030,109.98
2022-01,24027030,81.57
2022-02,24027030,205.14
2022-03,24027030,187.66
2022-04,24027030,288.97
2022-05,24027030,350.75
2022-06,24027030,252.75
2022-07,24027030,180.73
2022-08,24027030,173.14
2022-09,24027030,230.85
2022-10,24027030,257.24
2022-11,24027030,247.03
2022-12,24027030,112.98
1998-01,24027050,47.15
1998-02,24027050,115.51
1998-03,24027050,158.37
1998-04,24027050,268.03
1998-05,24027050,290.18
1998-06,24027050,205.39
1998-07,24027050,233.23
1998-08,24027050,207.68
1998-09,24027050,208.38
1998-10,24027050,292.67
1998-11,24027050,183.83
1998-12,24027050,135.36
1999-01,24027050,110.16
1999-02,24027050,218.26
1999-03,24027050,139.24
1999-04,24027050,249.13
1999-05,24027050,202.36
1999-06,24027050,223.0
1999-07,24027050,178.32
1999-08,24027050,180.32
1999-09,24027050,277.93
1999-10,24027050,294.68
1999-11,24027050,245.7
1999-12,24027050,136.36
2000-01,24027050,76.32
2000-02,24027050,152.56
2000-03,24027050,155.44
2000-04,24027050,205.71
2000-05,24027050,267.21
2000-06,24027050,249.06
2000-07,24027050,212.26
2000-08,24027050,218.06
2000-09,24027050,298.47
2000-10,24027050,281.29
2000-11,24027050,200.6
2000-12,24027050,100.11
2001-01,24027050,48.4
2001-02,24027050,50.15
2001-03,24027050,146.01
2001-04,24027050,161.81
2001-05,24027050,270.12
2001-06,24027050,203.88
2001-07,24027050,237.76
2001-08,24027050,173.28
2001-09,24027050,228.96
2001-10,24027050,289.33
2001-11,24027050,178.58
2001-12,24027050,145.37
2002-01,24027050,36.63
2002-02,24027050,51.85
2002-03,24027050,202.69
2002-04,24027050,242.35
2002-05,24027050,216.96
2002-06,24027050,196.25
2002-07,24027050,149.93
2002-08,24027050,161.78
2002-09,24027050,187.96
2002-10,24027050,168.49
2002-11,24027050,143.52
2002-12,24027050,107.76
2003-01,24027050,13.19
2003-02,24027050,87.56
2003-03,24027050,164.79
2003-04,24027050,255.99
2003-05,24027050,215.23
2003-06,24027050,225.79
2003-07,24027050,167.56
2003-08,24027050,158.65
2003-09,24027050,224.26
2003-10,24027050,259.98
2003-11,24027050,194.93
2003-12,24027050,128.9
2004-01,24027050,55.09
2004-02,24027050,71.49
2004-03,24027050,127.36
2004-04,24027050,233.83
2004-05,24027050,321.55
2004-06,24027050,174.78
2004-07,24027050,181.26
2004-08,24027050,154.48
2004-09,24027050,255.13
2004-10,24027050,268.34
2004-11,24027050,202.52
2004-12,24027050,78.55
2005-01,24027050,119.0
2005-02,24027050,130.07
2005-03,24027050,89.52
2005-04,24027050,269.13
2005-05,24027050,281.27
2005-06,24027050,209.53
2005-07,24027050,152.56
2005-08,24027050,175.24
2005-09,24027050,156.67
2005-10,24027050,310.73
2005-11,24027050,243.82
2005-12,24027050,97.48
2006-01,24027050,94.4
2006-02,24027050,56.29
2006-03,24027050,210.76
2006-04,24027050,250.42
2006-05,24027050,273.35
2006-06,24027050,248.35
2006-07,24027050,177.58
2006-08,24027050,176.84
2006-09,24027050,172.81
2006-10,24027050,291.38
2006-11,24027050,219.7
2006-12,24027050,113.02
2007-01,24027050,63.98
2007-02,24027050,35.94
2007-03,24027050,214.79
2007-04,24027050,230.05
2007-05,24027050,262.62
2007-06,24027050,179.87
2007-07,24027050,177.29
2007-08,24027050,215.95
2007-09,24027050,181.16
2007-10,24027050,320.48
2007-11,24027050,153.69
2007-12,24027050,127.98
2008-01,24027050,88.32
2008-02,24027050,104.29
2008-03,24027050,125.72
2008-04,24027050,201.78
2008-05,24027050,321.04
2008-06,24027050,238.8
2008-07,24027050,198.23
2008-08,24027050,233.82
2008-09,24027050,198.42
2008-10,24027050,262.1
2008-11,24027050,254.64
2008-12,24027050,73.28
2009-01,24027050,104.93
2009-02,24027050,111.15
2009-03,24027050,233.41
2009-04,24027050,191.0
2009-05,24027050,199.27
2009-06,24027050,209.9
2009-07,24027050,163.12
2009-08,24027050,191.68
2009-09,24027050,118.23
2009-10,24027050,203.6
2009-11,24027050,168.17
2009-12,24027050,77.67
2010-01,24027050,31.09
2010-02,24027050,72.07
2010-03,24027050,134.69
2010-04,24027050,247.17
2010-05,24027050,307.94
2010-06,24027050,228.9
2010-07,24027050,299.51
2010-08,24027050,229.73
2010-09,24027050,260.6
2010-10,24027050,260.4
2010-11,24027050,268.51
2010-12,24027050,161.5
2011-01,24027050,63.4
2011-02,24027050,131.98
2011-03,24027050,197.22
2011-04,24027050,366.84
2011-05,24027050,317.4
2011-06,24027050,184.78
2011-07,24027050,161.52
2011-08,24027050,181.28
2011-09,24027050,173.8
2011-10,24027050,255.52
2011-11,24027050,276.85
2011-12,24027050,154.81
2012-01,24027050,69.25
2012-02,24027050,55.08
2012-03,24027050,232.03
2012-04,24027050,319.6
2012-05,24027050,212.27
2012-06,24027050,148.77
2012-07,24027050,191.97
2012-08,24027050,192.84
2012-09,24027050,160.39
2012-10,24027050,239.21
2012-11,24027050,104.03
2012-12,24027050,86.97
2013-01,24027050,50.62
2013-02,24027050,174.72
2013-03,24027050,178.3
2013-04,24027050,284.94
2013-05,24027050,268.69
2013-06,24027050,172.68
2013-07,24027050,99.34
2013-08,24027050,195.83
2013-09,24027050,173.32
2013-10,24027050,160.13
2013-11,24027050,201.63
2013-12,24027050,120.2
2014-01,24027050,69.39
2014-02,24027050,192.01
2014-03,24027050,146.12
2014-04,24027050,144.38
2014-05,24027050,166.82
2014-06,24027050,157.51
2014-07,24027050,153.79
2014-08,24027050,145.65
2014-09,24027050,171.97
2014-10,24027050,253.74
2014-11,24027050,222.81
2014-12,24027050,107.78
2015-01,24027050,109.55
2015-02,24027050,127.37
2015-03,24027050,174.32
2015-04,24027050,249.58
2015-05,24027050,134.82
2015-06,24027050,107.89
2015-07,24027050,142.14
2015-08,24027050,105.86
2015-09,24027050,156.47
2015-10,24027050,179.36
2015-11,24027050,207.83
2015-12,24027050,56.14
2016-01,24027050,59.42
2016-02,24027050,77.83
2016-03,24027050,147.86
2016-04,24027050,271.44
2016-05,24027050,250.0
2016-06,24027050,120.63
2016-07,24027050,155.13
2016-08,24027050,143.36
2016-09,24027050,141.76
2016-10,24027050,205.85
2016-11,24027050,182.67
2016-12,24027050,145.12
2017-01,24027050,68.88
2017-02,24027050,93.75
2017-03,24027050,231.63
2017-04,24027050,251.08
2017-05,24027050,249.24
2017-06,24027050,198.35
2017-07,24027050,123.95
2017-08,24027050,224.24
2017-09,24027050,180.14
2017-10,24027050,235.55
2017-11,24027050,194.15
2017-12,24027050,121.97
2018-01,24027050,105.09
2018-02,24027050,88.92
2018-03,24027050,252.87
2018-04,24027050,242.66
2018-05,24027050,290.31
2018-06,24027050,117.75
2018-07,24027050,173.54
2018-08,24027050,99.77
2018-09,24027050,177.92
2018-10,24027050,312.71
2018-11,24027050,201.1
2018-12,24027050,51.87
2019-01,24027050,68.86
2019-02,24027050,139.81
2019-03,24027050,262.33
2019-04,24027050,257.55
2019-05,24027050,258.52
2019-06,24027050,138.6
2019-07,24027050,113.07
2019-08,24027050,117.86
2019-09,24027050,149.03
2019-10,24027050,246.23
2019-11,24027050,228.73
2019-12,24027050,124.35
2020-01,24027050,82.09
2020-02,24027050,96.5
2020-03,24027050,232.52
2020-04,24027050,159.49
2020-05,24027050,195.01
2020-06,24027050,172.54
2020-07,24027050,158.84
2020-08,24027050,139.11
2020-09,24027050,153.18
2020-10,24027050,200.23
2020-11,24027050,255.43
2020-12,24027050,123.54
2021-01,24027050,31.61
2021-02,24027050,156.51
2021-03,24027050,196.45
2021-04,24027050,196.94
2021-05,24027050,263.34
2021-06,24027050,210.21
2021-07,24027050,160.54
2021-08,24027050,194.38
2021-09,24027050,177.49
2021-10,24027050,248.2
2021-11,24027050,178.13
2021-12,24027050,114.62
2022-01,24027050,85.11
2022-02,24027050,196.18
2022-03,24027050,194.15
2022-04,24027050,281.92
2022-05,24027050,356.85
2022-06,24027050,274.59
2022-07,24027050,166.38
2022-08,24027050,186.98
2022-09,24027050,226.99
2022-10,24027050,266.91
2022-11,24027050,229.35
2022-12,24027050,115.03
1998-01,24027040,52.27
1998-02,24027040,126.09
1998-03,24027040,160.55
1998-04,24027040,266.81
1998-05,24027040,280.04
1998-06,24027040,196.46
1998-07,24027040,218.37
1998-08,24027040,206.78
1998-09,24027040,215.7
1998-10,24027040,315.79
1998-11,24027040,196.7
1998-12,24027040,145.97
1999-01,24027040,117.58
1999-02,24027040,228.11
1999-03,24027040,147.46
1999-04,24027040,252.8
1999-05,24027040,203.6
1999-06,24027040,216.6
1999-07,24027040,175.68
1999-08,24027040,186.23
1999-09,24027040,284.27
1999-10,24027040,309.0
1999-11,24027040,266.05
1999-12,24027040,150.76
2000-01,24027040,81.36
2000-02,24027040,171.6
2000-03,24027040,151.11
2000-04,24027040,215.22
2000-05,24027040,257.46
2000-06,24027040,257.17
2000-07,24027040,208.9
2000-08,24027040,206.0
2000-09,24027040,310.91
2000-10,24027040,293.37
2000-11,24027040,214.45
2000-12,24027040,108.84
2001-01,24027040,53.83
2001-02,24027040,52.75
2001-03,24027040,150.45
2001-04,24027040,172.54
2001-05,24027040,272.32
2001-06,24027040,200.82
2001-07,24027040,246.6
2001-08,24027040,175.42
2001-09,24027040,228.09
2001-10,24027040,312.21
2001-11,24027040,183.89
2001-12,24027040,144.18
2002-01,24027040,43.53
2002-02,24027040,55.44
2002-03,24027040,206.73
2002-04,24027040,251.58
2002-05,24027040,223.82
2002-06,24027040,192.15
2002-07,24027040,142.01
2002-08,24027040,140.32
2002-09,24027040,186.5
2002-10,24027040,181.8
2002-11,24027040,144.52
2002-12,24027040,103.35
2003-01,24027040,14.73
2003-02,24027040,97.9
2003-03,24027040,169.89
2003-04,24027040,260.95
2003-05,24027040,201.9
2003-06,24027040,210.85
2003-07,24027040,163.49
2003-08,24027040,151.95
2003-09,24027040,224.01
2003-10,24027040,268.1
2003-11,24027040,196.34
2003-12,24027040,141.79
2004-01,24027040,62.79
2004-02,24027040,70.28
2004-03,24027040,131.68
2004-04,24027040,228.8
2004-05,24027040,310.7
2004-06,24027040,160.29
2004-07,24027040,170.77
2004-08,24027040,141.1
2004-09,24027040,270.59
2004-10,24027040,278.83
2004-11,24027040,213.29
2004-12,24027040,79.8
2005-01,24027040,136.98
2005-02,24027040,134.07
2005-03,24027040,92.74
2005-04,24027040,257.51
2005-05,24027040,282.39
2005-06,24027040,205.2
2005-07,24027040,159.84
2005-08,24027040,161.78
2005-09,24027040,155.67
2005-10,24027040,319.88
2005-11,24027040,270.23
2005-12,24027040,105.58
2006-01,24027040,94.85
2006-02,24027040,62.97
2006-03,24027040,205.04
2006-04,24027040,257.88
2006-05,24027040,261.65
2006-06,24027040,239.88
2006-07,24027040,173.82
2006-08,24027040,171.26
2006-09,24027040,184.63
2006-10,24027040,307.96
2006-11,24027040,218.7
2006-12,24027040,122.07
2007-01,24027040,71.69
2007-02,24027040,37.98
2007-03,24027040,222.06
2007-04,24027040,226.23
2007-05,24027040,250.21
2007-06,24027040,174.71
2007-07,24027040,183.46
2007-08,24027040,227.23
2007-09,24027040,181.67
2007-10,24027040,322.28
2007-11,24027040,163.04
2007-12,24027040,133.33
2008-01,24027040,93.78
2008-02,24027040,118.07
2008-03,24027040,129.05
2008-04,24027040,207.16
2008-05,24027040,324.04
2008-06,24027040,218.78
2008-07,24027040,184.14
2008-08,24027040,239.5
2008-09,24027040,202.58
2008-10,24027040,282.32
2008-11,24027040,262.16
2008-12,24027040,74.64
2009-01,24027040,106.69
2009-02,24027040,121.42
2009-03,24027040,247.67
2009-04,24027040,205.55
2009-05,24027040,204.69
2009-06,24027040,183.41
2009-07,24027040,166.52
2009-08,24027040,181.32
2009-09,24027040,124.18
2009-10,24027040,212.13
2009-11,24027040,174.98
2009-12,24027040,84.41
2010-01,24027040,28.76
2010-02,24027040,73.19
2010-03,24027040,122.41
2010-04,24027040,240.74
2010-05,24027040,306.89
2010-06,24027040,229.28
2010-07,24027040,287.93
2010-08,24027040,246.74
2010-09,24027040,289.56
2010-10,24027040,275.84
2010-11,24027040,278.84
2010-12,24027040,169.38
2011-01,24027040,64.66
2011-02,24027040,126.85
2011-03,24027040,212.58
2011-04,24027040,367.76
2011-05,24027040,302.93
2011-06,24027040,183.43
2011-07,24027040,154.49
2011-08,24027040,184.95
2011-09,24027040,159.17
2011-10,24027040,260.09
2011-11,24027040,274.45
2011-12,24027040,160.06
2012-01,24027040,62.88
2012-02,24027040,56.96
2012-03,24027040,245.63
2012-04,24027040,312.86
2012-05,24027040,213.22
2012-06,24027040,132.47
2012-07,24027040,172.56
2012-08,24027040,194.85
2012-09,24027040,176.18
2012-10,24027040,253.4
2012-11,24027040,109.18
2012-12,24027040,76.3
2013-01,24027040,42.43
2013-02,24027040,155.72
2013-03,24027040,201.62
2013-04,24027040,277.79
2013-05,24027040,318.2
2013-06,24027040,178.86
2013-07,24027040,102.8
2013-08,24027040,210.86
2013-09,24027040,190.86
2013-10,24027040,173.22
2013-11,24027040,211.78
2013-12,24027040,120.92
2014-01,24027040,45.2
2014-02,24027040,189.15
2014-03,24027040,107.29
2014-04,24027040,167.09
2014-05,24027040,178.62
2014-06,24027040,156.24
2014-07,24027040,176.52
2014-08,24027040,158.03
2014-09,24027040,206.37
2014-10,24027040,276.12
2014-11,24027040,216.64
2014-12,24027040,81.83
2015-01,24027040,97.44
2015-02,24027040,144.59
2015-03,24027040,150.13
2015-04,24027040,273.73
2015-05,24027040,167.53
2015-06,24027040,116.6
2015-07,24027040,150.37
2015-08,24027040,129.44
2015-09,24027040,169.55
2015-10,24027040,171.88
2015-11,24027040,200.0
2015-12,24027040,65.88
2016-01,24027040,45.14
2016-02,24027040,68.83
2016-03,24027040,84.27
2016-04,24027040,237.85
2016-05,24027040,267.65
2016-06,24027040,131.46
2016-07,24027040,183.39
2016-08,24027040,150.16
2016-09,24027040,140.92
2016-10,24027040,217.54
2016-11,24027040,158.76
2016-12,24027040,127.2
2017-01,24027040,67.72
2017-02,24027040,75.06
2017-03,24027040,269.3
2017-04,24027040,308.27
2017-05,24027040,255.52
2017-06,24027040,200.44
2017-07,24027040,156.56
2017-08,24027040,264.74
2017-09,24027040,201.8
2017-10,24027040,237.49
2017-11,24027040,190.27
2017-12,24027040,96.18
2018-01,24027040,108.43
2018-02,24027040,63.63
2018-03,24027040,264.12
2018-04,24027040,274.15
2018-05,24027040,325.92
2018-06,24027040,157.6
2018-07,24027040,218.16
2018-08,24027040,131.75
2018-09,24027040,230.81
2018-10,24027040,276.61
2018-11,24027040,184.11
2018-12,24027040,67.95
2019-01,24027040,63.74
2019-02,24027040,113.85
2019-03,24027040,195.46
2019-04,24027040,241.33
2019-05,24027040,273.83
2019-06,24027040,166.35
2019-07,24027040,147.58
2019-08,24027040,188.4
2019-09,24027040,170.99
2019-10,24027040,250.49
2019-11,24027040,194.76
2019-12,24027040,127.94
2020-01,24027040,78.99
2020-02,24027040,64.07
2020-03,24027040,217.71
2020-04,24027040,161.35
2020-05,24027040,207.56
2020-06,24027040,177.42
2020-07,24027040,205.63
2020-08,24027040,154.0
2020-09,24027040,157.63
2020-10,24027040,242.67
2020-11,24027040,243.25
2020-12,24027040,82.7
2021-01,24027040,38.28
2021-02,24027040,130.0
2021-03,24027040,201.48
2021-04,24027040,187.2
2021-05,24027040,308.26
2021-06,24027040,219.22
2021-07,24027040,200.26
2021-08,24027040,226.25
2021-09,24027040,205.28
2021-10,24027040,263.12
2021-11,24027040,172.28
2021-12,24027040,123.63
2022-01,24027040,68.93
2022-02,24027040,156.27
2022-03,24027040,173.22
2022-04,24027040,280.21
2022-05,24027040,292.92
2022-06,24027040,260.72
2022-07,24027040,164.56
2022-08,24027040,219.2
2022-09,24027040,253.32
2022-10,24027040,261.48
2022-11,24027040,224.35
2022-12,24027040,79.1
1998-01,24027060,53.73
1998-02,24027060,127.34
1998-03,24027060,162.82
1998-04,24027060,267.57
1998-05,24027060,282.71
1998-06,24027060,194.14
1998-07,24027060,223.46
1998-08,24027060,210.54
1998-09,24027060,216.77
1998-10,24027060,315.99
1998-11,24027060,194.51
1998-12,24027060,143.95
1999-01,24027060,119.91
1999-02,24027060,230.78
1999-03,24027060,148.7
1999-04,24027060,255.92
1999-05,24027060,207.6
1999-06,24027060,220.61
1999-07,24027060,176.95
1999-08,24027060,188.14
1999-09,24027060,287.62
1999-10,24027060,311.45
1999-11,24027060,270.74
1999-12,24027060,153.29
2000-01,24027060,81.83
2000-02,24027060,173.04
2000-03,24027060,155.1
2000-04,24027060,217.54
2000-05,24027060,262.39
2000-06,24027060,261.04
2000-07,24027060,211.31
2000-08,24027060,214.68
2000-09,24027060,313.2
2000-10,24027060,294.76
2000-11,24027060,216.95
2000-12,24027060,109.25
2001-01,24027060,55.5
2001-02,24027060,54.02
2001-03,24027060,153.72
2001-04,24027060,173.67
2001-05,24027060,274.74
2001-06,24027060,202.57
2001-07,24027060,248.17
2001-08,24027060,173.14
2001-09,24027060,229.85
2001-10,24027060,309.17
2001-11,24027060,187.85
2001-12,24027060,149.59
2002-01,24027060,43.0
2002-02,24027060,58.01
2002-03,24027060,211.89
2002-04,24027060,252.89
2002-05,24027060,223.86
2002-06,24027060,193.52
2002-07,24027060,144.69
2002-08,24027060,148.44
2002-09,24027060,191.51
2002-10,24027060,182.58
2002-11,24027060,149.84
2002-12,24027060,108.63
2003-01,24027060,14.7
2003-02,24027060,98.36
2003-03,24027060,173.57
2003-04,24027060,262.11
2003-05,24027060,210.47
2003-06,24027060,216.56
2003-07,24027060,162.7
2003-08,24027060,154.5
2003-09,24027060,228.42
2003-10,24027060,270.32
2003-11,24027060,200.16
2003-12,24027060,142.44
2004-01,24027060,62.06
2004-02,24027060,73.13
2004-03,24027060,135.85
2004-04,24027060,233.08
2004-05,24027060,317.45
2004-06,24027060,160.04
2004-07,24027060,173.7
2004-08,24027060,143.83
2004-09,24027060,270.47
2004-10,24027060,281.15
2004-11,24027060,214.71
2004-12,24027060,81.33
2005-01,24027060,137.07
2005-02,24027060,138.93
2005-03,24027060,96.76
2005-04,24027060,266.55
2005-05,24027060,285.3
2005-06,24027060,207.59
2005-07,24027060,157.75
2005-08,24027060,165.93
2005-09,24027060,158.17
2005-10,24027060,325.89
2005-11,24027060,269.9
2005-12,24027060,109.18
2006-01,24027060,96.67
2006-02,24027060,65.38
2006-03,24027060,212.93
2006-04,24027060,261.35
2006-05,24027060,266.16
2006-06,24027060,243.86
2006-07,24027060,173.48
2006-08,24027060,173.41
2006-09,24027060,183.09
2006-10,24027060,309.94
2006-11,24027060,225.98
2006-12,24027060,124.19
2007-01,24027060,73.15
2007-02,24027060,38.11
2007-03,24027060,230.2
2007-04,24027060,237.17
2007-05,24027060,254.61
2007-06,24027060,175.98
2007-07,24027060,187.68
2007-08,24027060,225.33
2007-09,24027060,184.03
2007-10,24027060,331.32
2007-11,24027060,165.45
2007-12,24027060,136.77
2008-01,24027060,97.02
2008-02,24027060,121.2
2008-03,24027060,138.71
2008-04,24027060,210.71
2008-05,24027060,327.57
2008-06,24027060,225.88
2008-07,24027060,190.46
2008-08,24027060,242.92
2008-09,24027060,206.75
2008-10,24027060,284.16
2008-11,24027060,262.85
2008-12,24027060,77.18
2009-01,24027060,111.38
2009-02,24027060,127.94
2009-03,24027060,256.08
2009-04,24027060,208.9
2009-05,24027060,206.4
2009-06,24027060,194.96
2009-07,24027060,167.19
2009-08,24027060,188.39
2009-09,24027060,124.22
2009-10,24027060,213.18
2009-11,24027060,181.59
2009-12,24027060,87.47
2010-01,24027060,32.24
2010-02,24027060,76.06
2010-03,24027060,129.78
2010-04,24027060,245.4
2010-05,24027060,313.25
2010-06,24027060,233.79
2010-07,24027060,296.52
2010-08,24027060,252.91
2010-09,24027060,289.87
2010-10,24027060,274.78
2010-11,24027060,285.33
2010-12,24027060,171.15
2011-01,24027060,66.93
2011-02,24027060,130.47
2011-03,24027060,217.11
2011-04,24027060,374.98
2011-05,24027060,306.95
2011-06,24027060,187.18
2011-07,24027060,158.43
2011-08,24027060,188.13
2011-09,24027060,165.78
2011-10,24027060,262.21
2011-11,24027060,282.65
2011-12,24027060,165.12
2012-01,24027060,68.97
2012-02,24027060,60.95
2012-03,24027060,247.75
2012-04,24027060,318.42
2012-05,24027060,215.84
2012-06,24027060,138.11
2012-07,24027060,177.87
2012-08,24027060,193.46
2012-09,24027060,175.66
2012-10,24027060,257.33
2012-11,24027060,127.91
2012-12,24027060,89.53
2013-01,24027060,44.64
2013-02,24027060,180.62
2013-03,24027060,217.02
2013-04,24027060,322.18
2013-05,24027060,337.47
2013-06,24027060,180.09
2013-07,24027060,115.38
2013-08,24027060,220.27
2013-09,24027060,205.29
2013-10,24027060,189.98
2013-11,24027060,224.19
2013-12,24027060,140.98
2014-01,24027060,51.39
2014-02,24027060,205.79
2014-03,24027060,132.38
2014-04,24027060,183.88
2014-05,24027060,196.1
2014-06,24027060,157.19
2014-07,24027060,191.73
2014-08,24027060,173.9
2014-09,24027060,213.98
2014-10,24027060,297.38
2014-11,24027060,253.64
2014-12,24027060,103.04
2015-01,24027060,112.85
2015-02,24027060,138.76
2015-03,24027060,181.52
2015-04,24027060,285.83
2015-05,24027060,170.61
2015-06,24027060,114.24
2015-07,24027060,152.88
2015-08,24027060,132.73
2015-09,24027060,178.84
2015-10,24027060,202.19
2015-11,24027060,217.73
2015-12,24027060,68.98
2016-01,24027060,56.49
2016-02,24027060,84.06
2016-03,24027060,114.34
2016-04,24027060,259.35
2016-05,24027060,288.61
2016-06,24027060,133.14
2016-07,24027060,181.44
2016-08,24027060,159.58
2016-09,24027060,149.84
2016-10,24027060,226.35
2016-11,24027060,167.28
2016-12,24027060,156.08
2017-01,24027060,75.38
2017-02,24027060,86.73
2017-03,24027060,281.01
2017-04,24027060,312.23
2017-05,24027060,281.93
2017-06,24027060,214.84
2017-07,24027060,161.36
2017-08,24027060,283.89
2017-09,24027060,222.62
2017-10,24027060,250.91
2017-11,24027060,199.74
2017-12,24027060,117.86
2018-01,24027060,125.53
2018-02,24027060,86.74
2018-03,24027060,307.29
2018-04,24027060,296.07
2018-05,24027060,333.87
2018-06,24027060,153.78
2018-07,24027060,234.72
2018-08,24027060,130.5
2018-09,24027060,232.52
2018-10,24027060,311.03
2018-11,24027060,207.91
2018-12,24027060,70.99
2019-01,24027060,70.47
2019-02,24027060,143.45
2019-03,24027060,250.94
2019-04,24027060,245.32
2019-05,24027060,291.42
2019-06,24027060,166.43
2019-07,24027060,151.69
2019-08,24027060,173.52
2019-09,24027060,188.22
2019-10,24027060,277.83
2019-11,24027060,229.93
2019-12,24027060,145.96
2020-01,24027060,90.73
2020-02,24027060,91.3
2020-03,24027060,237.23
2020-04,24027060,176.98
2020-05,24027060,223.06
2020-06,24027060,184.32
2020-07,24027060,216.08
2020-08,24027060,163.83
2020-09,24027060,165.89
2020-10,24027060,246.77
2020-11,24027060,251.83
2020-12,24027060,106.46
2021-01,24027060,42.17
2021-02,24027060,161.58
2021-03,24027060,205.22
2021-04,24027060,208.48
2021-05,24027060,327.82
2021-06,24027060,221.06
2021-07,24027060,196.12
2021-08,24027060,229.08
2021-09,24027060,214.47
2021-10,24027060,277.04
2021-11,24027060,189.09
2021-12,24027060,146.47
2022-01,24027060,79.77
2022-02,24027060,187.83
2022-03,24027060,205.86
2022-04,24027060,299.15
2022-05,24027060,351.34
2022-06,24027060,295.05
2022-07,24027060,188.05
2022-08,24027060,227.3
2022-09,24027060,266.9
2022-10,24027060,281.79
2022-11,24027060,260.23
2022-12,24027060,107.19
