fuente,modelo,escala,parametro,valor,error_newey_west,ic95_inferior,ic95_superior,p
PL,M1,lineal,a,6.311899,3.028116,0.3769,12.246898,0.037121
PL,M1,lineal,b,0.49873,0.021335,0.456915,0.540545,0.0
PL,M2,lineal,a,-26.632188,4.298263,-35.056629,-18.207748,0.0
PL,M2,lineal,b0,0.412938,0.016041,0.381498,0.444378,0.0
PL,M2,lineal,b1,0.238689,0.017327,0.204728,0.272651,0.0
PL,M3,logarítmica,a,0.320455,0.179491,-0.03134,0.672251,0.074203
PL,M3,logarítmica,b,0.815265,0.03383,0.748959,0.881572,0.0
PL,M4,logarítmica,a,-1.067975,0.201436,-1.462782,-0.673168,0.0
PL,M4,logarítmica,b0,0.668852,0.031289,0.607527,0.730178,0.0
PL,M4,logarítmica,b1,0.41033,0.028141,0.355175,0.465486,0.0
PI,M1,lineal,a,11.147716,5.361783,0.638815,21.656618,0.037608
PI,M1,lineal,b,0.543992,0.032132,0.481015,0.606969,0.0
PI,M2,lineal,a,-11.055866,5.960919,-22.739053,0.627321,0.063635
PI,M2,lineal,b0,0.43981,0.033151,0.374835,0.504785,0.0
PI,M2,lineal,b1,0.221429,0.027408,0.16771,0.275148,0.0
PI,M3,logarítmica,a,1.012985,0.261037,0.501362,1.524608,0.000104
PI,M3,logarítmica,b,0.6999,0.050121,0.601664,0.798135,0.0
PI,M4,logarítmica,a,0.064077,0.292191,-0.508608,0.636761,0.826419
PI,M4,logarítmica,b0,0.532297,0.043983,0.446091,0.618502,0.0
PI,M4,logarítmica,b1,0.352112,0.036575,0.280426,0.423797,0.0
