periodo,oni,oni_tabla,fase
1981-01,-0.27,-0.3,neutro
1981-02,-0.42,-0.4,neutro
1981-03,-0.41,-0.4,neutro
1981-04,-0.27,-0.3,neutro
1981-05,-0.28,-0.3,neutro
1981-06,-0.27,-0.3,neutro
1981-07,-0.28,-0.3,neutro
1981-08,-0.23,-0.2,neutro
1981-09,-0.08,-0.1,neutro
1981-10,-0.16,-0.2,neutro
1981-11,-0.19,-0.2,neutro
1981-12,-0.14,-0.1,neutro
1982-01,-0.05,-0.0,neutro
1982-02,0.02,0.0,neutro
1982-03,0.07,0.1,neutro
1982-04,0.34,0.3,neutro
1982-05,0.65,0.6,El Niño
1982-06,0.73,0.7,El Niño
1982-07,0.78,0.8,El Niño
1982-08,0.99,1.0,El Niño
1982-09,1.45,1.4,El Niño
1982-10,1.82,1.8,El Niño
1982-11,2.03,2.0,El Niño
1982-12,2.12,2.1,El Niño
1983-01,2.14,2.1,El Niño
1983-02,1.91,1.9,El Niño
1983-03,1.52,1.5,El Niño
1983-04,1.23,1.2,El Niño
1983-05,0.95,1.0,El Niño
1983-06,0.62,0.6,El Niño
1983-07,0.25,0.2,neutro
1983-08,-0.06,-0.1,neutro
1983-09,-0.43,-0.4,neutro
1983-10,-0.76,-0.8,La Niña
1983-11,-0.96,-1.0,La Niña
1983-12,-0.89,-0.9,La Niña
1984-01,-0.63,-0.6,La Niña
1984-02,-0.51,-0.5,La Niña
1984-03,-0.38,-0.4,neutro
1984-04,-0.47,-0.5,neutro
1984-05,-0.55,-0.6,neutro
1984-06,-0.52,-0.5,neutro
1984-07,-0.39,-0.4,neutro
1984-08,-0.22,-0.2,neutro
1984-09,-0.32,-0.3,neutro
1984-10,-0.62,-0.6,La Niña
1984-11,-0.95,-1.0,La Niña
1984-12,-1.06,-1.1,La Niña
1985-01,-1.01,-1.0,La Niña
1985-02,-0.86,-0.9,La Niña
1985-03,-0.85,-0.8,La Niña
1985-04,-0.8,-0.8,La Niña
1985-05,-0.79,-0.8,La Niña
1985-06,-0.6,-0.6,La Niña
1985-07,-0.44,-0.4,neutro
1985-08,-0.33,-0.3,neutro
1985-09,-0.31,-0.3,neutro
1985-10,-0.3,-0.3,neutro
1985-11,-0.28,-0.3,neutro
1985-12,-0.36,-0.4,neutro
1986-01,-0.4,-0.4,neutro
1986-02,-0.38,-0.4,neutro
1986-03,-0.25,-0.2,neutro
1986-04,-0.17,-0.2,neutro
1986-05,-0.09,-0.1,neutro
1986-06,0.02,0.0,neutro
1986-07,0.24,0.2,neutro
1986-08,0.46,0.5,El Niño
1986-09,0.64,0.6,El Niño
1986-10,0.86,0.9,El Niño
1986-11,1.06,1.1,El Niño
1986-12,1.21,1.2,El Niño
1987-01,1.18,1.2,El Niño
1987-02,1.13,1.1,El Niño
1987-03,1.02,1.0,El Niño
1987-04,0.94,0.9,El Niño
1987-05,0.95,1.0,El Niño
1987-06,1.11,1.1,El Niño
1987-07,1.3,1.3,El Niño
1987-08,1.46,1.5,El Niño
1987-09,1.49,1.5,El Niño
1987-10,1.41,1.4,El Niño
1987-11,1.2,1.2,El Niño
1987-12,1.0,1.0,El Niño
1988-01,0.63,0.6,El Niño
1988-02,0.37,0.4,neutro
1988-03,-0.03,-0.0,neutro
1988-04,-0.45,-0.4,neutro
1988-05,-0.99,-1.0,La Niña
1988-06,-1.3,-1.3,La Niña
1988-07,-1.3,-1.3,La Niña
1988-08,-1.14,-1.1,La Niña
1988-09,-1.27,-1.3,La Niña
1988-10,-1.54,-1.5,La Niña
1988-11,-1.81,-1.8,La Niña
1988-12,-1.85,-1.8,La Niña
1989-01,-1.64,-1.6,La Niña
1989-02,-1.38,-1.4,La Niña
1989-03,-1.09,-1.1,La Niña
1989-04,-0.85,-0.8,La Niña
1989-05,-0.61,-0.6,La Niña
1989-06,-0.4,-0.4,neutro
1989-07,-0.37,-0.4,neutro
1989-08,-0.36,-0.4,neutro
1989-09,-0.33,-0.3,neutro
1989-10,-0.25,-0.2,neutro
1989-11,-0.12,-0.1,neutro
1989-12,-0.04,-0.0,neutro
1990-01,0.18,0.2,neutro
1990-02,0.19,0.2,neutro
1990-03,0.3,0.3,neutro
1990-04,0.27,0.3,neutro
1990-05,0.25,0.2,neutro
1990-06,0.25,0.2,neutro
1990-07,0.26,0.3,neutro
1990-08,0.32,0.3,neutro
1990-09,0.31,0.3,neutro
1990-10,0.27,0.3,neutro
1990-11,0.31,0.3,neutro
1990-12,0.34,0.3,neutro
1991-01,0.35,0.4,neutro
1991-02,0.26,0.3,neutro
1991-03,0.23,0.2,neutro
1991-04,0.29,0.3,neutro
1991-05,0.49,0.5,El Niño
1991-06,0.63,0.6,El Niño
1991-07,0.77,0.8,El Niño
1991-08,0.67,0.7,El Niño
1991-09,0.72,0.7,El Niño
1991-10,0.83,0.8,El Niño
1991-11,1.18,1.2,El Niño
1991-12,1.43,1.4,El Niño
1992-01,1.54,1.5,El Niño
1992-02,1.5,1.5,El Niño
1992-03,1.4,1.4,El Niño
1992-04,1.3,1.3,El Niño
1992-05,1.08,1.1,El Niño
1992-06,0.72,0.7,El Niño
1992-07,0.35,0.4,neutro
1992-08,0.08,0.1,neutro
1992-09,-0.15,-0.2,neutro
1992-10,-0.22,-0.2,neutro
1992-11,-0.24,-0.2,neutro
1992-12,-0.05,-0.0,neutro
1993-01,0.13,0.1,neutro
1993-02,0.31,0.3,neutro
1993-03,0.5,0.5,neutro
1993-04,0.73,0.7,neutro
1993-05,0.76,0.8,neutro
1993-06,0.56,0.6,neutro
1993-07,0.28,0.3,neutro
1993-08,0.22,0.2,neutro
1993-09,0.2,0.2,neutro
1993-10,0.2,0.2,neutro
1993-11,0.2,0.2,neutro
1993-12,0.19,0.2,neutro
1994-01,0.07,0.1,neutro
1994-02,0.0,0.0,neutro
1994-03,0.04,0.0,neutro
1994-04,0.17,0.2,neutro
1994-05,0.25,0.2,neutro
1994-06,0.23,0.2,neutro
1994-07,0.3,0.3,neutro
1994-08,0.3,0.3,neutro
1994-09,0.47,0.5,El Niño
1994-10,0.66,0.7,El Niño
1994-11,0.93,0.9,El Niño
1994-12,0.97,1.0,El Niño
1995-01,0.88,0.9,El Niño
1995-02,0.65,0.6,El Niño
1995-03,0.46,0.5,El Niño
1995-04,0.19,0.2,neutro
1995-05,0.03,0.0,neutro
1995-06,-0.11,-0.1,neutro
1995-07,-0.3,-0.3,neutro
1995-08,-0.55,-0.6,La Niña
1995-09,-0.81,-0.8,La Niña
1995-10,-0.97,-1.0,La Niña
1995-11,-1.05,-1.0,La Niña
1995-12,-1.01,-1.0,La Niña
1996-01,-0.88,-0.9,La Niña
1996-02,-0.7,-0.7,La Niña
1996-03,-0.52,-0.5,La Niña
1996-04,-0.36,-0.4,neutro
1996-05,-0.25,-0.2,neutro
1996-06,-0.24,-0.2,neutro
1996-07,-0.22,-0.2,neutro
1996-08,-0.27,-0.3,neutro
1996-09,-0.3,-0.3,neutro
1996-10,-0.33,-0.3,neutro
1996-11,-0.39,-0.4,neutro
1996-12,-0.41,-0.4,neutro
1997-01,-0.41,-0.4,neutro
1997-02,-0.26,-0.3,neutro
1997-03,-0.03,-0.0,neutro
1997-04,0.3,0.3,neutro
1997-05,0.71,0.7,El Niño
1997-06,1.13,1.1,El Niño
1997-07,1.48,1.5,El Niño
1997-08,1.79,1.8,El Niño
1997-09,2.04,2.0,El Niño
1997-10,2.24,2.2,El Niño
1997-11,2.34,2.3,El Niño
1997-12,2.37,2.4,El Niño
1998-01,2.22,2.2,El Niño
1998-02,1.91,1.9,El Niño
1998-03,1.4,1.4,El Niño
1998-04,1.03,1.0,El Niño
1998-05,0.4,0.4,neutro
1998-06,-0.08,-0.1,neutro
1998-07,-0.63,-0.6,La Niña
1998-08,-0.83,-0.8,La Niña
1998-09,-1.02,-1.0,La Niña
1998-10,-1.12,-1.1,La Niña
1998-11,-1.31,-1.3,La Niña
1998-12,-1.47,-1.5,La Niña
1999-01,-1.51,-1.5,La Niña
1999-02,-1.25,-1.2,La Niña
1999-03,-0.93,-0.9,La Niña
1999-04,-0.8,-0.8,La Niña
1999-05,-0.79,-0.8,La Niña
1999-06,-0.84,-0.8,La Niña
1999-07,-0.9,-0.9,La Niña
1999-08,-0.94,-0.9,La Niña
1999-09,-1.0,-1.0,La Niña
1999-10,-1.13,-1.1,La Niña
1999-11,-1.35,-1.4,La Niña
1999-12,-1.53,-1.5,La Niña
2000-01,-1.47,-1.5,La Niña
2000-02,-1.26,-1.3,La Niña
2000-03,-0.98,-1.0,La Niña
2000-04,-0.81,-0.8,La Niña
2000-05,-0.67,-0.7,La Niña
2000-06,-0.62,-0.6,La Niña
2000-07,-0.48,-0.5,La Niña
2000-08,-0.4,-0.4,neutro
2000-09,-0.42,-0.4,neutro
2000-10,-0.54,-0.5,La Niña
2000-11,-0.76,-0.8,La Niña
2000-12,-0.78,-0.8,La Niña
2001-01,-0.76,-0.8,La Niña
2001-02,-0.54,-0.5,La Niña
2001-03,-0.43,-0.4,neutro
2001-04,-0.29,-0.3,neutro
2001-05,-0.19,-0.2,neutro
2001-06,-0.08,-0.1,neutro
2001-07,-0.05,-0.0,neutro
2001-08,-0.13,-0.1,neutro
2001-09,-0.15,-0.2,neutro
2001-10,-0.26,-0.3,neutro
2001-11,-0.33,-0.3,neutro
2001-12,-0.32,-0.3,neutro
2002-01,-0.15,-0.2,neutro
2002-02,0.07,0.1,neutro
2002-03,0.11,0.1,neutro
2002-04,0.15,0.2,neutro
2002-05,0.3,0.3,neutro
2002-06,0.45,0.4,neutro
2002-07,0.57,0.6,El Niño
2002-08,0.63,0.6,El Niño
2002-09,0.78,0.8,El Niño
2002-10,0.99,1.0,El Niño
2002-11,1.19,1.2,El Niño
2002-12,1.08,1.1,El Niño
2003-01,0.9,0.9,El Niño
2003-02,0.59,0.6,El Niño
2003-03,0.38,0.4,neutro
2003-04,-0.01,-0.0,neutro
2003-05,-0.18,-0.2,neutro
2003-06,-0.13,-0.1,neutro
2003-07,0.09,0.1,neutro
2003-08,0.14,0.1,neutro
2003-09,0.23,0.2,neutro
2003-10,0.23,0.2,neutro
2003-11,0.29,0.3,neutro
2003-12,0.29,0.3,neutro
2004-01,0.34,0.3,neutro
2004-02,0.27,0.3,neutro
2004-03,0.19,0.2,neutro
2004-04,0.1,0.1,neutro
2004-05,0.12,0.1,neutro
2004-06,0.22,0.2,neutro
2004-07,0.39,0.4,neutro
2004-08,0.54,0.5,El Niño
2004-09,0.58,0.6,El Niño
2004-10,0.61,0.6,El Niño
2004-11,0.64,0.6,El Niño
2004-12,0.71,0.7,El Niño
2005-01,0.62,0.6,El Niño
2005-02,0.55,0.6,El Niño
2005-03,0.4,0.4,neutro
2005-04,0.37,0.4,neutro
2005-05,0.27,0.3,neutro
2005-06,0.09,0.1,neutro
2005-07,-0.04,-0.0,neutro
2005-08,-0.14,-0.1,neutro
2005-09,-0.11,-0.1,neutro
2005-10,-0.27,-0.3,neutro
2005-11,-0.57,-0.6,La Niña
2005-12,-0.82,-0.8,La Niña
2006-01,-0.86,-0.9,La Niña
2006-02,-0.8,-0.8,La Niña
2006-03,-0.63,-0.6,La Niña
2006-04,-0.45,-0.4,neutro
2006-05,-0.19,-0.2,neutro
2006-06,-0.05,-0.0,neutro
2006-07,0.12,0.1,neutro
2006-08,0.33,0.3,neutro
2006-09,0.54,0.5,El Niño
2006-10,0.71,0.7,El Niño
2006-11,0.88,0.9,El Niño
2006-12,0.88,0.9,El Niño
2007-01,0.62,0.6,El Niño
2007-02,0.19,0.2,neutro
2007-03,-0.12,-0.1,neutro
2007-04,-0.32,-0.3,neutro
2007-05,-0.34,-0.3,neutro
2007-06,-0.41,-0.4,neutro
2007-07,-0.49,-0.5,La Niña
2007-08,-0.77,-0.8,La Niña
2007-09,-1.05,-1.0,La Niña
2007-10,-1.38,-1.4,La Niña
2007-11,-1.57,-1.6,La Niña
2007-12,-1.72,-1.7,La Niña
2008-01,-1.76,-1.8,La Niña
2008-02,-1.61,-1.6,La Niña
2008-03,-1.37,-1.4,La Niña
2008-04,-1.05,-1.0,La Niña
2008-05,-0.85,-0.8,La Niña
2008-06,-0.56,-0.6,La Niña
2008-07,-0.33,-0.3,neutro
2008-08,-0.2,-0.2,neutro
2008-09,-0.25,-0.2,neutro
2008-10,-0.36,-0.4,neutro
2008-11,-0.57,-0.6,La Niña
2008-12,-0.79,-0.8,La Niña
2009-01,-0.89,-0.9,La Niña
2009-02,-0.84,-0.8,La Niña
2009-03,-0.63,-0.6,La Niña
2009-04,-0.35,-0.4,neutro
2009-05,0.03,0.0,neutro
2009-06,0.34,0.3,neutro
2009-07,0.5,0.5,El Niño
2009-08,0.56,0.6,El Niño
2009-09,0.66,0.7,El Niño
2009-10,0.92,0.9,El Niño
2009-11,1.31,1.3,El Niño
2009-12,1.5,1.5,El Niño
2010-01,1.47,1.5,El Niño
2010-02,1.21,1.2,El Niño
2010-03,0.88,0.9,El Niño
2010-04,0.38,0.4,neutro
2010-05,-0.16,-0.2,neutro
2010-06,-0.66,-0.7,La Niña
2010-07,-0.98,-1.0,La Niña
2010-08,-1.24,-1.2,La Niña
2010-09,-1.43,-1.4,La Niña
2010-10,-1.54,-1.5,La Niña
2010-11,-1.57,-1.6,La Niña
2010-12,-1.48,-1.5,La Niña
2011-01,-1.29,-1.3,La Niña
2011-02,-1.06,-1.1,La Niña
2011-03,-0.85,-0.8,La Niña
2011-04,-0.68,-0.7,La Niña
2011-05,-0.5,-0.5,La Niña
2011-06,-0.34,-0.3,neutro
2011-07,-0.37,-0.4,neutro
2011-08,-0.5,-0.5,La Niña
2011-09,-0.76,-0.8,La Niña
2011-10,-0.94,-0.9,La Niña
2011-11,-1.02,-1.0,La Niña
2011-12,-0.92,-0.9,La Niña
2012-01,-0.71,-0.7,La Niña
2012-02,-0.56,-0.6,La Niña
2012-03,-0.44,-0.4,neutro
2012-04,-0.35,-0.4,neutro
2012-05,-0.18,-0.2,neutro
2012-06,0.03,0.0,neutro
2012-07,0.28,0.3,neutro
2012-08,0.39,0.4,neutro
2012-09,0.37,0.4,neutro
2012-10,0.28,0.3,neutro
2012-11,0.13,0.1,neutro
2012-12,-0.03,-0.0,neutro
2013-01,-0.24,-0.2,neutro
2013-02,-0.28,-0.3,neutro
2013-03,-0.23,-0.2,neutro
2013-04,-0.2,-0.2,neutro
2013-05,-0.3,-0.3,neutro
2013-06,-0.38,-0.4,neutro
2013-07,-0.45,-0.4,neutro
2013-08,-0.34,-0.3,neutro
2013-09,-0.32,-0.3,neutro
2013-10,-0.14,-0.1,neutro
2013-11,-0.12,-0.1,neutro
2013-12,-0.11,-0.1,neutro
2014-01,-0.24,-0.2,neutro
2014-02,-0.21,-0.2,neutro
2014-03,-0.02,-0.0,neutro
2014-04,0.25,0.2,neutro
2014-05,0.35,0.4,neutro
2014-06,0.22,0.2,neutro
2014-07,0.07,0.1,neutro
2014-08,0.07,0.1,neutro
2014-09,0.24,0.2,neutro
2014-10,0.51,0.5,El Niño
2014-11,0.7,0.7,El Niño
2014-12,0.8,0.8,El Niño
2015-01,0.73,0.7,El Niño
2015-02,0.65,0.6,El Niño
2015-03,0.72,0.7,El Niño
2015-04,0.86,0.9,El Niño
2015-05,1.04,1.0,El Niño
2015-06,1.19,1.2,El Niño
2015-07,1.44,1.4,El Niño
2015-08,1.73,1.7,El Niño
2015-09,2.02,2.0,El Niño
2015-10,2.28,2.3,El Niño
2015-11,2.45,2.4,El Niño
2015-12,2.59,2.6,El Niño
2016-01,2.5,2.5,El Niño
2016-02,2.21,2.2,El Niño
2016-03,1.69,1.7,El Niño
2016-04,1.11,1.1,El Niño
2016-05,0.57,0.6,El Niño
2016-06,0.09,0.1,neutro
2016-07,-0.19,-0.2,neutro
2016-08,-0.34,-0.3,neutro
2016-09,-0.42,-0.4,neutro
2016-10,-0.51,-0.5,neutro
2016-11,-0.49,-0.5,neutro
2016-12,-0.37,-0.4,neutro
2017-01,-0.08,-0.1,neutro
2017-02,0.08,0.1,neutro
2017-03,0.27,0.3,neutro
2017-04,0.32,0.3,neutro
2017-05,0.35,0.4,neutro
2017-06,0.32,0.3,neutro
2017-07,0.14,0.1,neutro
2017-08,-0.07,-0.1,neutro
2017-09,-0.23,-0.2,neutro
2017-10,-0.44,-0.4,neutro
2017-11,-0.61,-0.6,La Niña
2017-12,-0.76,-0.8,La Niña
2018-01,-0.71,-0.7,La Niña
2018-02,-0.67,-0.7,La Niña
2018-03,-0.55,-0.6,La Niña
2018-04,-0.35,-0.4,neutro
2018-05,-0.07,-0.1,neutro
2018-06,0.13,0.1,neutro
2018-07,0.2,0.2,neutro
2018-08,0.3,0.3,neutro
2018-09,0.52,0.5,El Niño
2018-10,0.82,0.8,El Niño
2018-11,1.04,1.0,El Niño
2018-12,1.05,1.0,El Niño
2019-01,0.99,1.0,El Niño
2019-02,0.94,0.9,El Niño
2019-03,0.87,0.9,El Niño
2019-04,0.82,0.8,El Niño
2019-05,0.71,0.7,El Niño
2019-06,0.59,0.6,El Niño
2019-07,0.38,0.4,neutro
2019-08,0.2,0.2,neutro
2019-09,0.31,0.3,neutro
2019-10,0.51,0.5,El Niño
2019-11,0.72,0.7,El Niño
2019-12,0.75,0.8,El Niño
2020-01,0.71,0.7,El Niño
2020-02,0.66,0.7,El Niño
2020-03,0.57,0.6,El Niño
2020-04,0.33,0.3,neutro
2020-05,0.04,0.0,neutro
2020-06,-0.18,-0.2,neutro
2020-07,-0.29,-0.3,neutro
2020-08,-0.43,-0.4,neutro
2020-09,-0.77,-0.8,La Niña
2020-10,-1.0,-1.0,La Niña
2020-11,-1.11,-1.1,La Niña
2020-12,-1.06,-1.1,La Niña
2021-01,-0.99,-1.0,La Niña
2021-02,-0.85,-0.8,La Niña
2021-03,-0.74,-0.7,La Niña
2021-04,-0.56,-0.6,La Niña
2021-05,-0.4,-0.4,neutro
2021-06,-0.31,-0.3,neutro
2021-07,-0.35,-0.4,neutro
2021-08,-0.46,-0.5,La Niña
2021-09,-0.64,-0.6,La Niña
2021-10,-0.77,-0.8,La Niña
2021-11,-0.91,-0.9,La Niña
2021-12,-0.83,-0.8,La Niña
2022-01,-0.76,-0.8,La Niña
2022-02,-0.68,-0.7,La Niña
2022-03,-0.77,-0.8,La Niña
2022-04,-0.86,-0.9,La Niña
2022-05,-0.83,-0.8,La Niña
2022-06,-0.73,-0.7,La Niña
2022-07,-0.7,-0.7,La Niña
2022-08,-0.78,-0.8,La Niña
2022-09,-0.87,-0.9,La Niña
2022-10,-0.89,-0.9,La Niña
2022-11,-0.82,-0.8,La Niña
2022-12,-0.7,-0.7,La Niña
