distancia_km,altura_m,altura_suavizada_m
0.0,3165.0,3165.0
0.24949058882318303,3150.0,3150.0
0.49898117764636607,3109.0,3109.0
0.7484717664695492,3088.0,3088.0
0.9979623552927321,3069.0,3069.0
1.2474529441159152,3051.0,3051.0
1.4969435329390983,3031.0,3031.0
1.7464341217622812,2992.0,2992.0
1.9959247105854643,2963.0,2963.0
2.245415299408647,2943.0,2943.0
2.4949058882318305,2916.0,2916.0
2.7443964770550133,2901.0,2901.0
2.9938870658781966,2894.0,2894.0
3.2433776547013795,2845.0,2845.0
3.4928682435245624,2840.0,2840.0
3.7423588323477457,2813.0,2813.0
3.9918494211709286,2792.0,2792.0
4.241340009994111,2780.0,2780.0
4.490830598817294,2765.0,2765.0
4.740321187640477,2737.0,2737.0
4.989811776463661,2720.0,2720.0
5.239302365286844,2677.0,2677.0
5.488792954110027,2667.0,2667.0
5.7382835429332095,2646.0,2646.0
5.987774131756393,2633.0,2633.0
6.237264720579575,2625.0,2625.0
6.486755309402759,2612.0,2612.0
6.736245898225942,2609.0,2609.0
6.985736487049125,2597.0,2597.0
7.235227075872308,2584.0,2584.0
7.484717664695491,2566.0,2582.0
7.734208253518673,2582.0,2582.0
7.983698842341857,2541.0,2552.0
8.233189431165039,2552.0,2552.0
8.482680019988223,2516.0,2516.0
8.732170608811407,2510.0,2510.0
8.981661197634589,2509.0,2509.0
9.231151786457772,2490.0,2490.0
9.480642375280954,2484.0,2484.0
9.730132964104138,2477.0,2477.0
9.979623552927322,2460.0,2460.0
10.229114141750504,2428.0,2428.0
10.478604730573688,2413.0,2413.0
10.728095319396871,2402.0,2402.0
10.977585908220053,2383.0,2383.0
11.227076497043237,2362.0,2362.0
11.476567085866419,2345.0,2345.0
11.726057674689603,2342.0,2342.0
11.975548263512787,2313.0,2313.0
12.225038852335969,2303.0,2303.0
12.47452944115915,2288.0,2288.0
12.724020029982336,2286.0,2286.0
12.973510618805518,2278.0,2278.0
13.2230012076287,2250.0,2250.0
13.472491796451884,2246.0,2246.0
13.721982385275068,2245.0,2245.0
13.97147297409825,2222.0,2222.0
14.220963562921433,2209.0,2209.0
14.470454151744615,2191.0,2192.0
14.719944740567799,2192.0,2192.0
14.969435329390983,2163.0,2163.0
15.218925918214165,2145.0,2145.0
15.468416507037347,2143.0,2143.0
15.717907095860532,2123.0,2123.0
15.967397684683714,2115.0,2115.0
16.216888273506896,2094.0,2094.0
16.466378862330078,2063.0,2063.0
16.715869451153264,2054.0,2054.0
16.965360039976446,2023.0,2023.0
17.214850628799628,2007.0,2007.0
17.464341217622813,1984.0,1984.0
17.713831806445995,1978.0,1978.0
17.963322395269177,1961.0,1961.0
18.212812984092363,1943.0,1943.0
18.462303572915545,1934.0,1934.0
18.711794161738727,1913.0,1913.0
18.96128475056191,1913.0,1913.0
19.210775339385094,1881.0,1881.0
19.460265928208276,1876.0,1876.0
19.709756517031458,1864.0,1864.0
19.959247105854644,1851.0,1851.0
20.208737694677826,1812.0,1812.0
20.458228283501008,1794.0,1794.0
20.707718872324193,1781.0,1781.0
20.957209461147375,1773.0,1773.0
21.206700049970557,1762.0,1762.0
21.456190638793743,1750.0,1750.0
21.705681227616925,1736.0,1736.0
21.955171816440107,1724.0,1724.0
22.204662405263292,1705.0,1705.0
22.454152994086474,1695.0,1695.0
22.703643582909656,1687.0,1688.0
22.953134171732838,1688.0,1688.0
23.202624760556024,1677.0,1677.0
23.452115349379206,1662.0,1662.0
23.701605938202388,1658.0,1658.0
23.951096527025573,1650.0,1650.0
24.200587115848755,1640.0,1640.0
24.450077704671937,1629.0,1629.0
24.699568293495123,1620.0,1620.0
24.9490588823183,1611.0,1611.0
25.198549471141487,1605.0,1605.0
25.448040059964672,1600.0,1600.0
25.69753064878785,1590.0,1590.0
25.947021237611036,1588.0,1588.0
26.19651182643422,1581.0,1581.0
26.4460024152574,1576.0,1576.0
26.695493004080586,1571.0,1571.0
26.944983592903768,1564.0,1564.0
27.19447418172695,1556.0,1559.0
27.443964770550135,1559.0,1559.0
27.693455359373317,1553.0,1553.0
27.9429459481965,1548.0,1548.0
28.192436537019685,1540.0,1540.0
28.441927125842867,1540.0,1540.0
28.69141771466605,1523.0,1525.0
28.94090830348923,1525.0,1525.0
29.190398892312416,1518.0,1518.0
29.439889481135598,1513.0,1513.0
29.68938006995878,1510.0,1510.0
29.938870658781966,1506.0,1506.0
30.188361247605147,1503.0,1503.0
30.43785183642833,1501.0,1501.0
30.687342425251515,1494.0,1494.0
30.936833014074693,1486.0,1486.0
31.18632360289788,1486.0,1486.0
31.435814191721065,1477.0,1485.0
31.685304780544243,1485.0,1485.0
31.93479536936743,1475.0,1475.0
32.184285958190614,1472.0,1472.0
32.43377654701379,1464.0,1466.0
32.68326713583698,1466.0,1466.0
32.932757724660156,1457.0,1458.0
33.18224831348335,1458.0,1458.0
33.43173890230653,1449.0,1449.0
33.681229491129706,1446.0,1446.0
33.93072007995289,1441.0,1441.0
34.18021066877608,1438.0,1438.0
34.429701257599255,1438.0,1438.0
34.67919184642244,1433.0,1433.0
34.928682435245626,1430.0,1430.0
35.178173024068805,1429.0,1429.0
35.42766361289199,1421.0,1421.0
35.677154201715176,1420.0,1420.0
35.926644790538354,1418.0,1418.0
36.17613537936154,1417.0,1417.0
36.425625968184725,1416.0,1416.0
36.675116557007904,1408.0,1408.0
36.92460714583109,1406.0,1406.0
37.17409773465427,1405.0,1405.0
37.42358832347745,1402.0,1402.0
37.67307891230064,1402.0,1402.0
37.92256950112382,1399.0,1399.0
38.172060089947,1396.0,1396.0
38.42155067877019,1393.0,1393.0
38.67104126759337,1390.0,1390.0
38.92053185641655,1388.0,1388.0
39.17002244523974,1382.0,1382.0
39.419513034062916,1381.0,1381.0
39.6690036228861,1378.0,1378.0
39.91849421170929,1375.0,1377.0
40.167984800532466,1376.0,1377.0
40.41747538935565,1377.0,1377.0
40.66696597817884,1372.0,1372.0
40.916456567002015,1371.0,1371.0
41.16594715582521,1366.0,1366.0
41.415437744648386,1366.0,1366.0
41.664928333471565,1360.0,1360.0
41.91441892229475,1358.0,1358.0
42.163909511117936,1353.0,1358.0
42.413400099941114,1358.0,1358.0
42.6628906887643,1350.0,1356.0
42.912381277587485,1356.0,1356.0
43.161871866410664,1346.0,1346.0
43.41136245523385,1346.0,1346.0
43.660853044057035,1343.0,1343.0
43.91034363288021,1341.0,1342.0
44.1598342217034,1337.0,1342.0
44.409324810526584,1342.0,1342.0
44.65881539934976,1335.0,1335.0
44.90830598817295,1333.0,1334.0
45.15779657699613,1334.0,1334.0
45.40728716581931,1329.0,1329.0
45.6567777546425,1328.0,1328.0
45.906268343465676,1326.0,1326.0
46.15575893228886,1324.0,1324.0
46.40524952111205,1319.0,1324.0
46.654740109935226,1319.0,1324.0
46.90423069875841,1317.0,1324.0
47.1537212875816,1324.0,1324.0
47.403211876404775,1317.0,1319.0
47.65270246522796,1319.0,1319.0
47.902193054051146,1313.0,1313.0
48.151683642874325,1310.0,1311.0
48.40117423169751,1311.0,1311.0
48.650664820520696,1305.0,1305.0
48.900155409343874,1302.0,1302.0
49.14964599816705,1300.0,1300.0
49.399136586990245,1298.0,1298.0
49.648627175813424,1298.0,1298.0
49.8981177646366,1293.0,1293.0
50.147608353459795,1293.0,1293.0
50.39709894228297,1291.0,1293.0
50.64658953110615,1288.0,1293.0
50.896080119929344,1287.0,1293.0
51.14557070875252,1293.0,1293.0
51.3950612975757,1281.0,1284.0
51.644551886398894,1284.0,1284.0
51.89404247522207,1284.0,1284.0
52.14353306404525,1283.0,1283.0
52.39302365286844,1283.0,1283.0
52.64251424169162,1278.0,1283.0
52.8920048305148,1278.0,1283.0
53.141495419337986,1277.0,1283.0
53.39098600816117,1274.0,1283.0
53.64047659698435,1271.0,1283.0
53.889967185807535,1272.0,1283.0
54.13945777463072,1270.0,1283.0
54.3889483634539,1268.0,1283.0
54.638438952277085,1268.0,1283.0
54.88792954110027,1266.0,1283.0
55.13742012992345,1271.0,1283.0
55.386910718746634,1273.0,1283.0
55.63640130756982,1283.0,1283.0
55.885891896393,1276.0,1276.0
56.135382485216184,1271.0,1271.0
56.38487307403937,1269.0,1269.0
56.63436366286255,1253.0,1263.0
56.88385425168573,1263.0,1263.0
57.13334484050891,1260.0,1260.0
57.3828354293321,1260.0,1260.0
57.63232601815528,1256.0,1259.0
57.88181660697846,1257.0,1259.0
58.13130719580165,1254.0,1259.0
58.38079778462483,1254.0,1259.0
58.63028837344801,1256.0,1259.0
58.879778962271196,1251.0,1259.0
59.12926955109438,1258.0,1259.0
59.37876013991756,1252.0,1259.0
59.628250728740746,1254.0,1259.0
59.87774131756393,1259.0,1259.0
60.12723190638711,1253.0,1258.0
60.376722495210295,1246.0,1258.0
60.62621308403348,1251.0,1258.0
60.87570367285666,1248.0,1258.0
61.12519426167984,1251.0,1258.0
61.37468485050303,1258.0,1258.0
61.62417543932621,1244.0,1256.0
61.87366602814939,1245.0,1256.0
62.12315661697258,1246.0,1256.0
62.37264720579576,1249.0,1256.0
62.622137794618936,1244.0,1256.0
62.87162838344213,1249.0,1256.0
63.12111897226531,1248.0,1256.0
63.370609561088486,1250.0,1256.0
63.62010014991168,1246.0,1256.0
63.86959073873486,1241.0,1256.0
64.11908132755804,1240.0,1256.0
64.36857191638123,1238.0,1256.0
64.6180625052044,1251.0,1256.0
64.86755309402758,1256.0,1256.0
65.11704368285078,1238.0,1246.0
65.36653427167396,1231.0,1246.0
65.61602486049715,1237.0,1246.0
65.86551544932031,1226.0,1246.0
66.1150060381435,1246.0,1246.0
66.3644966269667,1227.0,1238.0
66.61398721578986,1238.0,1238.0
66.86347780461305,1233.0,1237.0
67.11296839343623,1230.0,1237.0
67.36245898225941,1225.0,1237.0
67.6119495710826,1229.0,1237.0
67.86144015990578,1237.0,1237.0
68.11093074872896,1226.0,1237.0
68.36042133755215,1223.0,1237.0
68.60991192637533,1222.0,1237.0
68.85940251519851,1223.0,1237.0
69.1088931040217,1224.0,1237.0
69.35838369284488,1220.0,1237.0
69.60787428166806,1221.0,1237.0
69.85736487049125,1224.0,1237.0
70.10685545931443,1232.0,1237.0
70.35634604813761,1237.0,1237.0
70.6058366369608,1231.0,1231.0
70.85532722578398,1222.0,1222.0
71.10481781460716,1207.0,1217.0
71.35430840343035,1216.0,1217.0
71.60379899225353,1214.0,1217.0
71.85328958107671,1213.0,1217.0
72.1027801698999,1212.0,1217.0
72.35227075872308,1217.0,1217.0
72.60176134754626,1205.0,1205.0
72.85125193636945,1204.0,1205.0
73.10074252519263,1204.0,1205.0
73.35023311401581,1203.0,1205.0
73.599723702839,1201.0,1205.0
73.84921429166218,1203.0,1205.0
74.09870488048536,1204.0,1205.0
74.34819546930854,1205.0,1205.0
74.59768605813173,1205.0,1205.0
74.8471766469549,1192.0,1200.0
75.09666723577809,1199.0,1200.0
75.34615782460128,1198.0,1200.0
75.59564841342446,1195.0,1200.0
75.84513900224763,1197.0,1200.0
76.09462959107083,1198.0,1200.0
76.344120179894,1200.0,1200.0
76.59361076871718,1193.0,1195.0
76.84310135754038,1195.0,1195.0
77.09259194636356,1192.0,1194.0
77.34208253518673,1194.0,1194.0
77.59157312400993,1189.0,1189.0
77.8410637128331,1184.0,1189.0
78.09055430165628,1189.0,1189.0
78.34004489047948,1188.0,1189.0
78.58953547930265,1187.0,1189.0
78.83902606812583,1189.0,1189.0
79.08851665694903,1188.0,1189.0
79.3380072457722,1186.0,1189.0
79.58749783459538,1189.0,1189.0
79.83698842341857,1189.0,1189.0
80.08647901224175,1186.0,1186.0
80.33596960106493,1184.0,1184.0
80.58546018988812,1179.0,1179.0
80.8349507787113,1172.0,1172.0
81.08444136753448,1170.0,1170.0
81.33393195635767,1164.0,1164.0
81.58342254518085,1155.0,1162.0
81.83291313400403,1162.0,1162.0
82.08240372282722,1150.0,1161.0
82.33189431165042,1148.0,1161.0
82.58138490047358,1148.0,1161.0
82.83087548929677,1147.0,1161.0
83.08036607811995,1153.0,1161.0
83.32985666694313,1156.0,1161.0
83.57934725576632,1158.0,1161.0
83.8288378445895,1145.0,1161.0
84.07832843341268,1161.0,1161.0
84.32781902223587,1145.0,1145.0
84.57730961105905,1143.0,1143.0
84.82680019988223,1137.0,1140.0
85.07629078870542,1140.0,1140.0
85.3257813775286,1140.0,1140.0
85.57527196635178,1139.0,1139.0
85.82476255517497,1131.0,1136.0
86.07425314399815,1136.0,1136.0
86.32374373282133,1131.0,1132.0
86.57323432164452,1130.0,1132.0
86.8227249104677,1132.0,1132.0
87.07221549929088,1128.0,1128.0
87.32170608811407,1126.0,1127.0
87.57119667693725,1127.0,1127.0
87.82068726576043,1126.0,1127.0
88.07017785458362,1127.0,1127.0
88.3196684434068,1121.0,1127.0
88.56915903222998,1125.0,1127.0
88.81864962105317,1124.0,1127.0
89.06814020987635,1127.0,1127.0
89.31763079869953,1118.0,1123.0
89.56712138752272,1119.0,1123.0
89.8166119763459,1120.0,1123.0
90.06610256516907,1121.0,1123.0
90.31559315399225,1123.0,1123.0
90.56508374281545,1119.0,1119.0
