fecha,codigo,nombre,precipitacion_mm,nivel_aprobacion,motivo
1982-11-01,24020080,VALLE DE SAN JOSE,634.0,Preliminar,pico extremo que los vecinos no acompañan
1987-12-01,24020120,COROMORO,707.2,Definitivo,pico extremo que los vecinos no acompañan
2016-01-01,24020040,ENCINO,131.2,Preliminar,exclusión vigente (tabla EXCLUSIONES)
2016-02-01,24020040,ENCINO,206.2,Preliminar,exclusión vigente (tabla EXCLUSIONES)
2016-03-01,24020040,ENCINO,345.9,Preliminar,exclusión vigente (tabla EXCLUSIONES)
2016-04-01,24020040,ENCINO,546.4,Preliminar,exclusión vigente (tabla EXCLUSIONES)
2016-05-01,24020040,ENCINO,251.0,Preliminar,exclusión vigente (tabla EXCLUSIONES)
2016-06-01,24020040,ENCINO,73.0,Preliminar,exclusión vigente (tabla EXCLUSIONES)
2016-07-01,24020040,ENCINO,120.4,Preliminar,exclusión vigente (tabla EXCLUSIONES)
2016-08-01,24020040,ENCINO,90.8,Preliminar,exclusión vigente (tabla EXCLUSIONES)
2016-09-01,24020040,ENCINO,364.9,Preliminar,exclusión vigente (tabla EXCLUSIONES)
2016-10-01,24020040,ENCINO,626.4,Preliminar,exclusión vigente (tabla EXCLUSIONES)
2016-11-01,24020040,ENCINO,653.1,Preliminar,exclusión vigente (tabla EXCLUSIONES)
2016-12-01,24020040,ENCINO,873.4,Preliminar,exclusión vigente (tabla EXCLUSIONES)
2017-01-01,24020040,ENCINO,453.3,Preliminar,exclusión vigente (tabla EXCLUSIONES)
2017-02-01,24020040,ENCINO,537.0,Preliminar,exclusión vigente (tabla EXCLUSIONES)
2017-03-01,24020040,ENCINO,649.2,Preliminar,exclusión vigente (tabla EXCLUSIONES)
2017-04-01,24020040,ENCINO,535.4,Preliminar,exclusión vigente (tabla EXCLUSIONES)
2017-05-01,24020040,ENCINO,588.9,Preliminar,exclusión vigente (tabla EXCLUSIONES)
2017-06-01,24020040,ENCINO,932.0,Preliminar,exclusión vigente (tabla EXCLUSIONES)
2017-07-01,24020040,ENCINO,486.3,Preliminar,exclusión vigente (tabla EXCLUSIONES)
2017-08-01,24020040,ENCINO,581.2,Preliminar,exclusión vigente (tabla EXCLUSIONES)
2017-09-01,24020040,ENCINO,156.3,Preliminar,exclusión vigente (tabla EXCLUSIONES)
2017-10-01,24020040,ENCINO,346.0,Preliminar,exclusión vigente (tabla EXCLUSIONES)
2017-11-01,24020040,ENCINO,1071.1,Preliminar,exclusión vigente (tabla EXCLUSIONES)
2017-12-01,24020040,ENCINO,358.3,Preliminar,exclusión vigente (tabla EXCLUSIONES)
2018-01-01,24020040,ENCINO,305.4,Preliminar,exclusión vigente (tabla EXCLUSIONES)
2018-02-01,24020040,ENCINO,136.7,Preliminar,exclusión vigente (tabla EXCLUSIONES)
2018-03-01,24020040,ENCINO,504.0,Preliminar,exclusión vigente (tabla EXCLUSIONES)
2018-04-01,24020040,ENCINO,489.2,Preliminar,exclusión vigente (tabla EXCLUSIONES)
2018-05-01,24020040,ENCINO,603.2,Preliminar,exclusión vigente (tabla EXCLUSIONES)
2018-06-01,24020040,ENCINO,343.1,Preliminar,exclusión vigente (tabla EXCLUSIONES)
2018-07-01,24020040,ENCINO,178.6,Preliminar,exclusión vigente (tabla EXCLUSIONES)
2018-08-01,24020040,ENCINO,138.4,Preliminar,exclusión vigente (tabla EXCLUSIONES)
2018-09-01,24020040,ENCINO,290.6,Preliminar,exclusión vigente (tabla EXCLUSIONES)
2018-10-01,24020040,ENCINO,904.1,Preliminar,exclusión vigente (tabla EXCLUSIONES)
2018-11-01,24020040,ENCINO,812.5,Preliminar,exclusión vigente (tabla EXCLUSIONES)
2018-12-01,24020040,ENCINO,127.2,Preliminar,exclusión vigente (tabla EXCLUSIONES)
2017-12-01,24020080,VALLE DE SAN JOSE,0.0,Preliminar,exclusión vigente (tabla EXCLUSIONES)
2021-12-01,24020080,VALLE DE SAN JOSE,0.0,Preliminar,exclusión vigente (tabla EXCLUSIONES)
