fecha,codigo,nombre,precipitacion_mm,nivel_aprobacion
1981-01-01,24020040,ENCINO,143.0,Preliminar
1981-02-01,24020040,ENCINO,259.0,Preliminar
1981-03-01,24020040,ENCINO,236.0,Preliminar
1981-04-01,24020040,ENCINO,533.0,Preliminar
1981-05-01,24020040,ENCINO,597.0,Preliminar
1981-06-01,24020040,ENCINO,358.0,Preliminar
1981-07-01,24020040,ENCINO,101.0,Preliminar
1981-08-01,24020040,ENCINO,303.0,Preliminar
1981-09-01,24020040,ENCINO,126.0,Preliminar
1981-10-01,24020040,ENCINO,514.0,Preliminar
1981-11-01,24020040,ENCINO,423.0,Preliminar
1982-06-01,24020040,ENCINO,92.0,Preliminar
1982-07-01,24020040,ENCINO,97.0,Preliminar
1982-08-01,24020040,ENCINO,61.0,Preliminar
1982-09-01,24020040,ENCINO,276.0,Preliminar
1982-10-01,24020040,ENCINO,513.0,Preliminar
1982-11-01,24020040,ENCINO,220.0,Preliminar
1982-12-01,24020040,ENCINO,453.0,Preliminar
1983-01-01,24020040,ENCINO,144.0,Preliminar
1983-02-01,24020040,ENCINO,43.0,Preliminar
1983-03-01,24020040,ENCINO,259.0,Preliminar
1983-04-01,24020040,ENCINO,347.0,Preliminar
1983-05-01,24020040,ENCINO,378.0,Preliminar
1983-06-01,24020040,ENCINO,103.0,Preliminar
1983-07-01,24020040,ENCINO,89.0,Preliminar
1983-08-01,24020040,ENCINO,98.0,Preliminar
1983-09-01,24020040,ENCINO,112.0,Preliminar
1983-10-01,24020040,ENCINO,416.0,Preliminar
1983-11-01,24020040,ENCINO,296.0,Preliminar
1983-12-01,24020040,ENCINO,359.0,Preliminar
1984-01-01,24020040,ENCINO,229.0,Preliminar
1984-02-01,24020040,ENCINO,195.0,Preliminar
1984-03-01,24020040,ENCINO,352.0,Preliminar
1984-04-01,24020040,ENCINO,265.0,Preliminar
1984-05-01,24020040,ENCINO,299.0,Preliminar
1984-06-01,24020040,ENCINO,178.0,Preliminar
1984-07-01,24020040,ENCINO,102.0,Preliminar
1984-08-01,24020040,ENCINO,97.0,Preliminar
1984-09-01,24020040,ENCINO,206.0,Preliminar
1984-10-01,24020040,ENCINO,358.0,Preliminar
1984-11-01,24020040,ENCINO,383.0,Preliminar
1984-12-01,24020040,ENCINO,304.0,Preliminar
1985-01-01,24020040,ENCINO,189.0,Preliminar
1985-02-01,24020040,ENCINO,196.0,Preliminar
1985-03-01,24020040,ENCINO,370.0,Preliminar
1985-04-01,24020040,ENCINO,480.0,Preliminar
1985-05-01,24020040,ENCINO,237.0,Preliminar
1985-06-01,24020040,ENCINO,129.0,Preliminar
1985-07-01,24020040,ENCINO,115.0,Preliminar
1985-08-01,24020040,ENCINO,134.0,Preliminar
1985-09-01,24020040,ENCINO,180.0,Preliminar
1985-10-01,24020040,ENCINO,291.0,Preliminar
1985-11-01,24020040,ENCINO,465.0,Preliminar
1985-12-01,24020040,ENCINO,156.0,Preliminar
1986-01-01,24020040,ENCINO,230.0,Preliminar
1986-02-01,24020040,ENCINO,277.5,Preliminar
1986-03-01,24020040,ENCINO,428.3,Preliminar
1986-04-01,24020040,ENCINO,552.0,Preliminar
1986-05-01,24020040,ENCINO,514.0,Preliminar
1986-06-01,24020040,ENCINO,79.0,Preliminar
1986-07-01,24020040,ENCINO,24.0,Preliminar
1986-08-01,24020040,ENCINO,47.0,Preliminar
1986-09-01,24020040,ENCINO,223.0,Preliminar
1986-10-01,24020040,ENCINO,388.0,Preliminar
1986-11-01,24020040,ENCINO,439.0,Preliminar
1986-12-01,24020040,ENCINO,3.0,Preliminar
1987-01-01,24020040,ENCINO,274.0,Preliminar
1987-02-01,24020040,ENCINO,248.0,Preliminar
1987-03-01,24020040,ENCINO,292.0,Preliminar
1987-04-01,24020040,ENCINO,347.0,Preliminar
1987-05-01,24020040,ENCINO,312.0,Preliminar
1987-06-01,24020040,ENCINO,83.2,Preliminar
1987-07-01,24020040,ENCINO,217.0,Preliminar
1987-08-01,24020040,ENCINO,126.0,Preliminar
1987-09-01,24020040,ENCINO,199.0,Preliminar
1987-10-01,24020040,ENCINO,478.8,Preliminar
1987-11-01,24020040,ENCINO,420.0,Preliminar
1987-12-01,24020040,ENCINO,145.0,Preliminar
1988-01-01,24020040,ENCINO,294.0,Preliminar
1988-02-01,24020040,ENCINO,339.0,Preliminar
1988-03-01,24020040,ENCINO,153.0,Preliminar
1988-04-01,24020040,ENCINO,386.0,Preliminar
1988-05-01,24020040,ENCINO,328.0,Preliminar
1988-06-01,24020040,ENCINO,314.0,Preliminar
1988-07-01,24020040,ENCINO,231.0,Preliminar
1988-08-01,24020040,ENCINO,386.0,Preliminar
1988-09-01,24020040,ENCINO,217.0,Preliminar
1988-10-01,24020040,ENCINO,410.0,Preliminar
1988-11-01,24020040,ENCINO,374.0,Preliminar
1988-12-01,24020040,ENCINO,375.0,Preliminar
1989-01-01,24020040,ENCINO,251.0,Preliminar
1989-02-01,24020040,ENCINO,379.0,Preliminar
1989-03-01,24020040,ENCINO,508.0,Preliminar
1989-04-01,24020040,ENCINO,210.0,Preliminar
1989-05-01,24020040,ENCINO,365.0,Preliminar
1989-06-01,24020040,ENCINO,67.0,Preliminar
1989-07-01,24020040,ENCINO,96.0,Preliminar
1989-08-01,24020040,ENCINO,123.0,Preliminar
1989-09-01,24020040,ENCINO,437.0,Preliminar
1989-10-01,24020040,ENCINO,235.0,Preliminar
1989-11-01,24020040,ENCINO,494.0,Preliminar
1989-12-01,24020040,ENCINO,273.0,Preliminar
1990-01-01,24020040,ENCINO,213.0,Preliminar
1990-02-01,24020040,ENCINO,255.0,Preliminar
1990-03-01,24020040,ENCINO,441.0,Preliminar
1990-04-01,24020040,ENCINO,666.0,Preliminar
1990-05-01,24020040,ENCINO,183.0,Preliminar
1990-06-01,24020040,ENCINO,104.0,Preliminar
1990-07-01,24020040,ENCINO,105.0,Preliminar
1990-08-01,24020040,ENCINO,105.0,Preliminar
1990-09-01,24020040,ENCINO,230.0,Preliminar
1990-10-01,24020040,ENCINO,555.0,Preliminar
1990-11-01,24020040,ENCINO,344.0,Preliminar
1990-12-01,24020040,ENCINO,324.0,Preliminar
1991-01-01,24020040,ENCINO,66.0,Preliminar
1991-02-01,24020040,ENCINO,272.0,Preliminar
1991-03-01,24020040,ENCINO,215.0,Preliminar
1991-04-01,24020040,ENCINO,373.0,Preliminar
1991-05-01,24020040,ENCINO,378.0,Preliminar
1991-06-01,24020040,ENCINO,44.0,Preliminar
1991-07-01,24020040,ENCINO,90.0,Preliminar
1991-08-01,24020040,ENCINO,45.0,Preliminar
1991-09-01,24020040,ENCINO,253.0,Preliminar
1991-10-01,24020040,ENCINO,260.0,Preliminar
1991-11-01,24020040,ENCINO,579.0,Preliminar
1992-01-01,24020040,ENCINO,205.0,Preliminar
1992-02-01,24020040,ENCINO,227.0,Preliminar
1992-03-01,24020040,ENCINO,257.0,Preliminar
1992-04-01,24020040,ENCINO,321.0,Preliminar
1992-05-01,24020040,ENCINO,248.0,Preliminar
1992-06-01,24020040,ENCINO,70.0,Preliminar
1992-07-01,24020040,ENCINO,41.0,Preliminar
1992-08-01,24020040,ENCINO,69.0,Preliminar
1992-09-01,24020040,ENCINO,288.0,Preliminar
1992-10-01,24020040,ENCINO,239.0,Preliminar
1992-11-01,24020040,ENCINO,236.0,Preliminar
1992-12-01,24020040,ENCINO,447.0,Preliminar
1993-01-01,24020040,ENCINO,194.0,Preliminar
1993-02-01,24020040,ENCINO,115.0,Preliminar
1993-03-01,24020040,ENCINO,250.0,Preliminar
1993-04-01,24020040,ENCINO,404.0,Preliminar
1993-05-01,24020040,ENCINO,238.0,Preliminar
1993-06-01,24020040,ENCINO,12.0,Preliminar
1993-07-01,24020040,ENCINO,74.0,Preliminar
1993-08-01,24020040,ENCINO,77.0,Preliminar
1993-09-01,24020040,ENCINO,205.0,Preliminar
1993-10-01,24020040,ENCINO,385.0,Preliminar
1993-11-01,24020040,ENCINO,388.0,Preliminar
1993-12-01,24020040,ENCINO,227.0,Preliminar
1994-01-01,24020040,ENCINO,150.0,Preliminar
1994-02-01,24020040,ENCINO,167.0,Preliminar
1994-03-01,24020040,ENCINO,578.0,Preliminar
1994-04-01,24020040,ENCINO,345.0,Preliminar
1994-05-01,24020040,ENCINO,302.0,Preliminar
1994-06-01,24020040,ENCINO,141.0,Preliminar
1994-07-01,24020040,ENCINO,63.0,Preliminar
1994-08-01,24020040,ENCINO,77.0,Preliminar
1994-09-01,24020040,ENCINO,175.0,Preliminar
1994-10-01,24020040,ENCINO,325.0,Preliminar
1994-11-01,24020040,ENCINO,518.0,Preliminar
1994-12-01,24020040,ENCINO,221.0,Preliminar
1995-01-01,24020040,ENCINO,111.0,Preliminar
1995-02-01,24020040,ENCINO,79.0,Preliminar
1995-03-01,24020040,ENCINO,412.0,Preliminar
1995-04-01,24020040,ENCINO,263.0,Preliminar
1995-05-01,24020040,ENCINO,223.0,Preliminar
1995-06-01,24020040,ENCINO,238.0,Preliminar
1995-07-01,24020040,ENCINO,187.0,Preliminar
1995-08-01,24020040,ENCINO,298.0,Preliminar
1995-09-01,24020040,ENCINO,347.0,Preliminar
1995-10-01,24020040,ENCINO,531.0,Preliminar
1995-12-01,24020040,ENCINO,227.0,Preliminar
1996-01-01,24020040,ENCINO,363.0,Preliminar
1996-02-01,24020040,ENCINO,505.0,Preliminar
1996-03-01,24020040,ENCINO,326.0,Preliminar
1996-04-01,24020040,ENCINO,285.0,Preliminar
1996-05-01,24020040,ENCINO,401.0,Preliminar
1996-06-01,24020040,ENCINO,186.0,Preliminar
1996-07-01,24020040,ENCINO,147.0,Preliminar
1996-08-01,24020040,ENCINO,234.0,Preliminar
1996-09-01,24020040,ENCINO,174.0,Preliminar
1996-10-01,24020040,ENCINO,357.0,Preliminar
1996-11-01,24020040,ENCINO,342.0,Preliminar
1996-12-01,24020040,ENCINO,129.0,Preliminar
1997-01-01,24020040,ENCINO,265.0,Preliminar
1997-02-01,24020040,ENCINO,322.0,Preliminar
1997-03-01,24020040,ENCINO,202.0,Preliminar
1997-04-01,24020040,ENCINO,532.0,Preliminar
1997-05-01,24020040,ENCINO,317.0,Preliminar
1997-06-01,24020040,ENCINO,173.0,Preliminar
1997-07-01,24020040,ENCINO,26.0,Preliminar
1997-08-01,24020040,ENCINO,29.0,Preliminar
1997-09-01,24020040,ENCINO,350.0,Preliminar
1997-10-01,24020040,ENCINO,288.0,Preliminar
1997-11-01,24020040,ENCINO,463.0,Preliminar
1997-12-01,24020040,ENCINO,215.0,Preliminar
1998-01-01,24020040,ENCINO,86.0,Preliminar
1998-02-01,24020040,ENCINO,221.0,Preliminar
1998-03-01,24020040,ENCINO,403.0,Preliminar
1998-04-01,24020040,ENCINO,331.0,Preliminar
1998-05-01,24020040,ENCINO,278.0,Preliminar
1998-06-01,24020040,ENCINO,97.0,Preliminar
1998-07-01,24020040,ENCINO,79.0,Preliminar
1998-08-01,24020040,ENCINO,201.0,Preliminar
1998-09-01,24020040,ENCINO,181.0,Preliminar
1998-10-01,24020040,ENCINO,391.0,Preliminar
1998-11-01,24020040,ENCINO,318.0,Preliminar
1998-12-01,24020040,ENCINO,444.0,Preliminar
1999-01-01,24020040,ENCINO,333.0,Preliminar
1999-02-01,24020040,ENCINO,668.0,Preliminar
1999-03-01,24020040,ENCINO,394.0,Preliminar
1999-04-01,24020040,ENCINO,301.0,Preliminar
1999-05-01,24020040,ENCINO,174.0,Preliminar
1999-06-01,24020040,ENCINO,176.0,Preliminar
1999-07-01,24020040,ENCINO,61.0,Preliminar
1999-08-01,24020040,ENCINO,108.0,Preliminar
1999-09-01,24020040,ENCINO,303.0,Preliminar
1999-10-01,24020040,ENCINO,310.0,Preliminar
1999-11-01,24020040,ENCINO,404.0,Preliminar
1999-12-01,24020040,ENCINO,378.0,Preliminar
2000-01-01,24020040,ENCINO,313.0,Preliminar
2000-02-01,24020040,ENCINO,410.0,Preliminar
2000-03-01,24020040,ENCINO,392.0,Preliminar
2000-04-01,24020040,ENCINO,326.0,Preliminar
2000-05-01,24020040,ENCINO,149.0,Preliminar
2000-06-01,24020040,ENCINO,171.0,Preliminar
2000-07-01,24020040,ENCINO,176.0,Preliminar
2000-08-01,24020040,ENCINO,117.0,Preliminar
2000-09-01,24020040,ENCINO,265.0,Preliminar
2000-10-01,24020040,ENCINO,244.0,Preliminar
2000-11-01,24020040,ENCINO,297.0,Preliminar
2000-12-01,24020040,ENCINO,169.0,Preliminar
2001-01-01,24020040,ENCINO,156.0,Preliminar
2001-02-01,24020040,ENCINO,244.0,Preliminar
2001-03-01,24020040,ENCINO,381.0,Preliminar
2001-04-01,24020040,ENCINO,301.0,Preliminar
2001-05-01,24020040,ENCINO,261.0,Preliminar
2001-06-01,24020040,ENCINO,85.0,Preliminar
2001-07-01,24020040,ENCINO,139.0,Preliminar
2001-08-01,24020040,ENCINO,45.0,Preliminar
2001-09-01,24020040,ENCINO,184.0,Preliminar
2001-10-01,24020040,ENCINO,404.0,Preliminar
2001-11-01,24020040,ENCINO,300.0,Preliminar
2001-12-01,24020040,ENCINO,355.0,Preliminar
2002-01-01,24020040,ENCINO,80.0,Preliminar
2002-02-01,24020040,ENCINO,177.0,Preliminar
2002-03-01,24020040,ENCINO,253.0,Preliminar
2002-04-01,24020040,ENCINO,504.0,Preliminar
2002-05-01,24020040,ENCINO,230.0,Preliminar
2002-06-01,24020040,ENCINO,157.0,Preliminar
2002-07-01,24020040,ENCINO,107.0,Preliminar
2002-08-01,24020040,ENCINO,68.0,Preliminar
2002-09-01,24020040,ENCINO,275.0,Preliminar
2002-10-01,24020040,ENCINO,167.0,Preliminar
2002-11-01,24020040,ENCINO,231.0,Preliminar
2002-12-01,24020040,ENCINO,324.0,Preliminar
2003-01-01,24020040,ENCINO,61.0,Preliminar
2003-03-01,24020040,ENCINO,301.0,Preliminar
2003-04-01,24020040,ENCINO,316.0,Preliminar
2003-05-01,24020040,ENCINO,249.0,Preliminar
2003-06-01,24020040,ENCINO,145.0,Preliminar
2003-07-01,24020040,ENCINO,132.0,Preliminar
2003-08-01,24020040,ENCINO,176.0,Preliminar
2003-09-01,24020040,ENCINO,430.0,Preliminar
2003-10-01,24020040,ENCINO,557.0,Preliminar
2003-11-01,24020040,ENCINO,664.0,Preliminar
2003-12-01,24020040,ENCINO,308.0,Preliminar
2004-01-01,24020040,ENCINO,196.0,Preliminar
2004-02-01,24020040,ENCINO,252.0,Preliminar
2004-03-01,24020040,ENCINO,332.0,Preliminar
2004-04-01,24020040,ENCINO,325.0,Preliminar
2004-05-01,24020040,ENCINO,385.0,Preliminar
2004-06-01,24020040,ENCINO,70.0,Preliminar
2004-07-01,24020040,ENCINO,161.0,Preliminar
2004-08-01,24020040,ENCINO,6.0,Preliminar
2004-09-01,24020040,ENCINO,283.0,Preliminar
2004-10-01,24020040,ENCINO,242.0,Preliminar
2004-11-01,24020040,ENCINO,483.0,Preliminar
2004-12-01,24020040,ENCINO,202.0,Preliminar
2005-01-01,24020040,ENCINO,296.0,Preliminar
2005-02-01,24020040,ENCINO,435.0,Preliminar
2005-03-01,24020040,ENCINO,258.0,Preliminar
2005-04-01,24020040,ENCINO,451.0,Preliminar
2005-05-01,24020040,ENCINO,202.0,Preliminar
2005-06-01,24020040,ENCINO,159.0,Preliminar
2005-07-01,24020040,ENCINO,73.0,Preliminar
2005-08-01,24020040,ENCINO,67.0,Preliminar
2005-09-01,24020040,ENCINO,88.0,Preliminar
2005-10-01,24020040,ENCINO,590.0,Preliminar
2005-11-01,24020040,ENCINO,425.0,Preliminar
2005-12-01,24020040,ENCINO,311.0,Preliminar
2006-01-01,24020040,ENCINO,241.0,Preliminar
2006-02-01,24020040,ENCINO,125.0,Preliminar
2006-03-01,24020040,ENCINO,448.0,Preliminar
2006-04-01,24020040,ENCINO,555.0,Preliminar
2006-05-01,24020040,ENCINO,410.0,Preliminar
2006-06-01,24020040,ENCINO,165.0,Preliminar
2006-07-01,24020040,ENCINO,27.0,Preliminar
2006-08-01,24020040,ENCINO,163.0,Preliminar
2006-09-01,24020040,ENCINO,232.0,Preliminar
2006-10-01,24020040,ENCINO,477.3,Preliminar
2006-11-01,24020040,ENCINO,669.2,Preliminar
2006-12-01,24020040,ENCINO,353.8,Preliminar
2007-01-01,24020040,ENCINO,328.7,Preliminar
2007-02-01,24020040,ENCINO,155.4,Preliminar
2007-03-01,24020040,ENCINO,544.0,Preliminar
2007-04-01,24020040,ENCINO,434.6,Preliminar
2007-05-01,24020040,ENCINO,281.9,Preliminar
2007-06-01,24020040,ENCINO,72.0,Preliminar
2007-07-01,24020040,ENCINO,136.9,Preliminar
2007-08-01,24020040,ENCINO,231.5,Preliminar
2007-09-01,24020040,ENCINO,212.2,Preliminar
2007-10-01,24020040,ENCINO,512.0,Preliminar
2007-11-01,24020040,ENCINO,348.3,Preliminar
2008-03-01,24020040,ENCINO,435.0,Preliminar
2008-04-01,24020040,ENCINO,264.2,Preliminar
2008-05-01,24020040,ENCINO,293.8,Preliminar
2008-06-01,24020040,ENCINO,127.6,Preliminar
2008-07-01,24020040,ENCINO,238.5,Preliminar
2008-08-01,24020040,ENCINO,237.5,Preliminar
2008-09-01,24020040,ENCINO,240.8,Preliminar
2008-10-01,24020040,ENCINO,344.8,Preliminar
2008-11-01,24020040,ENCINO,520.0,Preliminar
2008-12-01,24020040,ENCINO,149.8,Preliminar
2009-01-01,24020040,ENCINO,303.4,Preliminar
2009-02-01,24020040,ENCINO,329.4,Preliminar
2009-03-01,24020040,ENCINO,406.8,Preliminar
2009-04-01,24020040,ENCINO,336.2,Preliminar
2009-05-01,24020040,ENCINO,73.7,Preliminar
2009-08-01,24020040,ENCINO,50.4,Preliminar
2009-09-01,24020040,ENCINO,75.3,Preliminar
2009-10-01,24020040,ENCINO,289.5,Preliminar
2009-11-01,24020040,ENCINO,463.4,Preliminar
2009-12-01,24020040,ENCINO,260.8,Preliminar
2010-01-01,24020040,ENCINO,196.7,Preliminar
2010-02-01,24020040,ENCINO,163.8,Preliminar
2010-03-01,24020040,ENCINO,351.5,Preliminar
2010-04-01,24020040,ENCINO,311.9,Preliminar
2010-05-01,24020040,ENCINO,280.0,Preliminar
2010-06-01,24020040,ENCINO,257.6,Preliminar
2010-07-01,24020040,ENCINO,235.7,Preliminar
2010-08-01,24020040,ENCINO,172.4,Preliminar
2010-09-01,24020040,ENCINO,306.2,Preliminar
2010-10-01,24020040,ENCINO,332.4,Preliminar
2010-11-01,24020040,ENCINO,530.5,Preliminar
2010-12-01,24020040,ENCINO,179.7,Preliminar
2011-01-01,24020040,ENCINO,112.7,Preliminar
2011-02-01,24020040,ENCINO,284.2,Preliminar
2011-03-01,24020040,ENCINO,249.9,Preliminar
2011-04-01,24020040,ENCINO,392.0,Preliminar
2011-05-01,24020040,ENCINO,298.9,Preliminar
2011-06-01,24020040,ENCINO,132.0,Preliminar
2011-07-01,24020040,ENCINO,79.0,Preliminar
2011-08-01,24020040,ENCINO,266.0,Preliminar
2011-09-01,24020040,ENCINO,178.7,Preliminar
2011-10-01,24020040,ENCINO,307.3,Preliminar
2011-11-01,24020040,ENCINO,386.6,Preliminar
2011-12-01,24020040,ENCINO,492.0,Preliminar
2012-01-01,24020040,ENCINO,467.7,Preliminar
2012-02-01,24020040,ENCINO,155.3,Preliminar
2012-03-01,24020040,ENCINO,230.3,Preliminar
2012-04-01,24020040,ENCINO,473.5,Preliminar
2012-05-01,24020040,ENCINO,308.4,Preliminar
2012-06-01,24020040,ENCINO,125.2,Preliminar
2012-07-01,24020040,ENCINO,64.6,Preliminar
2012-08-01,24020040,ENCINO,195.3,Preliminar
2012-09-01,24020040,ENCINO,138.0,Preliminar
2012-10-01,24020040,ENCINO,376.2,Preliminar
2012-11-01,24020040,ENCINO,257.9,Preliminar
2012-12-01,24020040,ENCINO,178.2,Preliminar
2013-01-01,24020040,ENCINO,110.7,Preliminar
2013-02-01,24020040,ENCINO,540.1,Preliminar
2013-03-01,24020040,ENCINO,380.2,Preliminar
2013-04-01,24020040,ENCINO,382.2,Preliminar
2013-05-01,24020040,ENCINO,374.7,Preliminar
2013-06-01,24020040,ENCINO,68.6,Preliminar
2013-07-01,24020040,ENCINO,50.1,Preliminar
2013-08-01,24020040,ENCINO,222.7,Preliminar
2013-09-01,24020040,ENCINO,102.2,Preliminar
2013-10-01,24020040,ENCINO,264.8,Preliminar
2013-11-01,24020040,ENCINO,393.7,Preliminar
2013-12-01,24020040,ENCINO,323.2,Preliminar
2014-01-01,24020040,ENCINO,373.1,Preliminar
2014-02-01,24020040,ENCINO,323.3,Preliminar
2014-03-01,24020040,ENCINO,434.9,Preliminar
2014-04-01,24020040,ENCINO,269.1,Preliminar
2014-05-01,24020040,ENCINO,347.0,Preliminar
2014-06-01,24020040,ENCINO,24.8,Preliminar
2014-07-01,24020040,ENCINO,148.8,Preliminar
2014-08-01,24020040,ENCINO,131.6,Preliminar
2014-09-01,24020040,ENCINO,147.5,Preliminar
2014-10-01,24020040,ENCINO,388.2,Preliminar
2014-11-01,24020040,ENCINO,430.2,Preliminar
2014-12-01,24020040,ENCINO,231.1,Preliminar
2015-01-01,24020040,ENCINO,192.9,Preliminar
2015-02-01,24020040,ENCINO,248.1,Preliminar
2015-03-01,24020040,ENCINO,487.2,Preliminar
2015-04-01,24020040,ENCINO,403.3,Preliminar
2015-05-01,24020040,ENCINO,139.8,Preliminar
2015-06-01,24020040,ENCINO,34.7,Preliminar
2015-07-01,24020040,ENCINO,82.2,Preliminar
2015-08-01,24020040,ENCINO,135.1,Preliminar
2015-09-01,24020040,ENCINO,127.3,Preliminar
2015-10-01,24020040,ENCINO,386.2,Preliminar
2015-11-01,24020040,ENCINO,246.7,Preliminar
2015-12-01,24020040,ENCINO,132.0,Preliminar
2016-01-01,24020040,ENCINO,131.2,Preliminar
2016-02-01,24020040,ENCINO,206.2,Preliminar
2016-03-01,24020040,ENCINO,345.9,Preliminar
2016-04-01,24020040,ENCINO,546.4,Preliminar
2016-05-01,24020040,ENCINO,251.0,Preliminar
2016-06-01,24020040,ENCINO,73.0,Preliminar
2016-07-01,24020040,ENCINO,120.4,Preliminar
2016-08-01,24020040,ENCINO,90.8,Preliminar
2016-09-01,24020040,ENCINO,364.9,Preliminar
2016-10-01,24020040,ENCINO,626.4,Preliminar
2016-11-01,24020040,ENCINO,653.1,Preliminar
2016-12-01,24020040,ENCINO,873.4,Preliminar
2017-01-01,24020040,ENCINO,453.3,Preliminar
2017-02-01,24020040,ENCINO,537.0,Preliminar
2017-03-01,24020040,ENCINO,649.2,Preliminar
2017-04-01,24020040,ENCINO,535.4,Preliminar
2017-05-01,24020040,ENCINO,588.9,Preliminar
2017-06-01,24020040,ENCINO,932.0,Preliminar
2017-07-01,24020040,ENCINO,486.3,Preliminar
2017-08-01,24020040,ENCINO,581.2,Preliminar
2017-09-01,24020040,ENCINO,156.3,Preliminar
2017-10-01,24020040,ENCINO,346.0,Preliminar
2017-11-01,24020040,ENCINO,1071.1,Preliminar
2017-12-01,24020040,ENCINO,358.3,Preliminar
2018-01-01,24020040,ENCINO,305.4,Preliminar
2018-02-01,24020040,ENCINO,136.7,Preliminar
2018-03-01,24020040,ENCINO,504.0,Preliminar
2018-04-01,24020040,ENCINO,489.2,Preliminar
2018-05-01,24020040,ENCINO,603.2,Preliminar
2018-06-01,24020040,ENCINO,343.1,Preliminar
2018-07-01,24020040,ENCINO,178.6,Preliminar
2018-08-01,24020040,ENCINO,138.4,Preliminar
2018-09-01,24020040,ENCINO,290.6,Preliminar
2018-10-01,24020040,ENCINO,904.1,Preliminar
2018-11-01,24020040,ENCINO,812.5,Preliminar
2018-12-01,24020040,ENCINO,127.2,Preliminar
2019-01-01,24020040,ENCINO,148.0,Preliminar
2019-02-01,24020040,ENCINO,535.2,Preliminar
2019-03-01,24020040,ENCINO,542.5,Preliminar
2019-04-01,24020040,ENCINO,280.1,Preliminar
2019-05-01,24020040,ENCINO,241.7,Preliminar
2019-06-01,24020040,ENCINO,110.7,Preliminar
2019-07-01,24020040,ENCINO,136.5,Preliminar
2019-08-01,24020040,ENCINO,78.7,Preliminar
2019-09-01,24020040,ENCINO,172.5,Preliminar
2019-10-01,24020040,ENCINO,286.2,Preliminar
2019-11-01,24020040,ENCINO,336.2,Preliminar
2019-12-01,24020040,ENCINO,381.5,Preliminar
2020-01-01,24020040,ENCINO,164.4,Preliminar
2020-02-01,24020040,ENCINO,120.1,Preliminar
2020-03-01,24020040,ENCINO,386.7,Preliminar
2020-04-01,24020040,ENCINO,351.6,Preliminar
2020-05-01,24020040,ENCINO,267.7,Preliminar
2020-06-01,24020040,ENCINO,260.4,Preliminar
2020-07-01,24020040,ENCINO,192.1,Preliminar
2020-08-01,24020040,ENCINO,293.0,Preliminar
2020-09-01,24020040,ENCINO,184.2,Preliminar
2020-10-01,24020040,ENCINO,320.4,Preliminar
2020-11-01,24020040,ENCINO,394.1,Preliminar
2020-12-01,24020040,ENCINO,368.9,Preliminar
2021-01-01,24020040,ENCINO,32.1,Preliminar
2021-02-01,24020040,ENCINO,119.8,Preliminar
2021-03-01,24020040,ENCINO,423.3,Preliminar
2021-04-01,24020040,ENCINO,307.1,Preliminar
2021-05-01,24020040,ENCINO,242.0,Preliminar
2021-06-01,24020040,ENCINO,118.0,Preliminar
2021-07-01,24020040,ENCINO,79.2,Preliminar
2021-08-01,24020040,ENCINO,142.8,Preliminar
2021-09-01,24020040,ENCINO,232.5,Preliminar
2021-10-01,24020040,ENCINO,381.7,Preliminar
2021-11-01,24020040,ENCINO,250.6,Preliminar
2021-12-01,24020040,ENCINO,242.4,Preliminar
2022-01-01,24020040,ENCINO,182.4,Preliminar
2022-02-01,24020040,ENCINO,291.2,Preliminar
2022-03-01,24020040,ENCINO,436.0,Preliminar
2022-04-01,24020040,ENCINO,386.5,Preliminar
2022-05-01,24020040,ENCINO,313.4,Preliminar
2022-06-01,24020040,ENCINO,257.3,Preliminar
2022-07-01,24020040,ENCINO,148.4,Preliminar
2022-08-01,24020040,ENCINO,147.4,Preliminar
2022-09-01,24020040,ENCINO,336.6,Preliminar
2022-10-01,24020040,ENCINO,459.6,Preliminar
2022-11-01,24020040,ENCINO,345.9,Preliminar
2022-12-01,24020040,ENCINO,348.4,Preliminar
1983-01-01,24020060,VILLANUEVA,54.0,Preliminar
1983-02-01,24020060,VILLANUEVA,50.0,Preliminar
1983-03-01,24020060,VILLANUEVA,469.0,Preliminar
1983-05-01,24020060,VILLANUEVA,576.0,Preliminar
1983-06-01,24020060,VILLANUEVA,236.0,Preliminar
1983-07-01,24020060,VILLANUEVA,97.0,Preliminar
1983-08-01,24020060,VILLANUEVA,230.0,Preliminar
1983-09-01,24020060,VILLANUEVA,213.0,Preliminar
1983-10-01,24020060,VILLANUEVA,406.0,Preliminar
1983-11-01,24020060,VILLANUEVA,302.0,Preliminar
1983-12-01,24020060,VILLANUEVA,242.0,Preliminar
1984-01-01,24020060,VILLANUEVA,146.0,Preliminar
1984-02-01,24020060,VILLANUEVA,252.0,Preliminar
1984-03-01,24020060,VILLANUEVA,328.0,Preliminar
1984-04-01,24020060,VILLANUEVA,330.0,Preliminar
1984-05-01,24020060,VILLANUEVA,364.0,Preliminar
1984-06-01,24020060,VILLANUEVA,304.0,Preliminar
1984-07-01,24020060,VILLANUEVA,402.0,Preliminar
1984-08-01,24020060,VILLANUEVA,294.0,Preliminar
1984-09-01,24020060,VILLANUEVA,294.0,Preliminar
1984-10-01,24020060,VILLANUEVA,480.0,Preliminar
1984-11-01,24020060,VILLANUEVA,290.0,Preliminar
1984-12-01,24020060,VILLANUEVA,178.0,Preliminar
1985-01-01,24020060,VILLANUEVA,25.0,Preliminar
1985-02-01,24020060,VILLANUEVA,134.0,Preliminar
1985-03-01,24020060,VILLANUEVA,512.0,Preliminar
1985-04-01,24020060,VILLANUEVA,384.0,Preliminar
1985-05-01,24020060,VILLANUEVA,270.0,Preliminar
1985-06-01,24020060,VILLANUEVA,72.0,Preliminar
1985-07-01,24020060,VILLANUEVA,46.0,Preliminar
1985-08-01,24020060,VILLANUEVA,136.0,Preliminar
1985-09-01,24020060,VILLANUEVA,203.0,Preliminar
1985-10-01,24020060,VILLANUEVA,202.0,Preliminar
1985-11-01,24020060,VILLANUEVA,194.0,Preliminar
1986-02-01,24020060,VILLANUEVA,178.0,Preliminar
1986-03-01,24020060,VILLANUEVA,320.0,Preliminar
1986-04-01,24020060,VILLANUEVA,448.0,Preliminar
1986-05-01,24020060,VILLANUEVA,200.0,Preliminar
1986-06-01,24020060,VILLANUEVA,130.0,Preliminar
1986-07-01,24020060,VILLANUEVA,138.0,Preliminar
1986-08-01,24020060,VILLANUEVA,144.0,Preliminar
1986-09-01,24020060,VILLANUEVA,108.0,Preliminar
1987-02-01,24020060,VILLANUEVA,122.0,Preliminar
1987-03-01,24020060,VILLANUEVA,222.0,Preliminar
1987-04-01,24020060,VILLANUEVA,332.0,Preliminar
1987-06-01,24020060,VILLANUEVA,200.0,Preliminar
1987-07-01,24020060,VILLANUEVA,214.0,Preliminar
1987-08-01,24020060,VILLANUEVA,173.0,Preliminar
1987-09-01,24020060,VILLANUEVA,280.0,Preliminar
1987-10-01,24020060,VILLANUEVA,440.0,Preliminar
1987-11-01,24020060,VILLANUEVA,242.0,Preliminar
1987-12-01,24020060,VILLANUEVA,80.0,Preliminar
1988-01-01,24020060,VILLANUEVA,70.0,Preliminar
1988-02-01,24020060,VILLANUEVA,278.0,Preliminar
1988-03-01,24020060,VILLANUEVA,114.0,Preliminar
1988-04-01,24020060,VILLANUEVA,237.0,Preliminar
1988-05-01,24020060,VILLANUEVA,286.0,Preliminar
1988-06-01,24020060,VILLANUEVA,274.0,Preliminar
1988-07-01,24020060,VILLANUEVA,310.0,Preliminar
1988-08-01,24020060,VILLANUEVA,414.0,Preliminar
1988-09-01,24020060,VILLANUEVA,340.0,Preliminar
1988-10-01,24020060,VILLANUEVA,378.0,Preliminar
1988-11-01,24020060,VILLANUEVA,428.0,Preliminar
1988-12-01,24020060,VILLANUEVA,281.0,Preliminar
1989-03-01,24020060,VILLANUEVA,394.0,Preliminar
1989-04-01,24020060,VILLANUEVA,247.0,Preliminar
1989-05-01,24020060,VILLANUEVA,146.0,Preliminar
1989-06-01,24020060,VILLANUEVA,168.0,Preliminar
1989-07-01,24020060,VILLANUEVA,140.0,Preliminar
1989-08-01,24020060,VILLANUEVA,198.0,Preliminar
1989-09-01,24020060,VILLANUEVA,448.0,Preliminar
1989-10-01,24020060,VILLANUEVA,386.0,Preliminar
1989-11-01,24020060,VILLANUEVA,374.0,Preliminar
1989-12-01,24020060,VILLANUEVA,202.0,Preliminar
1990-01-01,24020060,VILLANUEVA,200.0,Preliminar
1990-02-01,24020060,VILLANUEVA,70.0,Preliminar
1990-03-01,24020060,VILLANUEVA,171.0,Preliminar
1990-04-01,24020060,VILLANUEVA,564.0,Preliminar
1990-05-01,24020060,VILLANUEVA,368.0,Preliminar
1990-06-01,24020060,VILLANUEVA,140.0,Preliminar
1990-07-01,24020060,VILLANUEVA,80.0,Preliminar
1990-08-01,24020060,VILLANUEVA,68.0,Preliminar
1990-09-01,24020060,VILLANUEVA,244.0,Preliminar
1990-10-01,24020060,VILLANUEVA,499.0,Preliminar
1990-11-01,24020060,VILLANUEVA,520.0,Preliminar
1990-12-01,24020060,VILLANUEVA,212.0,Preliminar
1992-01-01,24020060,VILLANUEVA,0.0,Preliminar
1992-02-01,24020060,VILLANUEVA,92.0,Preliminar
1992-03-01,24020060,VILLANUEVA,188.0,Preliminar
1992-04-01,24020060,VILLANUEVA,284.0,Preliminar
1992-05-01,24020060,VILLANUEVA,220.0,Preliminar
1992-06-01,24020060,VILLANUEVA,137.0,Preliminar
1992-07-01,24020060,VILLANUEVA,30.0,Preliminar
1992-08-01,24020060,VILLANUEVA,64.0,Preliminar
1992-09-01,24020060,VILLANUEVA,292.0,Preliminar
1992-10-01,24020060,VILLANUEVA,296.0,Preliminar
1992-11-01,24020060,VILLANUEVA,410.0,Preliminar
1992-12-01,24020060,VILLANUEVA,402.0,Preliminar
1994-01-01,24020060,VILLANUEVA,154.0,Preliminar
1994-02-01,24020060,VILLANUEVA,262.0,Preliminar
1994-03-01,24020060,VILLANUEVA,594.0,Preliminar
1994-04-01,24020060,VILLANUEVA,606.0,Preliminar
1994-05-01,24020060,VILLANUEVA,486.0,Preliminar
1994-06-01,24020060,VILLANUEVA,168.0,Preliminar
1994-07-01,24020060,VILLANUEVA,196.0,Preliminar
1994-08-01,24020060,VILLANUEVA,232.0,Preliminar
1994-10-01,24020060,VILLANUEVA,444.0,Preliminar
1994-11-01,24020060,VILLANUEVA,481.0,Preliminar
1994-12-01,24020060,VILLANUEVA,392.0,Preliminar
1983-05-01,24020220,PAVAS LAS,208.9,Preliminar
1983-06-01,24020220,PAVAS LAS,51.0,Preliminar
1983-07-01,24020220,PAVAS LAS,11.0,Preliminar
1983-08-01,24020220,PAVAS LAS,18.0,Preliminar
1983-09-01,24020220,PAVAS LAS,21.0,Preliminar
1983-10-01,24020220,PAVAS LAS,170.0,Preliminar
1983-11-01,24020220,PAVAS LAS,166.0,Preliminar
1983-12-01,24020220,PAVAS LAS,219.0,Preliminar
1984-01-01,24020220,PAVAS LAS,130.0,Preliminar
1984-02-01,24020220,PAVAS LAS,121.0,Preliminar
1984-03-01,24020220,PAVAS LAS,114.0,Preliminar
1984-04-01,24020220,PAVAS LAS,131.0,Preliminar
1984-05-01,24020220,PAVAS LAS,200.0,Preliminar
1984-06-01,24020220,PAVAS LAS,85.0,Preliminar
1984-07-01,24020220,PAVAS LAS,77.0,Preliminar
1984-08-01,24020220,PAVAS LAS,73.0,Preliminar
1984-09-01,24020220,PAVAS LAS,144.0,Preliminar
1984-10-01,24020220,PAVAS LAS,209.0,Preliminar
1984-11-01,24020220,PAVAS LAS,229.0,Preliminar
1984-12-01,24020220,PAVAS LAS,159.0,Preliminar
1985-01-01,24020220,PAVAS LAS,101.0,Preliminar
1985-02-01,24020220,PAVAS LAS,117.0,Preliminar
1985-03-01,24020220,PAVAS LAS,282.0,Preliminar
1985-04-01,24020220,PAVAS LAS,285.0,Preliminar
1985-05-01,24020220,PAVAS LAS,91.0,Preliminar
1985-06-01,24020220,PAVAS LAS,43.0,Preliminar
1985-07-01,24020220,PAVAS LAS,60.0,Preliminar
1985-08-01,24020220,PAVAS LAS,70.0,Preliminar
1985-09-01,24020220,PAVAS LAS,205.0,Preliminar
1985-10-01,24020220,PAVAS LAS,260.0,Preliminar
1985-11-01,24020220,PAVAS LAS,239.0,Preliminar
1985-12-01,24020220,PAVAS LAS,127.0,Preliminar
1986-01-01,24020220,PAVAS LAS,136.0,Preliminar
1986-02-01,24020220,PAVAS LAS,185.0,Preliminar
1986-03-01,24020220,PAVAS LAS,201.0,Preliminar
1986-04-01,24020220,PAVAS LAS,367.0,Preliminar
1986-05-01,24020220,PAVAS LAS,175.0,Preliminar
1986-06-01,24020220,PAVAS LAS,60.0,Preliminar
1986-07-01,24020220,PAVAS LAS,19.0,Preliminar
1986-08-01,24020220,PAVAS LAS,21.0,Preliminar
1986-09-01,24020220,PAVAS LAS,164.0,Preliminar
1986-10-01,24020220,PAVAS LAS,457.0,Preliminar
1986-11-01,24020220,PAVAS LAS,230.0,Preliminar
1986-12-01,24020220,PAVAS LAS,95.0,Preliminar
1987-01-01,24020220,PAVAS LAS,124.0,Preliminar
1987-02-01,24020220,PAVAS LAS,77.0,Preliminar
1987-03-01,24020220,PAVAS LAS,77.0,Preliminar
1987-04-01,24020220,PAVAS LAS,49.0,Preliminar
1987-05-01,24020220,PAVAS LAS,45.0,Preliminar
1987-06-01,24020220,PAVAS LAS,65.0,Preliminar
1987-07-01,24020220,PAVAS LAS,13.0,Preliminar
1987-08-01,24020220,PAVAS LAS,18.0,Preliminar
1987-09-01,24020220,PAVAS LAS,161.0,Preliminar
1987-10-01,24020220,PAVAS LAS,379.0,Preliminar
1987-11-01,24020220,PAVAS LAS,230.0,Preliminar
1987-12-01,24020220,PAVAS LAS,87.0,Preliminar
1988-01-01,24020220,PAVAS LAS,103.0,Preliminar
1988-02-01,24020220,PAVAS LAS,111.0,Preliminar
1988-03-01,24020220,PAVAS LAS,120.0,Preliminar
1988-04-01,24020220,PAVAS LAS,279.0,Preliminar
1988-05-01,24020220,PAVAS LAS,228.0,Preliminar
1988-06-01,24020220,PAVAS LAS,133.0,Preliminar
1988-07-01,24020220,PAVAS LAS,117.0,Preliminar
1988-08-01,24020220,PAVAS LAS,203.0,Preliminar
1988-09-01,24020220,PAVAS LAS,196.0,Preliminar
1988-10-01,24020220,PAVAS LAS,202.0,Preliminar
1988-11-01,24020220,PAVAS LAS,449.0,Preliminar
1988-12-01,24020220,PAVAS LAS,204.0,Preliminar
1989-01-01,24020220,PAVAS LAS,78.0,Preliminar
1989-02-01,24020220,PAVAS LAS,191.0,Preliminar
1989-03-01,24020220,PAVAS LAS,327.0,Preliminar
1989-04-01,24020220,PAVAS LAS,62.0,Preliminar
1989-05-01,24020220,PAVAS LAS,201.0,Preliminar
1989-06-01,24020220,PAVAS LAS,13.0,Preliminar
1989-07-01,24020220,PAVAS LAS,78.0,Preliminar
1989-08-01,24020220,PAVAS LAS,83.0,Preliminar
1989-09-01,24020220,PAVAS LAS,179.0,Preliminar
1989-10-01,24020220,PAVAS LAS,140.0,Preliminar
1989-11-01,24020220,PAVAS LAS,180.0,Preliminar
1989-12-01,24020220,PAVAS LAS,119.0,Preliminar
1990-01-01,24020220,PAVAS LAS,157.0,Preliminar
1990-02-01,24020220,PAVAS LAS,179.0,Preliminar
1990-03-01,24020220,PAVAS LAS,189.0,Preliminar
1990-04-01,24020220,PAVAS LAS,284.0,Preliminar
1990-05-01,24020220,PAVAS LAS,77.0,Preliminar
1990-06-01,24020220,PAVAS LAS,20.0,Preliminar
1990-07-01,24020220,PAVAS LAS,31.0,Preliminar
1990-08-01,24020220,PAVAS LAS,43.0,Preliminar
1990-09-01,24020220,PAVAS LAS,118.0,Preliminar
1990-10-01,24020220,PAVAS LAS,240.0,Preliminar
1990-11-01,24020220,PAVAS LAS,212.0,Preliminar
1990-12-01,24020220,PAVAS LAS,160.0,Preliminar
1991-01-01,24020220,PAVAS LAS,46.0,Preliminar
1991-02-01,24020220,PAVAS LAS,115.0,Preliminar
1991-03-01,24020220,PAVAS LAS,349.0,Preliminar
1991-04-01,24020220,PAVAS LAS,173.0,Preliminar
1991-05-01,24020220,PAVAS LAS,187.0,Preliminar
1991-06-01,24020220,PAVAS LAS,33.0,Preliminar
1991-07-01,24020220,PAVAS LAS,43.0,Preliminar
1991-08-01,24020220,PAVAS LAS,11.0,Preliminar
1991-09-01,24020220,PAVAS LAS,92.0,Preliminar
1991-10-01,24020220,PAVAS LAS,135.0,Preliminar
1991-11-01,24020220,PAVAS LAS,200.0,Preliminar
1991-12-01,24020220,PAVAS LAS,164.0,Preliminar
1992-01-01,24020220,PAVAS LAS,66.0,Preliminar
1992-02-01,24020220,PAVAS LAS,104.0,Preliminar
1992-03-01,24020220,PAVAS LAS,95.0,Preliminar
1992-04-01,24020220,PAVAS LAS,207.0,Preliminar
1992-05-01,24020220,PAVAS LAS,155.0,Preliminar
1992-06-01,24020220,PAVAS LAS,42.0,Preliminar
1992-07-01,24020220,PAVAS LAS,12.0,Preliminar
1992-08-01,24020220,PAVAS LAS,61.0,Preliminar
1992-09-01,24020220,PAVAS LAS,126.0,Preliminar
1992-10-01,24020220,PAVAS LAS,65.0,Preliminar
1992-11-01,24020220,PAVAS LAS,221.0,Preliminar
1992-12-01,24020220,PAVAS LAS,161.0,Preliminar
1993-01-01,24020220,PAVAS LAS,136.0,Preliminar
1993-02-01,24020220,PAVAS LAS,77.0,Preliminar
1993-03-01,24020220,PAVAS LAS,182.0,Preliminar
1993-04-01,24020220,PAVAS LAS,268.0,Preliminar
1993-05-01,24020220,PAVAS LAS,259.0,Preliminar
1993-06-01,24020220,PAVAS LAS,3.0,Preliminar
1993-07-01,24020220,PAVAS LAS,31.0,Preliminar
1993-08-01,24020220,PAVAS LAS,20.0,Preliminar
1993-09-01,24020220,PAVAS LAS,190.0,Preliminar
1993-10-01,24020220,PAVAS LAS,393.0,Preliminar
1993-11-01,24020220,PAVAS LAS,372.0,Preliminar
1993-12-01,24020220,PAVAS LAS,98.0,Preliminar
1994-01-01,24020220,PAVAS LAS,92.0,Preliminar
1994-02-01,24020220,PAVAS LAS,315.0,Preliminar
1994-03-01,24020220,PAVAS LAS,336.0,Preliminar
1994-04-01,24020220,PAVAS LAS,195.0,Preliminar
1994-05-01,24020220,PAVAS LAS,173.0,Preliminar
1994-06-01,24020220,PAVAS LAS,66.0,Preliminar
1994-07-01,24020220,PAVAS LAS,34.0,Preliminar
1994-08-01,24020220,PAVAS LAS,11.0,Preliminar
1994-09-01,24020220,PAVAS LAS,155.0,Preliminar
1994-10-01,24020220,PAVAS LAS,240.0,Preliminar
1994-11-01,24020220,PAVAS LAS,285.0,Preliminar
1994-12-01,24020220,PAVAS LAS,114.0,Preliminar
1995-01-01,24020220,PAVAS LAS,106.0,Preliminar
1995-02-01,24020220,PAVAS LAS,59.0,Preliminar
1995-04-01,24020220,PAVAS LAS,205.0,Preliminar
1995-05-01,24020220,PAVAS LAS,159.0,Preliminar
1995-06-01,24020220,PAVAS LAS,155.0,Preliminar
1995-07-01,24020220,PAVAS LAS,112.0,Preliminar
1995-08-01,24020220,PAVAS LAS,193.0,Preliminar
1995-09-01,24020220,PAVAS LAS,94.0,Preliminar
1995-10-01,24020220,PAVAS LAS,397.0,Preliminar
1995-11-01,24020220,PAVAS LAS,137.0,Preliminar
1995-12-01,24020220,PAVAS LAS,147.0,Preliminar
1996-01-01,24020220,PAVAS LAS,137.0,Preliminar
1996-02-01,24020220,PAVAS LAS,156.0,Preliminar
1996-03-01,24020220,PAVAS LAS,258.0,Preliminar
1996-04-01,24020220,PAVAS LAS,195.0,Preliminar
1996-05-01,24020220,PAVAS LAS,284.0,Preliminar
1996-06-01,24020220,PAVAS LAS,96.0,Preliminar
1996-07-01,24020220,PAVAS LAS,102.0,Preliminar
1996-08-01,24020220,PAVAS LAS,113.0,Preliminar
1996-09-01,24020220,PAVAS LAS,75.0,Preliminar
1996-10-01,24020220,PAVAS LAS,353.0,Preliminar
1996-11-01,24020220,PAVAS LAS,160.0,Preliminar
1996-12-01,24020220,PAVAS LAS,156.0,Preliminar
1997-01-01,24020220,PAVAS LAS,271.0,Preliminar
1997-02-01,24020220,PAVAS LAS,346.0,Preliminar
1997-03-01,24020220,PAVAS LAS,344.0,Preliminar
1997-04-01,24020220,PAVAS LAS,402.0,Preliminar
1997-05-01,24020220,PAVAS LAS,500.0,Preliminar
1997-06-01,24020220,PAVAS LAS,58.0,Preliminar
1997-07-01,24020220,PAVAS LAS,10.0,Preliminar
1997-08-01,24020220,PAVAS LAS,26.0,Preliminar
1997-09-01,24020220,PAVAS LAS,138.0,Preliminar
1997-10-01,24020220,PAVAS LAS,135.0,Preliminar
1997-11-01,24020220,PAVAS LAS,213.0,Preliminar
1997-12-01,24020220,PAVAS LAS,56.0,Preliminar
1998-01-01,24020220,PAVAS LAS,95.0,Preliminar
1998-02-01,24020220,PAVAS LAS,135.0,Preliminar
1998-03-01,24020220,PAVAS LAS,273.0,Preliminar
1998-04-01,24020220,PAVAS LAS,333.0,Preliminar
1998-05-01,24020220,PAVAS LAS,248.0,Preliminar
1998-06-01,24020220,PAVAS LAS,29.0,Preliminar
1998-07-01,24020220,PAVAS LAS,46.0,Preliminar
1998-08-01,24020220,PAVAS LAS,133.0,Preliminar
1998-09-01,24020220,PAVAS LAS,190.0,Preliminar
1998-10-01,24020220,PAVAS LAS,270.0,Preliminar
1998-11-01,24020220,PAVAS LAS,248.0,Preliminar
1998-12-01,24020220,PAVAS LAS,247.0,Preliminar
1999-01-01,24020220,PAVAS LAS,261.0,Preliminar
1999-02-01,24020220,PAVAS LAS,366.0,Preliminar
1999-03-01,24020220,PAVAS LAS,196.0,Preliminar
1999-04-01,24020220,PAVAS LAS,317.0,Preliminar
1999-05-01,24020220,PAVAS LAS,133.0,Preliminar
1999-06-01,24020220,PAVAS LAS,101.0,Preliminar
1999-07-01,24020220,PAVAS LAS,63.0,Preliminar
1999-08-01,24020220,PAVAS LAS,159.0,Preliminar
1999-09-01,24020220,PAVAS LAS,185.0,Preliminar
1999-10-01,24020220,PAVAS LAS,271.0,Preliminar
1999-11-01,24020220,PAVAS LAS,295.0,Preliminar
1999-12-01,24020220,PAVAS LAS,240.0,Preliminar
2000-01-01,24020220,PAVAS LAS,174.0,Preliminar
2000-02-01,24020220,PAVAS LAS,207.0,Preliminar
2000-03-01,24020220,PAVAS LAS,141.0,Preliminar
2000-04-01,24020220,PAVAS LAS,185.0,Preliminar
2000-05-01,24020220,PAVAS LAS,143.0,Preliminar
2000-06-01,24020220,PAVAS LAS,199.0,Preliminar
2000-07-01,24020220,PAVAS LAS,130.0,Preliminar
2000-08-01,24020220,PAVAS LAS,0.0,Preliminar
2000-09-01,24020220,PAVAS LAS,249.0,Preliminar
2000-10-01,24020220,PAVAS LAS,197.0,Preliminar
2000-11-01,24020220,PAVAS LAS,335.0,Preliminar
2000-12-01,24020220,PAVAS LAS,91.0,Preliminar
2001-01-01,24020220,PAVAS LAS,34.0,Preliminar
2001-02-01,24020220,PAVAS LAS,92.0,Preliminar
2001-03-01,24020220,PAVAS LAS,227.0,Preliminar
2001-04-01,24020220,PAVAS LAS,110.0,Preliminar
2001-06-01,24020220,PAVAS LAS,55.0,Preliminar
2001-07-01,24020220,PAVAS LAS,58.0,Preliminar
2001-08-01,24020220,PAVAS LAS,0.0,Preliminar
2001-09-01,24020220,PAVAS LAS,180.0,Preliminar
2001-10-01,24020220,PAVAS LAS,240.0,Preliminar
2001-11-01,24020220,PAVAS LAS,147.0,Preliminar
2001-12-01,24020220,PAVAS LAS,302.0,Preliminar
2002-01-01,24020220,PAVAS LAS,10.0,Preliminar
2002-02-01,24020220,PAVAS LAS,92.0,Preliminar
2002-03-01,24020220,PAVAS LAS,321.0,Preliminar
2002-04-01,24020220,PAVAS LAS,427.0,Preliminar
2002-05-01,24020220,PAVAS LAS,263.0,Preliminar
2002-06-01,24020220,PAVAS LAS,111.0,Preliminar
2002-07-01,24020220,PAVAS LAS,54.0,Preliminar
2002-08-01,24020220,PAVAS LAS,17.0,Preliminar
2002-09-01,24020220,PAVAS LAS,72.0,Preliminar
2002-10-01,24020220,PAVAS LAS,221.0,Preliminar
2002-11-01,24020220,PAVAS LAS,159.0,Preliminar
2002-12-01,24020220,PAVAS LAS,132.0,Preliminar
2003-01-01,24020220,PAVAS LAS,59.0,Preliminar
2003-02-01,24020220,PAVAS LAS,137.0,Preliminar
2003-03-01,24020220,PAVAS LAS,381.0,Preliminar
2003-04-01,24020220,PAVAS LAS,506.0,Preliminar
2003-05-01,24020220,PAVAS LAS,177.0,Preliminar
2003-06-01,24020220,PAVAS LAS,95.0,Preliminar
2003-08-01,24020220,PAVAS LAS,85.0,Preliminar
2003-09-01,24020220,PAVAS LAS,144.0,Preliminar
2003-10-01,24020220,PAVAS LAS,489.0,Preliminar
2003-11-01,24020220,PAVAS LAS,382.0,Preliminar
2003-12-01,24020220,PAVAS LAS,95.0,Preliminar
2004-01-01,24020220,PAVAS LAS,214.0,Preliminar
2004-02-01,24020220,PAVAS LAS,132.0,Preliminar
2004-03-01,24020220,PAVAS LAS,211.0,Preliminar
2004-04-01,24020220,PAVAS LAS,334.0,Preliminar
2004-05-01,24020220,PAVAS LAS,313.0,Preliminar
2004-06-01,24020220,PAVAS LAS,12.0,Preliminar
2004-07-01,24020220,PAVAS LAS,44.0,Preliminar
2004-08-01,24020220,PAVAS LAS,2.0,Preliminar
2004-09-01,24020220,PAVAS LAS,286.0,Preliminar
2004-10-01,24020220,PAVAS LAS,315.0,Preliminar
2004-11-01,24020220,PAVAS LAS,263.0,Preliminar
2004-12-01,24020220,PAVAS LAS,138.0,Preliminar
2005-01-01,24020220,PAVAS LAS,265.0,Preliminar
2005-02-01,24020220,PAVAS LAS,263.0,Preliminar
2005-03-01,24020220,PAVAS LAS,92.0,Preliminar
2005-04-01,24020220,PAVAS LAS,228.0,Preliminar
2005-05-01,24020220,PAVAS LAS,270.0,Preliminar
2005-06-01,24020220,PAVAS LAS,94.0,Preliminar
2005-07-01,24020220,PAVAS LAS,87.0,Preliminar
2005-08-01,24020220,PAVAS LAS,68.0,Preliminar
2005-09-01,24020220,PAVAS LAS,119.0,Preliminar
2005-10-01,24020220,PAVAS LAS,356.0,Preliminar
2005-11-01,24020220,PAVAS LAS,238.0,Preliminar
2005-12-01,24020220,PAVAS LAS,122.0,Preliminar
2006-01-01,24020220,PAVAS LAS,166.0,Preliminar
2006-02-01,24020220,PAVAS LAS,108.0,Preliminar
2006-03-01,24020220,PAVAS LAS,385.0,Preliminar
2006-04-01,24020220,PAVAS LAS,285.0,Preliminar
2006-05-01,24020220,PAVAS LAS,288.0,Preliminar
2006-06-01,24020220,PAVAS LAS,120.0,Preliminar
2006-07-01,24020220,PAVAS LAS,35.0,Preliminar
2006-08-01,24020220,PAVAS LAS,63.0,Preliminar
2006-09-01,24020220,PAVAS LAS,35.0,Preliminar
2006-10-01,24020220,PAVAS LAS,291.0,Preliminar
2006-11-01,24020220,PAVAS LAS,186.0,Preliminar
2006-12-01,24020220,PAVAS LAS,136.0,Preliminar
2007-01-01,24020220,PAVAS LAS,282.0,Preliminar
2007-02-01,24020220,PAVAS LAS,79.0,Preliminar
2007-03-01,24020220,PAVAS LAS,315.0,Preliminar
2007-04-01,24020220,PAVAS LAS,265.0,Preliminar
2007-05-01,24020220,PAVAS LAS,186.0,Preliminar
2007-06-01,24020220,PAVAS LAS,37.0,Preliminar
2007-07-01,24020220,PAVAS LAS,82.0,Preliminar
2007-08-01,24020220,PAVAS LAS,181.0,Preliminar
2007-09-01,24020220,PAVAS LAS,118.0,Preliminar
2007-10-01,24020220,PAVAS LAS,474.0,Preliminar
2007-11-01,24020220,PAVAS LAS,206.0,Preliminar
2007-12-01,24020220,PAVAS LAS,250.0,Preliminar
2008-01-01,24020220,PAVAS LAS,185.0,Preliminar
2008-02-01,24020220,PAVAS LAS,186.0,Preliminar
2008-03-01,24020220,PAVAS LAS,235.0,Preliminar
2008-04-01,24020220,PAVAS LAS,336.0,Preliminar
2008-05-01,24020220,PAVAS LAS,246.0,Preliminar
2008-06-01,24020220,PAVAS LAS,151.0,Preliminar
2008-07-01,24020220,PAVAS LAS,82.0,Preliminar
2008-08-01,24020220,PAVAS LAS,254.0,Preliminar
2008-09-01,24020220,PAVAS LAS,372.0,Preliminar
2008-10-01,24020220,PAVAS LAS,399.0,Preliminar
2008-11-01,24020220,PAVAS LAS,284.0,Preliminar
2008-12-01,24020220,PAVAS LAS,130.0,Preliminar
2009-01-01,24020220,PAVAS LAS,123.0,Preliminar
2009-02-01,24020220,PAVAS LAS,229.0,Preliminar
2009-03-01,24020220,PAVAS LAS,358.0,Preliminar
2009-04-01,24020220,PAVAS LAS,190.0,Preliminar
2009-05-01,24020220,PAVAS LAS,108.0,Preliminar
2009-06-01,24020220,PAVAS LAS,83.0,Preliminar
2009-07-01,24020220,PAVAS LAS,0.0,Preliminar
2009-08-01,24020220,PAVAS LAS,94.0,Preliminar
2009-09-01,24020220,PAVAS LAS,51.0,Preliminar
2009-10-01,24020220,PAVAS LAS,167.0,Preliminar
2009-11-01,24020220,PAVAS LAS,265.0,Preliminar
2009-12-01,24020220,PAVAS LAS,84.0,Preliminar
2010-01-01,24020220,PAVAS LAS,74.0,Preliminar
2010-02-01,24020220,PAVAS LAS,63.0,Preliminar
2010-03-01,24020220,PAVAS LAS,66.0,Preliminar
2010-04-01,24020220,PAVAS LAS,239.0,Preliminar
2010-05-01,24020220,PAVAS LAS,221.0,Preliminar
2010-06-01,24020220,PAVAS LAS,99.0,Preliminar
2010-07-01,24020220,PAVAS LAS,286.0,Preliminar
2010-08-01,24020220,PAVAS LAS,168.0,Preliminar
2010-09-01,24020220,PAVAS LAS,281.0,Preliminar
2010-10-01,24020220,PAVAS LAS,313.0,Preliminar
2010-11-01,24020220,PAVAS LAS,369.0,Preliminar
2010-12-01,24020220,PAVAS LAS,94.0,Preliminar
2011-01-01,24020220,PAVAS LAS,54.0,Preliminar
2011-02-01,24020220,PAVAS LAS,186.0,Preliminar
2011-03-01,24020220,PAVAS LAS,365.0,Preliminar
2011-05-01,24020220,PAVAS LAS,248.0,Preliminar
2011-06-01,24020220,PAVAS LAS,133.0,Preliminar
2011-07-01,24020220,PAVAS LAS,55.0,Preliminar
2011-09-01,24020220,PAVAS LAS,94.0,Preliminar
2011-10-01,24020220,PAVAS LAS,459.0,Preliminar
2011-12-01,24020220,PAVAS LAS,167.0,Preliminar
2012-01-01,24020220,PAVAS LAS,171.0,Preliminar
2012-02-01,24020220,PAVAS LAS,25.0,Preliminar
2012-03-01,24020220,PAVAS LAS,297.0,Preliminar
2012-04-01,24020220,PAVAS LAS,352.0,Preliminar
2012-05-01,24020220,PAVAS LAS,115.0,Preliminar
2012-06-01,24020220,PAVAS LAS,77.0,Preliminar
2012-07-01,24020220,PAVAS LAS,27.0,Preliminar
2012-08-01,24020220,PAVAS LAS,162.0,Preliminar
2012-09-01,24020220,PAVAS LAS,28.0,Preliminar
2012-10-01,24020220,PAVAS LAS,307.0,Preliminar
2012-11-01,24020220,PAVAS LAS,113.0,Preliminar
2012-12-01,24020220,PAVAS LAS,91.0,Preliminar
2013-01-01,24020220,PAVAS LAS,79.0,Preliminar
2013-02-01,24020220,PAVAS LAS,164.0,Preliminar
2013-03-01,24020220,PAVAS LAS,207.0,Preliminar
2013-04-01,24020220,PAVAS LAS,323.0,Preliminar
2013-05-01,24020220,PAVAS LAS,211.0,Preliminar
2013-06-01,24020220,PAVAS LAS,26.0,Preliminar
2013-07-01,24020220,PAVAS LAS,0.0,Preliminar
2013-08-01,24020220,PAVAS LAS,153.0,Preliminar
2013-09-01,24020220,PAVAS LAS,82.0,Preliminar
2013-10-01,24020220,PAVAS LAS,323.0,Preliminar
2013-11-01,24020220,PAVAS LAS,419.0,Preliminar
2013-12-01,24020220,PAVAS LAS,158.0,Preliminar
2014-01-01,24020220,PAVAS LAS,99.0,Preliminar
2014-02-01,24020220,PAVAS LAS,429.0,Preliminar
2014-03-01,24020220,PAVAS LAS,276.0,Preliminar
2014-04-01,24020220,PAVAS LAS,346.5,Preliminar
2014-05-01,24020220,PAVAS LAS,266.0,Preliminar
2014-06-01,24020220,PAVAS LAS,63.0,Preliminar
2014-07-01,24020220,PAVAS LAS,10.0,Preliminar
2014-08-01,24020220,PAVAS LAS,15.0,Preliminar
2014-09-01,24020220,PAVAS LAS,132.0,Preliminar
2014-10-01,24020220,PAVAS LAS,257.0,Preliminar
2014-11-01,24020220,PAVAS LAS,232.0,Preliminar
2014-12-01,24020220,PAVAS LAS,209.0,Preliminar
2015-01-01,24020220,PAVAS LAS,159.0,Preliminar
2015-02-01,24020220,PAVAS LAS,97.0,Preliminar
2015-03-01,24020220,PAVAS LAS,473.0,Preliminar
2015-04-01,24020220,PAVAS LAS,483.0,Preliminar
2015-05-01,24020220,PAVAS LAS,33.0,Preliminar
2015-06-01,24020220,PAVAS LAS,23.0,Preliminar
2015-07-01,24020220,PAVAS LAS,2.0,Preliminar
2015-10-01,24020220,PAVAS LAS,73.4,Preliminar
2017-04-01,24020220,PAVAS LAS,392.0,Preliminar
2017-05-01,24020220,PAVAS LAS,323.0,Preliminar
2017-06-01,24020220,PAVAS LAS,270.0,Preliminar
2017-07-01,24020220,PAVAS LAS,102.0,Preliminar
2017-08-01,24020220,PAVAS LAS,74.0,Preliminar
2017-09-01,24020220,PAVAS LAS,66.0,Preliminar
2017-10-01,24020220,PAVAS LAS,197.0,Preliminar
2017-11-01,24020220,PAVAS LAS,388.0,Preliminar
2017-12-01,24020220,PAVAS LAS,185.0,Preliminar
2018-01-01,24020220,PAVAS LAS,169.0,Preliminar
2018-02-01,24020220,PAVAS LAS,108.0,Preliminar
2018-03-01,24020220,PAVAS LAS,267.0,Preliminar
2018-04-01,24020220,PAVAS LAS,240.0,Preliminar
2018-05-01,24020220,PAVAS LAS,0.0,Preliminar
2018-06-01,24020220,PAVAS LAS,15.0,Preliminar
2018-07-01,24020220,PAVAS LAS,44.0,Preliminar
2018-08-01,24020220,PAVAS LAS,20.0,Preliminar
2018-09-01,24020220,PAVAS LAS,173.0,Preliminar
2018-10-01,24020220,PAVAS LAS,415.0,Preliminar
2018-11-01,24020220,PAVAS LAS,243.0,Preliminar
2018-12-01,24020220,PAVAS LAS,36.0,Preliminar
2019-01-01,24020220,PAVAS LAS,78.0,Preliminar
2019-02-01,24020220,PAVAS LAS,239.0,Preliminar
2019-03-01,24020220,PAVAS LAS,401.0,Preliminar
2019-04-01,24020220,PAVAS LAS,228.0,Preliminar
2019-05-01,24020220,PAVAS LAS,208.0,Preliminar
2019-06-01,24020220,PAVAS LAS,12.0,Preliminar
2019-07-01,24020220,PAVAS LAS,0.0,Preliminar
2019-08-01,24020220,PAVAS LAS,22.0,Preliminar
2019-09-01,24020220,PAVAS LAS,94.0,Preliminar
2019-10-01,24020220,PAVAS LAS,173.0,Preliminar
2019-11-01,24020220,PAVAS LAS,250.0,Preliminar
2019-12-01,24020220,PAVAS LAS,77.0,Preliminar
2020-01-01,24020220,PAVAS LAS,29.0,Preliminar
2020-02-01,24020220,PAVAS LAS,109.0,Preliminar
2020-03-01,24020220,PAVAS LAS,394.0,Preliminar
2020-04-01,24020220,PAVAS LAS,231.0,Preliminar
2020-05-01,24020220,PAVAS LAS,153.8,Preliminar
2020-06-01,24020220,PAVAS LAS,80.0,Preliminar
2020-07-01,24020220,PAVAS LAS,80.0,Preliminar
2020-08-01,24020220,PAVAS LAS,113.0,Preliminar
2020-09-01,24020220,PAVAS LAS,221.0,Preliminar
2020-10-01,24020220,PAVAS LAS,138.0,Preliminar
2020-11-01,24020220,PAVAS LAS,383.0,Preliminar
2020-12-01,24020220,PAVAS LAS,150.0,Preliminar
2021-01-01,24020220,PAVAS LAS,20.0,Preliminar
2021-02-01,24020220,PAVAS LAS,182.0,Preliminar
2021-03-01,24020220,PAVAS LAS,252.0,Preliminar
2021-04-01,24020220,PAVAS LAS,259.0,Preliminar
2021-05-01,24020220,PAVAS LAS,209.0,Preliminar
2021-06-01,24020220,PAVAS LAS,139.0,Preliminar
2021-07-01,24020220,PAVAS LAS,60.0,Preliminar
2021-08-01,24020220,PAVAS LAS,131.0,Preliminar
2021-09-01,24020220,PAVAS LAS,97.0,Preliminar
2021-10-01,24020220,PAVAS LAS,266.0,Preliminar
2021-11-01,24020220,PAVAS LAS,178.0,Preliminar
2021-12-01,24020220,PAVAS LAS,116.0,Preliminar
2022-01-01,24020220,PAVAS LAS,61.0,Preliminar
2022-02-01,24020220,PAVAS LAS,169.0,Preliminar
2022-03-01,24020220,PAVAS LAS,215.0,Preliminar
2022-04-01,24020220,PAVAS LAS,246.5,Preliminar
2022-05-01,24020220,PAVAS LAS,159.0,Preliminar
2022-06-01,24020220,PAVAS LAS,333.0,Preliminar
2022-07-01,24020220,PAVAS LAS,71.0,Preliminar
2022-08-01,24020220,PAVAS LAS,106.0,Preliminar
2022-09-01,24020220,PAVAS LAS,151.0,Preliminar
2022-10-01,24020220,PAVAS LAS,404.0,Preliminar
2022-11-01,24020220,PAVAS LAS,344.0,Preliminar
2022-12-01,24020220,PAVAS LAS,139.0,Preliminar
