,PI,PL,Q,ETP,T MSWX,T ERA5
1998-01,49.89,68.83333333333333,34.74044167043857,108.9706,18.596549999999997,16.697741935483872
1998-02,121.08,135.88333333333333,49.51511542034925,99.20270000000001,18.312083333333334,16.293892857142858
1998-03,158.29,240.51666666666665,81.42104485789837,112.6826,18.334209677419356,16.263709677419357
1998-06,197.62,133.91666666666666,88.94196345617839,106.5117,16.673016666666665,14.8423
1998-07,230.09,182.0,83.20350668223075,111.67999999999999,16.693193548387097,14.583516129032258
1998-08,208.28,216.78333333333333,95.61899135240728,114.1062,16.811774193548384,14.873548387096774
1998-09,211.26,231.5,103.98821123132055,110.721,16.857357142857143,14.765766666666668
1998-10,300.85,420.68333333333334,199.853900945756,109.3272,16.98858064516129,14.719193548387098
1998-11,188.53,242.51666666666665,172.4212783190795,89.9231,16.942766666666667,14.408366666666666
1998-12,139.8,252.45000000000002,170.08720013340638,92.4195,16.705370967741935,14.079451612903226
1999-01,115.56,206.26666666666668,109.92808442718632,97.3345,16.527774193548385,14.170612903225805
1999-02,225.02,354.9666666666667,179.1888700955285,88.3506,16.02342857142857,13.926107142857143
1999-03,143.73,257.03333333333336,156.17329489958786,111.5759,16.746016129032256,14.320774193548388
1999-04,251.13,290.15,169.3421063915954,104.5942,16.97478333333333,14.3932
1999-05,206.66,237.16666666666666,159.64779188603282,109.7582,16.719816666666667,14.40974193548387
1999-06,223.14,275.6333333333333,109.67285894656598,99.5476,16.2475,14.0807
1999-07,174.35,151.63333333333333,87.56968543998583,109.8995,16.355464285714284,14.00267741935484
1999-08,182.79,218.11666666666665,93.45506348714773,112.0423,16.05201851851852,13.943967741935483
1999-10,302.14,307.25,191.22549113512898,103.765,16.28289655172414,13.843935483870967
1999-11,257.0,310.5,214.4149546590785,90.7272,16.412137931034483,13.989166666666668
1999-12,146.82,221.68333333333337,139.5126283440932,87.2229,16.272232142857142,13.855419354838709
2000-01,79.34,115.91666666666667,76.15187364509136,89.8365,15.466354838709677,13.307129032258064
2000-02,161.07,227.23333333333335,88.18040355432737,95.6844,15.725862068965517,13.71751724137931
2000-03,157.68,189.23333333333335,121.87456743553325,110.4717,16.557741379310347,14.18874193548387
2000-04,209.98,297.6333333333334,114.00463519138032,109.7133,17.392517857142856,14.5389
2000-06,252.21,232.88333333333335,114.92386060346676,100.1399,16.580948275862067,14.2326
2000-07,211.98,183.51666666666665,85.49142081207737,108.6173,16.746410714285712,13.99683870967742
2000-08,218.57,167.46,63.145518464192975,117.2763,16.644785714285714,14.254451612903225
2000-11,207.22,221.48333333333335,136.2251300882456,90.6259,16.527482142857142,13.9811
2001-01,52.28,100.76,52.452952807489815,103.9992,16.447870967741935,14.373
2001-02,52.31,103.56666666666666,43.30600090525764,100.7156,16.519767857142856,14.4975
2001-04,165.85,197.23333333333332,69.30342126130296,114.1189,17.28675,14.890733333333333
2001-05,271.04,274.86,119.42273694097788,107.36789999999999,16.794625,14.587064516129033
2001-06,200.07,144.5666666666667,96.19942349381805,104.667,16.591966666666668,14.2598
2001-07,238.1,154.5,63.06950949329395,108.9225,16.723129032258065,14.140967741935484
2001-08,169.33,124.25,47.126150034542725,121.1232,17.054193548387094,14.737709677419355
2001-09,229.21,217.3166666666667,66.73734664220883,108.63929999999999,16.647733333333335,14.190666666666667
2001-10,291.1,321.43333333333334,145.89017795459418,107.5912,17.376483870967743,14.627483870967742
2001-11,185.29,251.69999999999996,142.5310813064297,93.9064,17.06645,14.374266666666667
2001-12,149.22,218.39999999999998,128.52661219239107,93.9456,17.454693548387098,14.782741935483871
2002-01,39.23,62.26666666666667,49.703104080806156,106.6133,16.880306451612903,14.738290322580646
2002-02,56.59,72.78333333333335,45.866488791481046,101.7654,17.362732142857144,15.212321428571428
2002-03,208.31,229.39999999999998,102.76942134978678,117.12480000000001,17.704822580645164,15.248806451612904
2002-04,246.67,389.63333333333327,196.50715391762157,102.3616,17.22755,14.464933333333333
2002-05,219.63,259.3666666666667,138.43512399647426,107.33879999999999,17.403951612903228,14.812193548387096
2002-06,195.01,182.4333333333333,136.78027491245206,103.24549999999999,16.576766666666668,14.451633333333332
2002-07,147.9,109.36666666666667,64.95900135788646,114.5681,17.31008064516129,14.665870967741935
2002-08,161.41,169.95000000000002,52.03306572646925,118.7992,17.359387096774192,14.844225806451613
2002-09,191.94,208.21666666666667,78.99228625199514,115.3362,17.20795,14.768400000000002
2002-10,176.68,241.88333333333333,107.8080663220335,109.2142,17.034209677419355,14.652
2002-11,149.68,212.19999999999996,104.44485313385901,100.1033,17.16081666666667,14.3856
2002-12,107.7,198.20000000000002,92.87737570574362,100.2902,17.585645161290323,15.223709677419356
2003-01,14.8,41.78333333333334,43.2771851251876,108.6128,17.631354838709676,15.751387096774193
2003-02,90.83,113.84,37.501679491149915,99.9869,17.685285714285715,15.660642857142857
2003-03,168.83,212.08333333333334,69.62976487123902,116.2047,17.6205,15.50116129032258
2003-04,259.23,360.6166666666666,156.93897134144888,106.7124,17.5987,14.914266666666666
2003-05,217.41,276.35,115.22110318212026,110.0614,17.42858620689655,14.960193548387098
2003-06,224.62,219.01666666666668,113.50725763742416,100.2052,16.466115384615385,14.326233333333333
2003-07,165.78,139.5,68.55356409462325,110.3785,16.700383333333335,14.262064516129033
2003-08,160.45,228.44999999999996,81.87386425899898,116.4941,16.84348387096774,14.471032258064515
2003-09,227.05,271.03333333333336,97.94130799519463,108.7575,16.47944642857143,14.2952
2003-10,264.81,394.4166666666667,199.0142687333704,104.0019,16.800620689655172,14.429193548387097
2003-11,203.5,354.63333333333327,168.7410915501346,96.5486,17.02776666666667,14.4466
2003-12,134.46,138.54999999999998,131.35055863925484,97.48949999999999,16.782790322580645,14.434064516129032
2004-01,57.53,134.98,71.50429997379517,95.0894,16.671193548387098,14.678967741935484
2004-02,73.18,118.58333333333333,44.014045786978585,107.29560000000001,17.172224137931035,15.360379310344829
2004-03,131.53,178.96666666666667,55.88614717583439,118.96340000000001,17.981725806451614,15.673193548387097
2004-04,236.49,347.3833333333334,151.95795792934226,105.1594,16.96685,14.8304
2004-05,321.45,387.1666666666667,199.7007372674527,104.8617,16.87644827586207,14.711258064516128
2004-06,166.51,128.58333333333334,78.83997427162494,110.4412,16.339033333333333,14.660533333333332
2004-07,178.02,168.75,64.0163136955952,110.3346,15.971370967741937,14.073064516129032
2004-08,149.91,115.11666666666667,50.114758081806706,121.6361,16.20964516129032,14.495838709677418
2004-09,260.38,278.9666666666667,95.8618672129976,109.1728,15.956833333333332,14.229266666666666
2004-10,275.05,310.54,144.4576220311123,104.85079999999999,16.65374193548387,14.341290322580644
2004-11,207.6,282.38,202.0192009910189,92.7764,17.058433333333333,14.422433333333334
2004-12,81.12,138.62857142857143,105.08291683540986,96.4566,16.706032258064514,14.406483870967742
2005-01,125.31,206.81428571428572,96.20354003382805,95.9216,16.507403225806453,14.415096774193549
2005-02,136.77,203.08333333333334,102.7421302141649,92.7705,17.37224074074074,15.413749999999999
2005-03,95.8,135.25714285714284,61.93618344364278,119.213,17.769189655172415,15.77741935483871
2005-05,283.07,253.94999999999996,152.9020650881887,105.6839,17.194241379310345,14.814
2005-06,207.25,166.15714285714284,99.81580389260786,106.6156,16.640625,14.742833333333333
2005-07,151.54,156.81666666666666,75.51271219953784,113.5784,17.013766666666665,14.59032258064516
2005-08,172.89,141.21428571428572,64.42385115658576,116.04509999999999,16.436370967741933,14.480483870967742
2005-09,159.56,164.0,70.24083884764734,114.1539,16.363403846153847,14.8209
2005-10,318.3,374.15000000000003,205.13953831860306,105.8839,16.348693548387097,14.303838709677418
2005-11,253.79,307.1714285714285,208.65369130714438,89.6466,16.498574074074075,14.129
2005-12,105.43,114.2857142857143,102.91761679014698,93.2228,16.321870967741937,14.02067741935484
2006-02,61.59,65.04285714285714,48.32488648545632,97.9728,16.742375,15.174035714285713
2006-03,214.47,300.4428571428572,142.09225814136312,108.29260000000001,16.556532258064514,14.434870967741935
2006-04,256.49,355.09999999999997,177.1544760225838,103.1047,16.579500000000003,14.373766666666667
2006-05,269.8,338.6666666666667,221.7114934368821,105.8642,16.705693548387096,14.59058064516129
2006-06,247.22,209.45000000000002,142.8352936131691,101.496,16.04815,14.2658
2006-07,173.61,108.58333333333333,66.82420563641995,109.8188,16.421209677419355,14.405
2006-08,174.29,195.29999999999998,60.91985230006909,119.3616,16.42806451612903,14.666419354838709
2006-09,175.22,181.54999999999998,70.49862924935083,116.1175,16.319833333333335,14.6826
2006-10,298.46,343.9666666666667,158.89803273221048,104.8922,16.80608064516129,14.545645161290324
2006-11,224.94,332.78333333333336,190.37556757271838,93.916,16.482233333333333,14.264033333333334
2006-12,118.83,196.04999999999998,145.5888472258618,96.54429999999999,16.40874193548387,14.459193548387097
2007-01,66.1,169.21666666666667,82.62595611882698,104.8151,16.885693548387096,15.19658064516129
2007-02,37.75,56.38333333333333,36.82944850751602,105.2726,16.786142857142856,15.200071428571428
2007-03,222.87,330.65,101.41631464849799,113.276,16.77516129032258,14.989645161290321
2007-04,237.54,334.6333333333334,157.50458393882366,106.3071,17.131500000000003,14.872766666666667
2007-05,262.49,317.93333333333334,167.29248112061367,105.7032,16.609048387096774,14.585612903225806
2007-06,177.47,153.25,112.29591824094148,104.3318,16.194499999999998,14.372066666666665
2007-07,180.74,219.9,88.21704076041642,113.77459999999999,16.323951612903226,14.265322580645162
2007-08,217.35,248.73333333333335,102.52983872120447,109.9612,15.875870967741935,14.12348387096774
2007-09,182.22,201.16666666666666,98.56190580556019,113.6857,15.97625,14.339433333333334
2007-10,327.35,417.1333333333334,207.01668056316555,103.4404,16.094758064516128,14.069
2007-11,158.84,220.63333333333333,152.84260237749243,96.5283,16.604599999999998,14.387866666666667
2007-12,134.18,215.46666666666667,128.93661957738763,91.1035,15.689580645161291,13.763709677419355
2008-01,90.81,121.81666666666668,94.72405555423208,96.5091,16.139451612903226,14.147032258064517
2008-02,108.83,137.0,67.2394882912071,96.3869,16.050833333333333,14.117586206896553
2008-06,234.37,207.78571428571428,120.68951165565026,101.3439,16.02073076923077,14.079766666666668
2008-07,196.59,197.37142857142857,107.70735304144388,105.2174,16.163637931034483,13.960806451612903
2008-08,238.37,253.37142857142857,128.6060614145842,110.1023,16.067693548387098,14.129000000000001
2008-09,201.71,237.68571428571428,120.76569931152773,112.4302,16.286466666666666,14.409533333333334
2008-10,270.52,297.57142857142856,162.99975319817995,107.2855,16.472620689655173,14.272806451612903
2008-11,260.3,293.3428571428571,180.94869094980584,86.5606,16.47995,14.2082
2008-12,77.73,94.07142857142856,101.18126021392668,88.6715,16.232935483870968,14.043354838709677
2009-01,110.16,152.6142857142857,98.29062581890082,97.1764,16.304,14.210451612903226
2009-02,117.43,209.6142857142857,114.76131405293374,95.2845,16.35298214285714,14.33717857142857
2009-04,197.14,235.12857142857143,142.06527897145142,107.3076,17.11244230769231,14.9391
2009-06,208.18,166.16666666666669,95.9441980131977,103.932,16.35435,14.531533333333332
2009-07,161.26,110.92,56.92722014436477,113.5831,16.790548387096774,14.604129032258065
2009-08,193.54,252.6,92.37721609452795,116.51769999999999,16.87717741935484,14.692064516129033
2009-09,121.16,109.88571428571429,66.87772065655001,121.4145,17.323483333333336,15.2008
2009-10,211.03,215.8,75.25195683350407,108.1972,17.035983333333334,14.821225806451613
2009-11,174.76,203.52857142857144,148.78081234962002,98.8237,17.513333333333332,14.866066666666667
2009-12,82.64,117.64285714285714,62.56687995807227,100.4971,17.03248387096774,15.017387096774193
2010-01,31.1,70.74999999999999,33.528395073492625,112.8877,17.523177419354838,15.814774193548386
2010-02,75.28,86.58571428571429,30.27262357957929,107.9568,18.535214285714286,16.5855
2010-03,138.2,178.72857142857143,51.994781904376204,120.9724,18.499596774193545,16.28674193548387
2010-04,246.35,264.9142857142857,105.82801057722085,106.2763,18.188116666666666,15.457066666666666
2010-05,312.81,299.17142857142863,149.61317673964314,104.3128,17.760725806451614,15.330645161290322
2010-06,229.12,273.7,125.40051170879293,100.6503,16.87845,14.524400000000002
2010-07,300.34,310.22857142857146,177.31913762298402,98.8211,16.62858064516129,14.22383870967742
2010-08,239.69,221.57142857142858,130.51737094122973,110.2604,16.493532258064516,14.338903225806451
2010-09,267.97,327.8285714285715,205.85005312432997,104.2084,16.519083333333334,14.331700000000001
2010-10,264.71,323.2571428571428,206.44210763036904,103.6994,16.807983333333333,14.301806451612903
2010-11,278.51,331.1857142857143,244.23289929706988,85.1412,16.844758620689653,13.858666666666666
2010-12,171.01,131.42857142857142,161.89528551349548,86.9516,16.56890322580645,13.74441935483871
2011-01,66.72,80.75714285714287,70.15901469852538,98.4012,16.799306451612903,14.293967741935484
2011-02,131.99,180.2571428571429,78.76134835743383,93.5357,16.614642857142858,14.32267857142857
2011-03,207.12,326.2285714285714,182.9563275126855,103.6132,16.42367741935484,13.846516129032258
2011-04,375.08,445.0666666666666,278.95824856469017,98.3045,17.245925925925924,14.339966666666667
2011-05,313.45,301.15714285714284,231.4621653354388,102.7943,17.165892857142858,14.41825806451613
2011-06,188.9,175.71428571428572,120.93937156061654,103.2175,16.985111111111113,14.520299999999999
2011-07,163.52,122.84285714285714,76.82244429092121,107.4602,16.596166666666665,14.229967741935484
2011-08,183.85,220.73333333333332,87.92311980370204,117.0842,16.808999999999997,14.417516129032258
2011-09,171.55,187.58571428571426,89.49028658551111,112.5482,16.7363,14.440900000000001
2011-10,260.78,356.73333333333335,231.55771773212422,94.4929,16.483741379310345,13.865290322580645
2011-11,283.33,332.41999999999996,189.59219000881436,87.7107,16.639566666666667,13.893066666666668
2011-12,163.65,226.01666666666665,223.8179269600019,90.8161,17.006193548387095,14.204290322580645
2012-01,73.6,159.04285714285714,121.25515591871739,94.2656,16.626064516129034,14.205096774193548
2012-02,60.43,66.28571428571429,57.66655073016175,98.8135,16.480793103448274,14.276517241379311
2012-03,236.37,276.8285714285715,87.149210281821,110.8646,16.85633870967742,14.319322580645162
2012-04,320.78,410.4857142857142,234.68943469042568,99.1885,16.726222222222223,14.211333333333332
2012-05,213.61,240.41428571428568,193.37626452581173,108.4076,16.859583333333333,14.399451612903226
2012-06,147.61,133.70000000000002,75.93452033256307,108.5419,16.193933333333334,14.3074
2012-07,186.76,113.85714285714286,60.03603115992091,110.4877,16.46175806451613,14.349483870967742
2012-08,189.14,192.8,104.46090763989804,112.4371,16.358596774193547,14.33758064516129
2012-09,164.06,150.47142857142856,57.36316173142435,114.96,16.235766666666667,14.423566666666666
2012-11,114.44,156.70000000000002,76.20808024907413,96.4089,17.134384615384615,14.6718
2012-12,90.21,107.51428571428572,59.534746361102506,96.7212,16.876766666666665,14.569548387096775
2013-02,176.73,226.44285714285712,74.43231255211188,92.93769999999999,16.99664,14.96942857142857
2013-03,188.24,238.9,90.93025228101104,116.345,17.69508064516129,15.43474193548387
2013-05,286.17,328.24285714285713,171.08204009913476,101.01689999999999,17.269224137931033,14.66541935483871
2013-06,179.75,91.14285714285714,64.87723835630842,104.794,16.67453448275862,14.655766666666667
2013-07,102.82,97.22,45.99383182744573,112.2608,16.71201724137931,14.419290322580645
2013-08,209.06,193.51666666666668,73.62771067571488,111.4274,16.657155172413795,14.451161290322581
2013-09,186.28,146.82857142857142,68.64536293684637,113.1235,16.5809,14.5487
2013-11,210.7,269.44,142.98755985420587,91.2224,16.6432962962963,14.219
2013-12,124.68,166.36,111.37587154870525,97.332,16.632596774193548,14.412806451612903
2014-01,65.51,111.32857142857142,70.95350692045645,98.9656,16.956709677419354,14.931354838709678
2014-04,156.24,267.6,92.22838734032008,113.7898,17.778269230769233,15.2576
2014-06,157.44,91.64285714285714,55.818153290841536,105.1944,17.003034482758622,15.070133333333333
2014-08,155.53,140.28571428571428,53.17121552959274,116.0004,16.44075,14.57106451612903
2014-09,187.57,170.12857142857143,50.04462988235054,114.4415,16.674625,14.691266666666667
2015-01,115.48,108.70000000000002,40.058874145365316,107.5705,16.680935483870968,14.781806451612903
2015-02,132.53,139.17142857142855,59.29471091311909,96.0414,17.125104166666667,15.0375
2015-03,179.35,284.3285714285714,90.51434942264301,112.3655,17.333035714285714,15.018225806451612
2015-04,260.64,363.87142857142857,164.15114943897848,110.2128,17.215980769230768,14.963466666666667
2015-05,147.89,136.1,58.66593991947972,112.9796,17.56737037037037,15.186483870967741
2016-01,56.69,35.88000000000001,29.230027491245206,102.4139,17.666774193548385,15.995774193548389
2016-02,77.52,58.96,29.43494885294328,101.8705,18.26058620689655,16.26213793103448
2016-03,141.37,141.78,51.20625866545966,117.0686,18.637822580645164,16.45983870967742
2016-04,269.37,265.75,100.02023126950473,107.4051,17.961216666666665,15.798866666666667
2016-05,262.39,264.5,117.1285715510875,107.0787,17.549112903225808,15.259129032258064
2016-06,128.22,122.24000000000001,67.33655020606523,106.0169,16.743383333333334,14.6932
2016-07,166.89,149.56,63.26689758677371,108.81,16.869870967741935,14.54667741935484
2016-09,145.54,181.04000000000002,49.206278866998595,112.268,16.701666666666668,14.774966666666668
2016-10,215.24,277.64,111.71112256712009,104.9294,17.039322580645162,14.848967741935484
2016-11,179.37,274.48,159.31878428663316,92.6902,16.996866666666666,14.775666666666666
2016-12,153.08,166.66000000000003,136.68876422802964,92.1081,16.990435483870968,14.560870967741936
2017-01,73.79,78.7,78.11756692375874,97.0186,16.78303448275862,14.522419354838709
2017-02,95.28,64.12,40.32356766800867,102.0186,16.89169642857143,14.997107142857143
2017-03,251.78,336.0,151.78872696953093,105.7128,16.726516129032255,14.570806451612903
2017-04,265.91,296.95,135.32655997331872,110.1499,17.265983333333335,15.308466666666668
2017-05,264.5,315.8,182.50379626938562,106.3535,17.275274193548388,15.135
2017-06,206.46,263.0333333333333,133.39512056602425,99.6453,16.769116666666665,14.8786
2017-07,137.42,158.0,94.85722562355576,108.9991,17.04635483870968,14.684967741935484
2017-08,245.91,155.86666666666665,68.93570250375205,115.717,16.675048387096776,14.889870967741937
2017-09,195.01,184.83333333333334,76.70336651023179,111.5746,16.6096,14.951633333333332
2017-10,236.22,225.48333333333335,100.51545103270838,106.1651,16.762725806451613,14.871032258064517
2017-11,200.58,241.7166666666666,132.41435490864043,95.5383,17.163016666666667,14.943666666666667
2017-12,119.07,145.3,80.87655011077494,99.4981,16.84243548387097,14.860451612903224
2018-01,113.33,154.11666666666665,77.82401219715558,99.5155,16.64233870967742,14.560774193548388
2018-02,77.79,71.15,43.55200533625557,96.5444,17.104767857142857,15.103785714285715
2018-03,256.62,274.74999999999994,79.07918641160636,118.4525,17.16414516129032,15.20816129032258
2018-04,259.19,291.90000000000003,165.9706189580008,102.455,16.52306666666667,14.484066666666667
2018-05,310.2,394.84999999999997,236.5995778640684,101.4311,16.689129032258066,14.621870967741936
2018-06,126.92,141.28333333333333,110.37337056006861,103.6115,16.358666666666668,14.604466666666667
2018-07,190.8,156.98333333333332,88.70028139219096,111.4235,17.068177419354836,14.774032258064516
2018-08,114.97,121.11666666666667,68.38540343521453,119.4465,16.48332258064516,14.66683870967742
2018-09,194.75,189.79999999999998,70.63056435667151,110.9745,16.615666666666666,14.741166666666667
2018-10,320.82,365.55,207.33093722752935,101.0537,17.131145161290323,14.665870967741935
2018-11,203.37,206.79999999999998,174.19859446839936,93.9667,17.22955,14.8794
2018-12,54.21,70.44,68.84538561593253,105.9479,16.97088709677419,15.080258064516128
2019-01,65.36,87.94285714285714,44.65832546394454,108.0387,17.132209677419354,15.312806451612904
2019-02,130.41,225.3,71.1451318579222,99.3929,17.77555357142857,16.04585714285714
2019-03,246.51,320.9,142.42256931176598,111.1878,17.651887096774193,15.561064516129031
2019-04,260.66,307.9428571428571,201.71951687829048,105.3121,17.721816666666665,15.487
2019-05,269.29,288.7714285714286,147.3360714677085,105.6789,17.381693548387098,15.272935483870969
2019-06,150.5,83.62857142857142,98.11106234366439,104.9867,17.503466666666668,15.303866666666666
2019-07,128.07,157.41666666666666,63.33547914334041,112.77289999999999,17.209274193548385,14.996451612903225
2019-08,142.18,111.37142857142855,53.858874717106985,118.1415,16.615709677419353,14.760096774193547
2019-09,161.14,213.4714285714286,63.25113123853538,113.5671,16.9165,15.123333333333333
2019-10,259.77,229.09999999999997,109.52738042261238,104.719,16.47006451612903,14.505225806451612
2019-11,231.31,198.21428571428572,124.88174533673201,94.7251,16.99935,14.9212
2019-12,134.73,150.82857142857145,71.78768258808395,100.1121,17.093096774193548,15.131967741935485
2020-01,85.99,69.28571428571428,39.4450980298735,108.5983,17.175661290322584,15.241645161290322
2020-02,95.76,62.2,34.01595807227768,105.91040000000001,17.705293103448273,15.982551724137933
2020-03,219.59,241.37142857142857,66.83161540843795,112.5864,17.269983870967742,15.329870967741936
2020-04,166.01,228.17142857142858,101.45822102579984,109.9517,17.543166666666664,15.368699999999999
2020-05,212.78,213.34285714285716,94.42453610310407,109.764,18.012725806451613,15.777806451612904
2020-06,184.52,222.20000000000002,120.95049079257689,101.678,16.835150000000002,14.834066666666667
2020-07,178.6,172.22857142857143,90.92597107940063,105.4255,16.9941935483871,14.496677419354839
2020-08,150.12,183.41428571428568,97.63247340210116,110.8326,17.003935483870965,14.837741935483871
2020-09,162.79,190.04285714285717,84.45098296686281,108.8209,16.403816666666668,14.553799999999999
2020-10,217.65,278.7857142857143,104.81661786216262,106.2785,16.544645161290322,14.430709677419355
2020-11,253.83,356.14285714285705,203.11630006908544,90.3537,16.854366666666667,14.5033
2020-12,128.63,133.6285714285714,94.18680591752627,96.1504,16.67658064516129,14.520548387096774
2021-01,36.76,29.942857142857147,47.8571652095195,107.199,16.88232258064516,14.873903225806451
2021-02,146.18,138.34285714285716,41.41416261285942,99.2845,16.826821428571428,15.21267857142857
2021-03,200.07,312.9857142857143,129.21629730566738,107.2847,16.34591935483871,14.335645161290323
2021-04,204.96,240.91428571428574,138.97961874359768,105.4859,17.1007,14.6958
2021-05,278.68,303.3142857142857,194.8906298210925,103.39020000000001,17.14516129032258,14.735548387096776
2021-06,219.96,153.07142857142858,121.8562530909784,100.3113,16.443416666666668,14.337866666666667
2021-07,182.71,158.74285714285716,85.40696705338638,109.4478,17.121241935483873,14.482645161290323
2021-08,213.17,223.4,104.53685780308264,109.3169,16.583725806451614,14.413806451612903
2021-09,197.38,246.5,111.18017123662959,108.8965,16.52965,14.534366666666667
2021-10,271.82,274.5,133.8155427972461,106.7428,17.10167741935484,14.653129032258065
2021-11,185.74,193.22857142857143,117.14376158372443,94.143,16.915233333333333,14.491033333333332
2021-12,127.32,129.38333333333333,87.38512918979441,96.5215,16.925629032258062,14.771774193548387
2022-01,81.59,52.06666666666666,52.825170355194516,98.4466,16.68883870967742,14.617483870967742
2022-02,198.4,161.28571428571428,72.77157681587536,91.0089,16.413857142857143,14.438107142857143
2022-03,202.44,334.90000000000003,156.70469904947947,106.656,16.812080645161288,14.491741935483871
2022-04,291.54,276.8285714285715,162.31327898611144,102.4185,16.767433333333333,14.724733333333335
2022-05,354.74,276.90000000000003,165.39467384520094,103.0614,17.284387096774193,14.83174193548387
2022-10,275.17,338.75714285714287,260.9503528122543,104.6778,16.56367741935484,14.362516129032258
2022-11,249.65,340.4428571428572,299.7936950234652,89.5796,16.866633333333333,14.400366666666667
2022-12,111.06,127.53333333333332,152.62685451556806,95.1848,16.576387096774194,14.448290322580645
